barcode,brand,product_name,match_source,confidence,price_sgd,currency_or_date_seen,listing_url,review_note
8809213807343,bbi@,Last Auto Gel Eyeliner 2025 Version #01 Noir,none,,,,,
8809213807350,bbi@,Last Auto Gel Eyeliner 2025 Version #02 Jazz,none,,,,,
8809213807367,bbi@,Last Auto Gel Eyeliner 2025 Version #03 Rose Brown,none,,,,,
8809213807374,bbi@,Last Auto Gel Eyeliner 2025 Version #04 Mellow Brown,none,,,,,
8809871387249,bbi@,Last Auto Gel Eyeliner 2025 Version #21 Mute Brown,none,,,,,
8809213807381,bbi@,Last Auto Gel Eyeliner 2025 Version #05 Soul Brown,none,,,,,
8809213807398,bbi@,Last Auto Gel Eyeliner 2025 Version #06 Choco Mousse,none,,,,,
8809213807404,bbi@,Last Auto Gel Eyeliner 2025 Version #07 Rose Burn,none,,,,,
8809213808869,bbi@,Last Auto Gel Eyeliner Beige Edition #11 Linen Beige,none,,,,,
8809213808883,bbi@,Last Auto Gel Eyeliner Beige Edition #13 Peanut Beige,none,,,,,
8809213809293,bbi@,Last Auto Gel Eyeliner Beige Edition #15 Salmon Beige,none,,,,,
8809871384347,bbi@,Last Auto Gel Eyeliner 2025 Version #16 Cool Beige,none,,,,,
8809213807411,bbi@,Last Auto Gel Eyeliner 2025 Version #08 Angel,none,,,,,
8809213807428,bbi@,Last Auto Gel Eyeliner 2025 Version #09 Rose Gold,none,,,,,
8809871384354,bbi@,Last Auto Gel Eyeliner 2025 Version #17 Pink Quartz,none,,,,,
8809871387256,bbi@,Last Auto Gel Eyeliner 2025 Version #22 Peach Pastel,none,,,,,
8809871384910,bbi@,Over Glaze #01 Peach Syrup,none,,,,,
8809871384927,bbi@,Over Glaze #02 Fig Syrup,none,,,,,
8809871384934,bbi@,Over Glaze #03 Grape Syrup,none,,,,,
8809871384941,bbi@,Over Glaze #04 Cherry Syrup,none,,,,,
8809871384958,bbi@,Over Glaze #05 Grapefruit Syrup,none,,,,,
8809871387744,bbi@,Over Glaze #09 Apricot Plop,none,,,,,
8800303330550,bbi@,Over Glaze #12 Apple Syrup,none,,,,,
8809871385450,bbi@,Last Velvet Lip Tint MLBB Edition #V47 Sweet Life,none,,,,,
8809871385467,bbi@,Last Velvet Lip Tint MLBB Edition #V48 Joyful Life,none,,,,,
8809871385474,bbi@,Last Velvet Lip Tint MLBB Edition #V49 Rosy Life,none,,,,,
8809871385481,bbi@,Last Velvet Lip Tint MLBB Edition #V50 Lonely Life,none,,,,,
8809871385498,bbi@,Last Velvet Lip Tint MLBB Edition #V51 Purple Life,none,,,,,
8800303330987,bbi@,Last Velvet Lip Tint MLBB Edition #V55 Cream Shot,none,,,,,
8800303330994,bbi@,Last Velvet Lip Tint MLBB Edition #V56 Double Shot,none,,,,,
8809213809828,bbi@,Ready To Wear Downy Cheek #01 Downy Pink,none,,,,,
8809213809835,bbi@,Ready To Wear Downy Cheek #02 Downy Peach,none,,,,,
8809213809842,bbi@,Ready To Wear Downy Cheek #03 Downy Apricot,none,,,,,
8809213809859,bbi@,Ready To Wear Downy Cheek #04 Downy Lavender,none,,,,,
8809213809866,bbi@,Ready To Wear Downy Cheek #05 Downy Coral,none,,,,,
8809871383234,bbi@,Ready To Wear Downy Cheek #06 Downy Fig,none,,,,,
8809871385375,bbi@,Ready To Wear Downy Cheek #07 Downy Angel,none,,,,,
8809871384804,bbi@,Eau Finger Puff 2 pcs,none,,,,,
8809213809323,bbi@,Ready To Wear Eye Palette #01 Nude Brush,none,,,,,
8809213809637,bbi@,Ready To Wear Eye Palette #02 Mood Brush,none,,,,,
8809871383913,bbi@,Ready To Wear Eye Palette Apricot Edition #05 Apricot Blush,none,,,,,
8809871384361,bbi@,Ready To Wear Eye Palette Respect Edition #06 Cool Standard,none,,,,,
8800303332868,bbi@,Nudy Lip Pencil #01 Nudy Beige,none,,,,,
8800303332875,bbi@,Nudy Lip Pencil #02 Nudy Salmon,none,,,,,
8800303332882,bbi@,Nudy Lip Pencil #03 Nudy Peach,none,,,,,
8800303332899,bbi@,Nudy Lip Pencil #04 Nudy Pink,none,,,,,
8800303332905,bbi@,Nudy Lip Pencil #05 Nudy Fig,none,,,,,
8800303332912,bbi@,Nudy Lip Pencil #06 Nudy Rosy,none,,,,,
8800303332929,bbi@,Nudy Lip Pencil #07 Nudy Toffee,none,,,,,
8809949529250,the face shop,Rice Water Bright Cleansing Facial Wipes 2026 Ver - 50 sheets,none,,,,,
8806173494637,the face shop,Soothing & Moisture Aloe Vera Soothing Gel 2026 Ver - 300ml,none,,,,,
8801051421521,the face shop,fmgt Lip Scrub,none,,,,,
8809949488250,the face shop,Inklasting Cushion Slim Fit New #N201,none,,,,,
8809949488267,the face shop,Inklasting Cushion Slim Fit New #V203,none,,,,,
8809949485044,the face shop,Ink Lasting Cushion Mesh Glow #V201 Apricot Beige,none,,,,,
8809949485068,the face shop,Ink Lasting Cushion Mesh Glow #V203 Natural Beige,none,,,,,
8809657125638,2an,Dual Cheek #01 Cotton Candy Violet,iherb,1.0,18.31,SGD 2026-08-11,https://sg.iherb.com/pr/2an-dual-cheek-01-cotton-candy-violet-9-g/151818,
8809657125645,2an,"Dual Cheek #02 Love, Rosy",iherb,1.0,18.30,SGD 2026-08-11,https://sg.iherb.com/pr/2an-dual-cheek-02-love-rosy-9-g/151817,
8809864754669,2an,Dual Cheek #06 Pink Petal,none,,,,,
8809864754652,2an,Dual Cheek #07 Peach Fizz,none,,,,,
8809864754645,2an,Dual Cheek #08 Nude Haze,none,,,,,
8800276310450,2an,Dual Cheek #09 Heart Balloon,none,,,,,
8809968209188,2an,Dual Cheek #10 Love Potion,none,,,,,
8800326571213,2an,Dual Cheek #21 Burnt Cinnamon,none,,,,,
8800326571220,2an,Dual Cheek #22 Fall in Rose,none,,,,,
8800316296409,2an,Dual Cheek #18 Dear Rose,none,,,,,
8809968200840,2an,Better Me Eye Palette #05 Dear Me,none,,,,,
8800276316377,2an,Better Me Eye Palette #13 Sand Pink,none,,,,,
8800276316384,2an,Better Me Eye Palette #14 Slush Pop,none,,,,,
8800326570315,2an,Better Me Eye Palette #19 Mellow Rose,none,,,,,
8800316298984,2an,Better Me Eye Palette #21 Blooming Pink,none,,,,,
8800316299349,2an,Better Me Eye Palette #22 Love Poem,none,,,,,
8859708501058,2p original,Oh My Blush Dot -#04,none,,,,,
8859708501065,2p original,Oh My Blush Dot -#06,none,,,,,
8859708501072,2p original,Oh My Blush Dot -#07,none,,,,,
8859708501096,2p original,Oh My Blush Dot -#09,none,,,,,
8859708501102,2p original,Oh My Blush Dot -#10,none,,,,,
8859708501454,2p original,Oh My Blush Dot -#14,none,,,,,
8859708501461,2p original,Oh My Blush Dot -#15,none,,,,,
6902395974734,3ce,Dual Effect Blushlighter #BEIGE HOUR - 4.3g,none,0.1667,,,,
6902395974710,3ce,Dual Effect Blushlighter #EARLY NOW - 4.3g,none,0.5,,,,
6902395974697,3ce,Dual Effect Blushlighter #LAZY TALK - 4.3g,none,0.1667,,,,
6902395974758,3ce,Dual Effect Blushlighter #MIDDY HYPE - 4.8g,none,0.5,,,,
6902395974727,3ce,Dual Effect Blushlighter #WHAT IF - 4.3g,none,0.1667,,,,
8809429958709,9wishes,Hydra Perfect Ampule Serum 30ml,none,,,,,
8809429959621,9wishes,White Tone-up Cream 50ml,none,,,,,
8809429954398,9wishes,9wishes - White Tone-Up Body Serum 150ml,none,,,,,
8806185740173,a'pieu,Aqua Peeling Disposable Plastic Cotton Swab (Mild),none,,,,,
8809530045503,a'pieu,A'pieu - Oily Hair Dry Powder 5g,none,,,,,
8809643538664,a'pieu,Mint Scalp Hair Vinegar 200ml,none,,,,,
8809581441224,a'pieu,Raspberry Hair Vinegar 200ml,none,,,,,
8806185788311,a'pieu,A'PIEU Soft Foot 30 Minute Peeling Socks 1pair 40ml,none,,,,,
8809530062616,a'pieu,Goblin Blackhead 3-Step Nose Pack 1 set 3pcs,none,,,,,
8800303336552,about tone,Blur Powder Pact #00 Clear,none,,,,,
8809213803383,about tone,Blur Powder Pact #02 Light,none,,,,,
8809213803406,about tone,Blur Powder Pact #03 Natural,none,,,,,
8809871380622,about tone,Blur Powder Pact #1.5 Cool Fair,none,,,,,
8809871380639,about tone,Blur Powder Pact #2.5 Ivory,none,,,,,
8809213803833,about tone,Powder Pact Puff Black,none,,,,,
8809871380578,about tone,Long Lasting Makeup Coating Fixer 30ml,none,,,,,
8809964171755,anaze,Janmuri Cara 8ml,none,,,,,
8809964171335,anaze,Mellow Cream 150ml,none,,,,,
8809611530133,anaze,Gyeol Essence,none,,,,,
8809964171311,anaze,Leave-in Collagen Serum Treatment 200ml,none,,,,,
8809964171243,anaze,Colure Blonde Hair Mask Pack C01,none,,,,,
8800307376509,anua,Kpop Demon Hunters Invisible Matte Finish Sunscreen 50ml,shopee,1,,SGD 2026-07-31,https://shopee.sg/-Anua-Official-Kpop-Demon-Hunters-Invisible-Matte-Finish-Sunscreen-50ml-SPF-50-PA-Smooth-Makeup-Base-i.1640496926.44509634319?extraParams=%7B%22display_model_id%22%3A365849908370%2C%22model_selection_logic%22%3A3%7D,
8800307376516,anua,Kpop Demon Hunters Invisible Glow Finish Sunscreen Stick 18g,shopee,1,,SGD 2026-07-31,https://shopee.sg/-Anua-Official-Kpop-Demon-Hunters-Invisible-Glow-Finish-Sunscreen-Stick-18g-SPF-50-PA-Moisturizing-Glow-Boost-i.1640496926.40730437543?extraParams=%7B%22display_model_id%22%3A138467396766%2C%22model_selection_logic%22%3A3%7D,
8800307377681,anua,Kpop Demon Hunters Rice Intensive Moisturizing Milk Mask  25ml,shopee,0.8889,,SGD 2026-07-21,https://shopee.sg/-Anua-Official-Kpop-Demon-Hunters-Rice-Intensive-Moisturizing-Milk-Mask-10ea-Hydrate-Nourish-Repair-Skin-Barrier-i.1640496926.57460484957?extraParams=%7B%22display_model_id%22%3A435920500381%2C%22model_selection_logic%22%3A3%7D,
8800287110117,a'pieu,Waterlock Tone-Up Sun Cushion Lavender 15g,none,,,,,
8800289469381,april skin,Carrotene Clarifying Serum 2026 Ver - 30ml,none,0.5,,,,
8809517412670,april skin,Real Carrotene Acne Foam Cleanser 120ml,iherb,1.0,12.39,SGD 2026-08-11,https://sg.iherb.com/pr/april-skin-real-carrotene-acne-foam-cleanser-4-05-fl-oz-120-ml/155409,
8800256114337,april skin,Carrotene Clarifying Cream 60ml,shopee,0.75,35.00,SGD 2026-07-31,https://shopee.sg/-APRILSKIN-official-Carrotene-Clarifying-Cream-Removes-blemishes-balancing-skin-protecting-with-M-Peptide-i.137739819.7447662943?extraParams=%7B%22display_model_id%22%3A30677300765%2C%22model_selection_logic%22%3A3%7D,
8800256119639,april skin,TXA Niacinamide Collagen 99 Capsule Gel Mask Set 30g x 4 sheets,iherb,1.0,17.49,SGD 2026-08-11,https://sg.iherb.com/pr/april-skin-txa-niacinamide-collagen-99-capsule-gel-beauty-mask-4-sheets-1-05-oz-30-g-each/154400,
8800240575274,april skin,Pink Aloe Pack Cleanser 120g,shopee,0.6,31.50,SGD 2026-07-31,https://shopee.sg/-APRILSKIN-official-Pink-Aloe-Pink-Aloe-Facial-Polish-Cleanser-Pore-Cleanser-with-Mungbean-Soybean-Scrub-i.137739819.28856057468?extraParams=%7B%22display_model_id%22%3A207672193040%2C%22model_selection_logic%22%3A3%7D,
8809557511586,april skin,Real Jelly Brush 1 pc,shopee,0.75,7.00,SGD 2026-07-31,https://shopee.sg/-APRILSKIN-official-Real-Jelly-Brush-i.137739819.6923253876?extraParams=%7B%22display_model_id%22%3A31915630998%2C%22model_selection_logic%22%3A3%7D,
8809557519940,april skin,Hero Cushion Set 2023 Ver - #21 Light Beige,none,0.1429,,,,
8809579370864,avajar,Perfect V Lifting Premium Plus Mask Set 14g x 5 pcs,none,,,,,
8809983770533,avajar,Perfect Lifting Daily Eye Patch 60 patches,none,,,,,
8809983770236,avajar,Rejuvenating Eye Wrinkle Control Mask Set 3g x 5 sheets,none,,,,,
8809983770113,avajar,avajar - Y Excillus Cleanser 100ml,none,,,,,
8809634610034,axis-y,Dark Spot Correcting Glow Serum 50ml,iherb,1.0,26.51,SGD 2026-08-11,https://sg.iherb.com/pr/axis-y-dark-spot-correcting-glow-serum-1-69-fl-oz-50-ml/131194,
8809634610966,axis-y,Dark Spot Correcting Glow Cream 50ml,iherb,1.0,23.89,SGD 2026-08-11,https://sg.iherb.com/pr/axis-y-dark-spot-correcting-glow-cream-1-69-fl-oz-50-ml/148967,
8809634610959,axis-y,Dark Spot Correcting Glow Toner 125ml,iherb,1.0,25.68,SGD 2026-08-11,https://sg.iherb.com/pr/axis-y-dark-spot-correcting-glow-toner-4-23-fl-oz-125-ml/148192,
8809634610881,axis-y,Vegan Collagen Eye Serum 10ml,iherb,1.0,25.23,SGD 2026-08-11,https://sg.iherb.com/pr/axis-y-vegan-collagen-eye-serum-0-33-fl-oz-10-ml/148962,
8809634611178,axis-y,TXA 2.5% Intensive Brightening Cream 50ml,shopee,0.6,32.00,SGD 2026-08-01,https://shopee.sg/-AXIS-Y-OFFICIAL-TXA-2.5-Brightening-Cream-for-Uneven-Skin-Tone-i.1072606038.57450187212?extraParams=%7B%22display_model_id%22%3A277092138357%2C%22model_selection_logic%22%3A3%7D,
8809634610096,axis-y,Sunday Morning Refreshing Cleansing Foam,iherb,1.0,16.11,SGD 2026-08-11,https://sg.iherb.com/pr/axis-y-sunday-morning-refreshing-cleansing-foam-4-05-fl-oz-120-ml/140340,
8809634610119,axis-y,Complete No-Stress Physical Sunscreen (V3) 50ml,iherb,1.0,30.26,SGD 2026-08-11,https://sg.iherb.com/pr/axis-y-complete-no-stress-physical-sunscreen-spf-50-pa-version-3-1-69-fl-oz-50-ml/131197,
8809634611505,axis-y,Kojic Yuzu Pack Cleanser 60g,shopee,0.8,,SGD 2026-07-31,https://shopee.sg/-AXIS-Y-OFFICIAL-Kojic-Yuzu-Pack-Cleanser-Cleanse-exfoliate-and-brighten.-i.1072606038.50713619006?extraParams=%7B%22display_model_id%22%3A321178804626%2C%22model_selection_logic%22%3A3%7D,
8809634610553,axis-y,Mini Dark Spot Correcting Glow Serum 5ml,shopee,0.7143,,SGD 2026-07-31,https://shopee.sg/-AXIS-Y-OFFICIAL-Dark-Spot-Correcting-Glow-Serum-Niacinamide-5-brightening-hyperpigmentation-i.1072606038.23980479114?extraParams=%7B%22display_model_id%22%3A184586302693%2C%22model_selection_logic%22%3A3%7D,
6973795915214,aztk,Jello Color Liquid Blush JC01# Sakura Milk Jelly - 5ml,none,,,,,
6973795915221,aztk,Jello Color Liquid Blush JC02# Blueberry Milkshake - 5ml,none,,,,,
6973795915245,aztk,Jello Color Liquid Blush JC04# Fig Coffee - 5ml,none,,,,,
6973795915252,aztk,Jello Color Liquid Blush JC05# White Peach Milk Tea - 5ml,none,,,,,
6973795915269,aztk,Jello Color Liquid Blush JC06# Guava Cream - 5ml,none,,,,,
6973795915276,aztk,Jello Color Liquid Blush JC07# Orange Ice Cream - 5ml,none,,,,,
6973795914552,aztk,MeltyKiss Jelly Gloss Lipstick MJ01# Honeydew Melon - 1.9g,none,,,,,
6973795914569,aztk,MeltyKiss Jelly Gloss Lipstick MJ02# Morning Tea - 1.9g,none,,,,,
6973795914576,aztk,MeltyKiss Jelly Gloss Lipstick MJ03# One Bite Apple - 1.9g,none,,,,,
6973795914583,aztk,MeltyKiss Jelly Gloss Lipstick MJ04# Caramel Rose - 1.9g,none,,,,,
6973795914590,aztk,MeltyKiss Jelly Gloss Lipstick MJ05# Clear Milk Coffee - 1.9g,none,,,,,
6973795915351,aztk,MeltyKiss Jelly Gloss Lipstick MJ08# Candied Apple - 1.9g,none,,,,,
6973795915672,aztk,MeltyKiss Jelly Gloss Lipstick MJ09# Sunset Tea - 1.9g,none,,,,,
6973795914200,aztk,Dual-Ended Perfect Pout Lip Liner N02# Almond Mocha - 200mg,none,,,,,
6973795914217,aztk,Dual-Ended Perfect Pout Lip Liner N03# Yuenyeung Milk Tea - 200mg,none,,,,,
6973795918680,aztk,Cloudtouch Mud Lipstick M01# Pomelo Red - 1.8g,none,,,,,
6973795918697,aztk,Cloudtouch Mud Lipstick M02# Sakura Pink - 1.8g,none,,,,,
6973795918703,aztk,Cloudtouch Mud Lipstick M03# Orange Red - 1.8g,none,,,,,
6973795918710,aztk,Cloudtouch Mud Lipstick M04# Cherry Pink - 1.8g,none,,,,,
6973795918727,aztk,Cloudtouch Mud Lipstick M05# Berry Red - 1.8g,none,,,,,
6973795918734,aztk,Cloudtouch Mud Lipstick M06# Dusty Red - 1.8g,none,,,,,
6973795917737,aztk,Luminous Lip Jello WM01# Guava Dream - 1.9g,none,,,,,
6973795917744,aztk,Luminous Lip Jello WM02# Soft Camellia - 1.9g,none,,,,,
6973795917751,aztk,Luminous Lip Jello WM03# Sunset Oolong - 1.9g,none,,,,,
6973795917768,aztk,Luminous Lip Jello WM04# Frosted Cinnamon - 1.9g,none,,,,,
6973795917775,aztk,Luminous Lip Jello WM05# Candied Apple - 1.9g,none,,,,,
6973795917782,aztk,Luminous Lip Jello WM06# Lotus Pudding - 1.9g,none,,,,,
6973795917799,aztk,Luminous Lip Jello WM07# Fairy Cascade (Shimmer) - 1.9g,none,,,,,
6973795917805,aztk,Luminous Lip Jello WM08# Amber Koi (Shimmer) - 1.9g,none,,,,,
6973795915702,aztk,Jelly Glow Cheek Balm GC01# Pink Purple - 3.8g,none,,,,,
6973795915726,aztk,Jelly Glow Cheek Balm GC03# Guava Pink - 3.8g,none,,,,,
6973795915733,aztk,Jelly Glow Cheek Balm GC04# Gray Pink - 3.8g,none,,,,,
6973795915740,aztk,Jelly Glow Cheek Balm GC05# Tomato Orange - 3.8g,none,,,,,
6973795915306,aztk,High Fit Color Corrector Pen BR01# Milk Tea Brown - 4.6g,none,,,,,
6973795917683,aztk,High Fit Color Corrector Pen C01# (03#) Orange Concealer - 5g,none,,,,,
6973795915313,aztk,High Fit Color Corrector Pen GY01# Coconut Grey - 4.6g,none,,,,,
6973795917669,aztk,High Fit Color Corrector Pen L01# Creamy White - 5g,none,,,,,
6973795917676,aztk,High Fit Color Corrector Pen L02# Cherry Blossom Pink - 5g,none,,,,,
6973795916778,aztk,Skin-Fit Essence Tinted Cream NA01# Tan - 35ml,none,,,,,
6973795916792,aztk,Skin-Fit Essence Tinted Cream OC01# Ivory - 30ml,none,,,,,
8809735510127,b:lab,Matcha Hydrating Foam Cleanser,iherb,1.0,12.05,SGD 2026-08-11,https://sg.iherb.com/pr/b-lab-perfect-balance-matcha-hydrating-foam-cleanser-4-1-fl-oz-120-ml/131342,
8809735510479,b:lab,Matcha Airyfit Sun Stick,iherb,1.0,15.29,SGD 2026-08-11,https://sg.iherb.com/pr/b-lab-perfect-balance-matcha-airyfit-sun-stick-spf-50-pa-0-52-oz-15-g/155665,
8809524370093,baren,baren - Foot Exfoliant Softener At-Home Kit (mist 100ml + foot file),none,,,,,
8809899460023,baren,baren - Foot Exfoliant Softener 100ml,none,,,,,
8809980444512,baren,baren - Shea Butter Sleeping Heel Patch 6 pcs,none,,,,,
8809928119403,baren,baren - Centella Deep Soothing Ritual Foot Mask 1 pair,none,,,,,
8809980442150,baren,baren - Apple Cider Vinegar Foot Shampoo 400ml,none,,,,,
8809524370208,baren,baren - Silky Finish Hydrating Foot Balm 40ml,none,,,,,
8809980448923,baren,baren - Sheabutter FGF Foot Cream 105ml,none,,,,,
8809953160081,beaund,Nmode Pro,none,,,,,
8809953160074,beaund,Slenway,none,,,,,
8809953160258,beaund,Eye Rejuv,none,,,,,
8809953160463,beaund,Booster Gel 120ml,none,,,,,
8809953160340,beaund,Lift Head Spa,none,,,,,
8801051454369,belif,Numero 10 Essence 75ml,iherb,1.0,32.51,SGD 2026-08-11,https://sg.iherb.com/pr/belif-numero-10-essence-2-53-fl-oz-75-ml/141310,
8809949520110,belif,Aqua Bomb Frozen Toner 300ml,none,,,,,
8809949520097,belif,Aqua Bomb Frozen Cream 50ml,none,,,,,
8809623940678,beplain,Mung Bean Cleansing Oil Jumbo,iherb,1.0,30.53,SGD 2026-08-11,https://sg.iherb.com/pr/beplain-mung-bean-cleansing-oil-6-76-fl-oz-200-ml/121189,
8809623940050,beplain,Mung Bean Ph-balanced Cleansing Foam 80ml,iherb,1.0,17.68,SGD 2026-08-11,https://sg.iherb.com/pr/beplain-mung-bean-ph-balanced-cleansing-foam-2-7-fl-oz-80-ml/140283,
8809623942214,beplain,Mung Bean Milk Peeling Gel 120ml,iherb,1.0,32.10,SGD 2026-08-11,https://sg.iherb.com/pr/beplain-mung-bean-milk-peeling-gel-4-05-fl-oz-120-ml/132890,
8809623942917,beplain,Mung Bean Pore Tight-up Serum 30ml,iherb,1.0,20.74,SGD 2026-08-11,https://sg.iherb.com/pr/beplain-mung-bean-pore-tight-up-serum-1-01-fl-oz-30-ml/155921,
8809623943631,beplain,Mung Bean Pore Tight-up Soothing Cream 60ml,iherb,1.0,30.98,SGD 2026-08-11,https://sg.iherb.com/pr/beplain-mung-bean-pore-tight-up-soothing-cream-2-02-fl-oz-60-ml/149841,
8809623944201,beplain,Mung Bean Cooling Moisture Sunscreen 50ml,shopee,1,14.78,SGD 2026-08-01,https://shopee.sg/BEPLAIN-OFFICIAL-MUNG-BEAN-COOLING-MOISTURE-SUNSCREEN-50ml-SPF50-PA-Quickly-calms-skin-heat-sensation-strong-UVA-UVB-protection-i.129949884.26632852676?extraParams=%7B%22display_model_id%22%3A177102153978%2C%22model_selection_logic%22%3A3%7D,
8809623941477,beplain,Mung Bean Pore Clay Mask 120ml,iherb,1.0,26.45,SGD 2026-08-11,https://sg.iherb.com/pr/beplain-mung-bean-pore-clay-beauty-mask-4-05-fl-oz-120-ml/121403,
8809623940005,beplain,Cicaful Ampoule 30ml,iherb,1.0,26.19,SGD 2026-08-11,https://sg.iherb.com/pr/beplain-cicaful-ampoule-1-01-fl-oz-30-ml/106260,
8809623942764,beplain,Sunmuse Tone Up & Correcting Matte Sunscreen 50ml,shopee,1,13.86,SGD 2026-08-01,https://shopee.sg/BEPLAIN-OFFICIAL-SUNMUSE-TONE-UP-CORRECTING-MATTE-SUNSCREEN-50ml-SPF50-PA-Tinted-Sunscreen-Matte-finish-without-greasiness-excellent-sebum-control-Natural-brightening-and-color-correction-Powerful-broad-spectrum-UVA-UVB-protection-i.129949884.29210168387?extraParams=%7B%22display_model_id%22%3A251526329014%2C%22model_selection_logic%22%3A3%7D,
8809623945079,beplain,B5 Hydrating Ampoule Mask Set 10 Sheets 24ml x 10,none,0.5714,,,,
8809623944089,beplain,Mung Bean Cooling & Slim Face Mask Set 20ml x 10,none,0.375,,,,
8809623941514,beplain,Mung Bean Ph-balanced Cleansing Foam Mini 40ml,shopee,0.75,14.08,SGD 2026-08-01,https://shopee.sg/BEPLAIN-OFFICIAL-MUNG-BEAN-pH-BALANCED-CLEANSING-FOAM-160ml-Gentle-Scent-free-Natural-Face-Wash-Face-Wash-for-Acne-prone-oily-and-sensitive-skin-i.129949884.28083319041?extraParams=%7B%22display_model_id%22%3A149130804023%2C%22model_selection_logic%22%3A3%7D,
8809623944614,beplain,Mung Bean Pore Clearing Filter Pad Mini 10,none,0.5,,,,
8809623940340,beplain,Cicaful Calming Mask,shopee,1,16.81,SGD 2026-08-01,https://shopee.sg/BEPLAIN-OFFICIAL-CICAFUL-CALMING-MASK-10ea-With-a-potent-concentration-of-Centella-Asiatica-extract-Soaked-in-27g-Cica-Ampoule-Calming-relief-for-sensitive-skin-i.129949884.27033331440?extraParams=%7B%22display_model_id%22%3A198421977477%2C%22model_selection_logic%22%3A3%7D,
8801051459562,beyond,BEYOND - Total Recovery Creamy Body Wash 500ml,none,,,,,
8801051459586,beyond,BEYOND - Total Recovery Intense Body Emulsion 500ml,none,,,,,
8809949497955,beyond,BEYOND - Vital Glow Body Wash 500ml,none,,,,,
8809949497979,beyond,BEYOND - Vital Glow Body Emulsion 500ml,none,,,,,
8809949497993,beyond,BEYOND - Vital Glow Salt Body Scrub 500ml,none,,,,,
8801051106640,beyond,BEYOND - Deep Moisture Creamy Sugar Body Scrub 500g,none,,,,,
4901301413123,biore,Biore Cooling Body Mist 120ml,none,,,,,
4898888714241,biore,Biore UV Aqua Rich Watery Essence Sunscreen SPF 50+ PA++++ 70g,none,,,,,
4898888714203,biore,Biore UV Athlizm Protect Mist SPF 50+ PA++++ 70ml,none,,,,,
4901301421463,biore,Biore Cooling Sheets Unscented 92cm - 3 pcs,none,,,,,
4901301348418,biore,Biore Cold Body Wipes Fragrance Free - 20 pcs,none,,,,,
8809487042440,bouquet garni,Treatment - white must,shopee,0.6667,11.24,SGD 2026-08-01,https://shopee.sg/-KIM-CHAEWON's-Pick!-Bouquet-Garni-Glow-Perfumed-Treatment-(White-Musk-Vanilla-Musk-Baby-Powder-Clean-Soap-Rose-Garden-Pink-Grapefruit-Ylang-Ylang-Cherry-Blossom-500ml)-Hair-Conditioner-i.566561193.15417459643?extraParams=%7B%22display_model_id%22%3A181164265346%2C%22model_selection_logic%22%3A3%7D,
8809487042976,bouquet garni,Hair Serum - baby powder 100ml,shopee,1,10.49,SGD 2026-08-01,https://shopee.sg/-KIM-CHAEWON's-Pick!-Bouquet-Garni-Glow-Perfumed-Hair-Serum-100ml-(White-Musk-Baby-Powder-Cherry-Blossom-Clean-Soap)-hair-oil-serum-oil-damaged-hair-care-i.566561193.14717457063?extraParams=%7B%22display_model_id%22%3A201164510874%2C%22model_selection_logic%22%3A3%7D,
8809487042990,bouquet garni,Hair Serum - clean soap 100ml,shopee,1,10.49,SGD 2026-08-01,https://shopee.sg/-KIM-CHAEWON's-Pick!-Bouquet-Garni-Glow-Perfumed-Hair-Serum-100ml-(White-Musk-Baby-Powder-Cherry-Blossom-Clean-Soap)-hair-oil-serum-oil-damaged-hair-care-i.566561193.14717457063?extraParams=%7B%22display_model_id%22%3A201164510874%2C%22model_selection_logic%22%3A3%7D,
8809487042983,bouquet garni,Hair Serum - white musk 100ml,shopee,1,10.49,SGD 2026-08-01,https://shopee.sg/-KIM-CHAEWON's-Pick!-Bouquet-Garni-Glow-Perfumed-Hair-Serum-100ml-(White-Musk-Baby-Powder-Cherry-Blossom-Clean-Soap)-hair-oil-serum-oil-damaged-hair-care-i.566561193.14717457063?extraParams=%7B%22display_model_id%22%3A201164510874%2C%22model_selection_logic%22%3A3%7D,
8809487042433,bouquet garni,Shampoo - white musk 500ml,shopee,1,11.24,SGD 2026-08-01,https://shopee.sg/-KIM-CHAEWON's-Pick!-Bouquet-Garni-Glow-Perfumed-Shampoo-(White-Musk-Vanilla-Musk-Baby-Powder-Clean-Soap-Rose-Garden-Ylang-Ylang-Pink-Grapefruit-Cherry-Blossom-500ml)-i.566561193.15817413832?extraParams=%7B%22display_model_id%22%3A140810995387%2C%22model_selection_logic%22%3A3%7D,
8809487042556,bouquet garni,Shampoo - cherry blossom 500ml,shopee,1,11.24,SGD 2026-08-01,https://shopee.sg/-KIM-CHAEWON's-Pick!-Bouquet-Garni-Glow-Perfumed-Shampoo-(White-Musk-Vanilla-Musk-Baby-Powder-Clean-Soap-Rose-Garden-Ylang-Ylang-Pink-Grapefruit-Cherry-Blossom-500ml)-i.566561193.15817413832?extraParams=%7B%22display_model_id%22%3A140810995387%2C%22model_selection_logic%22%3A3%7D,
8809487042594,bouquet garni,Treatment - cherry blossom,shopee,1,11.24,SGD 2026-08-01,https://shopee.sg/-KIM-CHAEWON's-Pick!-Bouquet-Garni-Glow-Perfumed-Treatment-(White-Musk-Vanilla-Musk-Baby-Powder-Clean-Soap-Rose-Garden-Pink-Grapefruit-Ylang-Ylang-Cherry-Blossom-500ml)-Hair-Conditioner-i.566561193.15417459643?extraParams=%7B%22display_model_id%22%3A181164265346%2C%22model_selection_logic%22%3A3%7D,
8809981361634,bouquet garni,Niche Perfume Hand Cream #001,shopee,0.8,13.99,SGD 2026-08-01,https://shopee.sg/-Bouquet-Garni-Niche-Perfume-Hand-Cream-50ml-i.566561193.28883644681?extraParams=%7B%22display_model_id%22%3A208431796304%2C%22model_selection_logic%22%3A3%7D,
8809981361641,bouquet garni,Niche Perfume Hand Cream #026,shopee,0.8,13.99,SGD 2026-08-01,https://shopee.sg/-Bouquet-Garni-Niche-Perfume-Hand-Cream-50ml-i.566561193.28883644681?extraParams=%7B%22display_model_id%22%3A208431796304%2C%22model_selection_logic%22%3A3%7D,
8809851345634,bouquet garni,BOUQUET GARNI - Moisture Body Oil White Musk 300g,shopee,0.875,11.24,SGD 2026-08-01,https://shopee.sg/-KIM-CHAEWON's-Pick!-Bouquet-Garni-Moisture-Body-Oil-White-Musk-300ml-i.566561193.28351423175?extraParams=%7B%22display_model_id%22%3A222848935820%2C%22model_selection_logic%22%3A3%7D,
8809813190364,brmud,BRMUD - Relief Mud Gua Sha Mud Bar Soap 100g,none,,,,,
8809813190784,brmud,Relief Mud Mask Jumbo 200ml,none,,,,,
8809990379736,brmud,BRMUD Relief Mud Scrub Daily Wash 500ml,none,,,,,
8809813190715,brmud,BRMUD Relief Mud Bubble Bath Powder 50g,none,,,,,
8809813190326,brmud,BRMUD Relief Mud Secret Body Scrub 180g,none,,,,,
4901008314044,canmake,Plump Lip Care Scrub- clear,none,,,,,
8809777421924,cathydoll,Aqua Sun Body Sun Serum SPF 50+ PA++++ 140ml - cool up,none,,,,,
8858842017562,cathydoll,Intensive UV Lip Serum SPF 50+ PA++++ - peach,none,,,,,
8809971484503,celimax,Pore + Dark Spot Brightening cream 35ml,shopee,0.8333,21.23,SGD 2026-08-01,https://shopee.sg/Celimax-Pore-Dark-Spot-Brightening-Cream-Mask-4pcs-i.1629872719.54604637909?extraParams=%7B%22display_model_id%22%3A287332682379%2C%22model_selection_logic%22%3A3%7D,
8809750465235,celimax,Pore+ Dark Spot Brightening Serum Mask Set (x10) (Bulk Box) 27ml,shopee,0.6,23.68,SGD 2026-08-01,https://shopee.sg/Celimax-Pore-Dark-Spot-Brightening-Serum-Mask-i.1629872719.40978004599?extraParams=%7B%22display_model_id%22%3A400569743561%2C%22model_selection_logic%22%3A2%7D,
8809875907412,celimax,Pore + Dark Spot Brightening Serum (x24) (Bulk Box) 30ml x 24,iherb,1.0,27.03,SGD 2026-08-11,https://sg.iherb.com/pr/celimax-pore-dark-spot-brightening-serum-1-01-fl-oz-30-ml/131354,
8809743546323,celimax,Pore + Dark Spot Brightening Pad (x30) (Bulk Box) 40 pads,iherb,1.0,22.07,SGD 2026-08-11,https://sg.iherb.com/pr/celimax-pore-dark-spot-brightening-pad-40-pads-3-38-fl-oz-100-ml/131353,
8809700320805,celimax,The Vita-A Retinol Shot Tightening Serum (x15) (Bulk Box) 30ml,iherb,1.0,21.58,SGD 2026-08-11,https://sg.iherb.com/pr/celimax-retinol-shot-tightening-serum-1-01-fl-oz-30-ml/150393,
8809700320812,celimax,The Vita-A Retinal Shot Tightening Booster (x30) (Bulk Box) 15ml,iherb,1.0,22.67,SGD 2026-08-11,https://sg.iherb.com/pr/celimax-retinal-shot-tightening-booster-0-5-fl-oz-15-ml/150749,
8809700321826,celimax,The Vita-A Retinal Shot Tightening 2-Step Gel Mask Set (x20) (Bulk Box) 39.5g x 4 sheets,none,0.3077,,,,
8809971489911,celimax,Oil Control Mattifying Sun Stick,none,0.4,,,,
8800296556425,celimax,JIWOOGAE Cica Cool-Calming Gel Mask (x90) (Bulk Box) 34g,none,0.3,,,,
8809463992707,celimax,Celimax JIWOOGAE One Step Body Brightening Pad (x24) (Bulk Box) 60 pcs x 24,none,0.5833,,,,
8809463992738,celimax,Celimax Ji Woo Gae Heartleaf BHA Body Mist (x32) (Bulk Box) 150ml x 32,none,0.4615,,,,
8809541379468,celimax,The Real Noni Acne Bubble Cleanse,iherb,1.0,25.17,SGD 2026-08-11,https://sg.iherb.com/pr/celimax-noni-acne-cleanser-5-24-fl-oz-155-ml/156755,
8809086208131,cell fusion c,First Cooling Mask Set 27g x 5 sheets,iherb,1.0,17.60,SGD 2026-08-11,https://sg.iherb.com/pr/cell-fusion-c-first-cooling-beauty-mask-5-sheets-0-95-oz-27-g-each/149530,
8809694622558,cell fusion c,Cica Cooling Mask Set 27g x 5 sheets,iherb,1.0,13.19,SGD 2026-08-11,https://sg.iherb.com/pr/cell-fusion-c-cica-cooling-beauty-mask-5-sheets-0-95-oz-27-g/149529,
8809694623319,cell fusion c,Cooling Pad 70 pads,iherb,1.0,26.87,SGD 2026-08-11,https://sg.iherb.com/pr/cell-fusion-c-cooling-pad-70-pads-6-08-fl-oz-180-ml/149527,
8809694627362,cell fusion c,Cooling Gel Cream 50ml,none,,,,,
8800353360484,cell fusion c,Water Fit Cooling Sun Stick 20g,none,,,,,
8809694625627,cell fusion c,Cica Cooling Pad 70 pads,none,,,,,
8809694627133,cell fusion c,Cooling Skin Booster Serum 150ml,none,,,,,
8800353360002,cell fusion c,Cooling Peptide Ampoule 30ml,none,,,,,
8809694621278,cell fusion c,Low pH pHarrier Cleansing Water 500ml,none,,,,,
8809694625450,cell fusion c,Glass Skin Tone Up Cream 50ml,none,,,,,
8809694620011,cell fusion c,Laser Rejuvenation Cream 50ml,none,,,,,
8809517477846,cell fusion c,AC Deep Blemish Calming Cream 60ml,none,,,,,
8809694625030,cell fusion c,Laser UV Sunscreen 50ml,none,,,,,
8809694628116,cell fusion c,Aquatica Sun Spray 100ml,none,,,,,
8809694627232,cell fusion c,Aquatica Cooling Sunscreen 50ml,none,,,,,
8809694628659,cell fusion c,Skin Blemish Balm Intensive-#21 Natural Light,none,,,,,
8809694628666,cell fusion c,Skin Blemish Balm Intensive-#23 Signature Beige,none,,,,,
8809917321978,chasin' rabbits,All About Glow Cover Cushion #warm natural,none,,,,,
8809917321596,chasin' rabbits,All About Glow Tone Up Cream Plus 2026 Ver 50ml,none,,,,,
8809917322074,chasin' rabbits,All About Glow Tone Up Sun 70ml,none,,,,,
8805915717713,ckd,Retino Collagen Small Molecule 300 Pore & Elasticity Mask Set 5sheets,none,,,,,
8800290368031,clio,Kill Cover Founwear Cushion Set #19C Light,none,,,,,
8800290368024,clio,Kill Cover Founwear Cushion Set #19N Porcelain,none,,,,,
8800290368062,clio,Kill Cover Founwear Cushion Set #21C Lingerie,none,,,,,
8800290368055,clio,Kill Cover Founwear Cushion Set #21N Linen,none,,,,,
8800290368048,clio,Kill Cover Founwear Cushion Set #23N Ginger,none,,,,,
8800290369748,clio,Kill Cover Founwear Cushion Puff 1 pc,none,,,,,
8809598299719,clio,Kill Lash Superproof Mascara #01 Long Curling,iherb,1.0,24.37,SGD 2026-08-11,https://sg.iherb.com/pr/clio-kill-lash-superproof-mascara-01-long-curling-0-24-oz-7-g/109180,
8809598299726,clio,Kill Lash Superproof Mascara #02 Volume Curling,iherb,1.0,23.68,SGD 2026-08-11,https://sg.iherb.com/pr/clio-kill-lash-superproof-mascara-02-volume-curling-0-24-oz-7-g/109179,
8800255681250,clio,Sharp So Simple Waterproof Pencil Liner #01 Black,none,,,,,
8800255684749,clio,Sharp So Simple Waterproof Pencil Liner #03 Black Brown,none,,,,,
8800255681274,clio,Sharp So Simple Waterproof Pencil Liner #04 Dark Brown,iherb,1.0,15.60,SGD 2026-08-11,https://sg.iherb.com/pr/clio-sharp-so-simple-waterproof-pencil-liner-04-dark-brown-0-004-oz-0-14-g/150293,
8809937599869,clio,Sharp So Simple Waterproof Pencil Liner #06 Vanilla Beige,none,,,,,
8809937599876,clio,Sharp So Simple Waterproof Pencil Liner #07 Creamy Ivory,none,,,,,
8800290365573,clio,Kill Cover Mesh Blur Cushion Set #19C Light,none,,,,,
8800290365580,clio,Kill Cover Mesh Blur Cushion Set #19N Porcelain,none,,,,,
8800290365542,clio,Kill Cover Mesh Blur Cushion Set #21C Lingerie,none,,,,,
8800290365559,clio,Kill Cover Mesh Blur Cushion Set #21N Linen,none,,,,,
8800290365566,clio,Kill Cover Mesh Blur Cushion Set #23N Ginger,none,,,,,
8809544394512,clio,Kill Cover Airy-Fit Concealer #1.5-BP Fair,none,,,,,
8809544394529,clio,Kill Cover Airy-Fit Concealer #2-BP Lingerie,none,,,,,
8809544394536,clio,Kill Cover Airy-Fit Concealer #2.5-BY Ivory,none,,,,,
8809544394543,clio,Kill Cover Airy-Fit Concealer #3-BY Linen,none,,,,,
8809544394550,clio,Kill Cover Airy-Fit Concealer #3.5-BO Vanila,none,,,,,
8809544394567,clio,Kill Cover Airy-Fit Concealer #4-BO Ginger,none,,,,,
8800255680109,clio,Prism Highlighter 2025 Ver - #01 Gold Sheer,none,,,,,
8800255680116,clio,Prism Highlighter 2025 Ver - #02 Fairy Pink,none,,,,,
8800255680123,clio,Prism Highlighter 2025 Ver - #03 Frozen Crystal,none,,,,,
8800255680154,clio,Prism Highlighter 2025 Ver - #06 Violet Ruby,none,,,,,
8809751115542,clio,Prism Highlighter Duo #01 Cream Fizz,none,,,,,
8809751115559,clio,Prism Highlighter Duo #02 Lavender Voyage,none,,,,,
8800290367201,clio,Velvet Lip Pencil Set #09 Mocha Rose,none,,,,,
8800290367195,clio,Velvet Lip Pencil Set #10 Cozy Nude,none,,,,,
8800290367188,clio,Velvet Lip Pencil Set #11 Peach Cream,none,,,,,
8800290367171,clio,Velvet Lip Pencil Set #12 Blush Pink,none,,,,,
8809937590682,clio,Velvet Lip Pencil Set #02 Peach Beige,none,,,,,
8809900987501,clio,Crystal Glam Tint #01 Vintage Apple,iherb,1.0,16.62,SGD 2026-08-11,https://sg.iherb.com/pr/clio-crystal-glam-tint-01-vintage-apple-0-11-oz-3-4-g/150308,
8809900987525,clio,Crystal Glam Tint #03 Blushed Peach,iherb,1.0,13.92,SGD 2026-08-11,https://sg.iherb.com/pr/clio-crystal-glam-tint-03-blushed-peach-0-11-oz-3-4-g/150309,
8809900987532,clio,Crystal Glam Tint #04 Pale Plum,none,,,,,
8809900987549,clio,Crystal Glam Tint #05 Fresh Cherry,iherb,1.0,13.92,SGD 2026-08-11,https://sg.iherb.com/pr/clio-crystal-glam-tint-05-fresh-cherry-0-11-oz-3-4-g/150288,
8809900987556,clio,Crystal Glam Tint #06 Daily Mauve,iherb,1.0,13.95,SGD 2026-08-11,https://sg.iherb.com/pr/clio-crystal-glam-tint-06-daily-mauve-0-11-oz-3-4-g/150294,
8809900987570,clio,Crystal Glam Tint #08 Gentle Cinnamon,none,,,,,
8809949488045,cnp,AFTER-RAY Cooling Sunquid,none,,,,,
8809949487901,cnp,AFTER-RAY Watery Tone Up Sun,none,0.5,,,,
8801051256697,code,Fix-On Primer In Pact #23 Natural,none,,,,,
8801051256703,code,Oil Cut Pact 8g,none,,,,,
8801051256710,code,Oil Cut Powder 6g,none,,,,,
8801051012484,code,Oil Cut Pink Beam Pact 8g,none,,,,,
8809556380893,coringco,Peach Whipping Tone Up Cream 50ml,none,,,,,
8809556384761,coringco,Jelly Curl Self Eyelash Perm Kit 1 set,none,,,,,
8809556381814,coringco,Pink Tweezer 1 pc,none,,,,,
8809556381760,coringco,Stainless Eyelash Tweezer 1 pc,none,,,,,
8809556383276,coringco,Toktok-Hara Pro Fit Tweezer 1 pc,none,,,,,
8809556383238,coringco,Toktok-Hara No Glue Eyelash #05 Filter,none,,,,,
8809556383450,coringco,Toktok-Hara No Glue Eyelash #06 Bold,none,,,,,
8809556383429,coringco,Toktok-Hara No Glue Eyelash #07 Muse,none,,,,,
8809556383443,coringco,Toktok-Hara No Glue Eyelash #08 Blossom,none,,,,,
8809556384259,coringco,Toktok-Hara No Glue Eyelash #12 Cats,none,,,,,
8809556384242,coringco,Toktok-Hara No Glue Eyelash #13 Maple,none,,,,,
8809556384136,coringco,Toktok-Hara No Glue Eyelash #14 Under Pop,none,,,,,
8809556384754,coringco,Toktok-Hara No Glue Eyelash #15 Under Chou,none,,,,,
8809556383634,coringco,Toktok-Hara No Glue Eyelash 2025 Version - #01 Cherry Coke,none,,,,,
8809556384112,coringco,Toktok-Hara No Glue Eyelash 2025 Version - #02 Pure,none,,,,,
8809416470559,cosrx,Oil Free Ultra Moisturizing Lotion with Birch Sap 100ml,iherb,1.0,26.53,SGD 2026-08-11,https://sg.iherb.com/pr/cosrx-oil-free-ultra-moisturizing-lotion-with-birch-sap-3-38-fl-oz-100-ml/71622,
8809598453302,cosrx,Poreless Clarifying Charcoal Mask Pink,shopee,1,,SGD 2026-07-21,https://shopee.sg/-COSRX-Poreless-Clarifying-Charcoal-Mask-Pink-110g-Purifying-skin-perfecting-and-color-changing-mask-to-turn-your-self-care-night-into-a-professional-spa-i.116704504.13602057269?extraParams=%7B%22display_model_id%22%3A230475041575%2C%22model_selection_logic%22%3A3%7D,
8809416470016,cosrx,Advanced Snail 92 All In One Cream 100g,iherb,1.0,25.95,SGD 2026-08-11,https://sg.iherb.com/pr/cosrx-advanced-snail-92-all-in-one-cream-3-52-oz-100-g/70197,
8809598456983,cosrx,The Peptide Collagen Hydrogel Eye Patch,iherb,1.0,35.21,SGD 2026-08-11,https://sg.iherb.com/pr/cosrx-peptide-collagen-hydrogel-eye-patch-60-patches-2-99-oz-85-g/156782,
8809416470511,cosrx,Low pH Good Morning Gel Cleanser 150ml,iherb,1.0,14.85,SGD 2026-08-11,https://sg.iherb.com/pr/cosrx-low-ph-good-morning-gel-cleanser-5-07-fl-oz-150-ml/73954,
8809416471112,cosrx,Salicylic Acid Daily Gentle Cleanser 150ml,shopee,1,6.00,SGD 2026-08-01,https://shopee.sg/-COSRX-OFFICIAL-Salicylic-Acid-Daily-Gentle-Cleanser-150ml-Salicylic-Acid-0.5-Tea-Tree-Leaf-Oil-0.2-Acne-Treatment-Cleanser-for-Acne-prone-Skin-BHA-Cleanser-i.116704504.1933154709?extraParams=%7B%22display_model_id%22%3A41877311728%2C%22model_selection_logic%22%3A3%7D,
8809598454880,cosrx,The Alpha-Arbutin 2 Discoloration Care Serum 50ml,iherb,1.0,36.60,SGD 2026-08-11,https://sg.iherb.com/pr/cosrx-the-alpha-arbutin-2-discolor-care-serum-1-69-fl-oz-50-ml/149899,
8809598456242,cosrx,Ultra Light Invisible Sunscreen 50ml,shopee,1,9.00,SGD 2026-08-01,https://shopee.sg/-COSRX-Ultra-Light-Invisible-Sunscreen-SPF-50-PA-(50ml-1.69-fl.oz)-Sun-Serum-Aloe-Niacinamide-No-Whitecast-Soothing-Sun-Cream-Suncare-Sun-Lotion-Cooling-i.116704504.24622985707?extraParams=%7B%22display_model_id%22%3A245602273359%2C%22model_selection_logic%22%3A3%7D,
8809416470191,cosrx,Aloe Soothing Sun Cream 50ml,shopee,1,9.30,SGD 2026-08-01,https://shopee.sg/-COSRX-Aloe-Soothing-Sun-Cream-SPF-50-PA-50ml-Aloe-Extract-5-500ppm-Mild-Hydrating-Sunscreen-i.116704504.1933487034?extraParams=%7B%22display_model_id%22%3A127507551351%2C%22model_selection_logic%22%3A3%7D,
8809598450622,cosrx,Hydrium Green Tea Aqua Soothing Gel Cream 50ml,iherb,1.0,37.10,SGD 2026-08-11,https://sg.iherb.com/pr/cosrx-hydrium-green-tea-aqua-soothing-gel-cream-1-69-fl-oz-50-ml/101436,
8809598450561,cosrx,AC Collection Blemish Spot Clearing Serum 40ml,shopee,1,20.61,SGD 2026-08-01,https://shopee.sg/-COSRX-OFFICIAL-AC-Collection-Blemish-Spot-Clearing-Serum-Renewal-40ml-Propolis-Extact-85.6-Niacinamide-4-Effective-Acne-Treatment-for-Oily-Acne-prone-Skin-i.116704504.1970340131?extraParams=%7B%22display_model_id%22%3A71877326239%2C%22model_selection_logic%22%3A3%7D,
8809598457355,cosrx,Peptide 132 Ultra Perfect Hair Bonding Oil Serum 28ml,iherb,1.0,,SGD 2026-08-11,https://sg.iherb.com/pr/cosrx-patented-peptide-132-ultra-perfect-hair-bonding-oil-serum-for-all-hair-types-0-94-fl-oz-28-ml/154298,
8809416470030,cosrx,AHA/BHA Clarifying Treatment Toner 150ml,iherb,1.0,17.86,SGD 2026-08-11,https://sg.iherb.com/pr/cosrx-aha-bha-clarifying-treatment-toner-5-07-fl-oz-150-ml/73953,
8809416470047,cosrx,AHA 7 Whitehead Power Liquid 100ml,iherb,1.0,22.20,SGD 2026-08-11,https://sg.iherb.com/pr/cosrx-aha-7-whitehead-power-liquid-3-38-fl-oz-100-ml/70193,
8809416470054,cosrx,BHA Blackhead Power Liquid 100ml,iherb,1.0,25.63,SGD 2026-08-11,https://sg.iherb.com/pr/cosrx-bha-blackhead-power-liquid-3-38-fl-oz-100-ml/70192,
8800311121591,cosrx,One Step Original Blemish Pore Clear Pad,shopee,1,10.81,SGD 2026-08-01,https://shopee.sg/-COSRX-OFFICIAL-RENEWAL-One-Step-Original-Blemish-Pore-Clear-Pad-(100-pads)-Willow-Bark-Water-77.7-BHA-PHA-LHA-Zinc-PCA-Acne-Toner-Pads-for-acne-prone-oily-Skin-Blemish-prone-Enlarged-pores-Rough-uneven-skin-texture-Sensitive-skin-i.116704504.1970365128?extraParams=%7B%22display_model_id%22%3A18328004034%2C%22model_selection_logic%22%3A2%7D,
8809416470245,cosrx,Acne Pimple Master Patch 1 sheet,iherb,1.0,4.94,SGD 2026-08-11,https://sg.iherb.com/pr/cosrx-acne-pimple-master-patch-24-patches/69968,
8809598452350,cosrx,Advanced Snail Mucin Gel Cleanser 150ml,iherb,1.0,31.49,SGD 2026-08-11,https://sg.iherb.com/pr/cosrx-advanced-snail-mucin-gel-cleanser-5-07-fl-oz-150-ml/107018,
8809416470009,cosrx,Advanced Snail 96 Mucin Power Essence 100ml,iherb,1.0,22.89,SGD 2026-08-11,https://sg.iherb.com/pr/cosrx-advanced-snail-96-mucin-power-essence-3-38-fl-oz-100-ml/77208,
8809598451070,cosrx,Advanced Snail Peptide Eye Cream 25ml,iherb,1.0,39.83,SGD 2026-08-11,https://sg.iherb.com/pr/cosrx-advanced-snail-peptide-eye-cream-0-84-fl-oz-25-ml/99255,
8809598455658,cosrx,The 6 Peptide Skin Booster,iherb,1.0,39.37,SGD 2026-08-11,https://sg.iherb.com/pr/cosrx-the-6-peptide-skin-booster-serum-5-07-fl-oz-150-ml/131351,
8800311121911,cosrx,The Vitamin C 13 Serum 20ml,shopee,0.75,,SGD 2026-07-21,https://shopee.sg/-COSRX-Renewed-Advanced-The-Vitamin-C-23-Serum-(20ml)-Pure-Vitamin-C-23-Dark-spot-corrector-Brightening-Serum-Stronger-yet-Gentle-i.116704504.18602590218?extraParams=%7B%22display_model_id%22%3A213462449913%2C%22model_selection_logic%22%3A3%7D,
8809598454637,cosrx,The Niacinamide 15 Serum 20ml,shopee,1,15.90,SGD 2026-08-01,https://shopee.sg/-COSRX-OFFICIAL-The-Niacinamide-15-Serum-20ml-Highest-concentration-of-Niacinamide-15-on-the-market-Acetylglucosamine-2-Allantoin-Total-acne-care-Blemish-Care-Sebum-Contro-i.116704504.14883233565?extraParams=%7B%22display_model_id%22%3A162653316813%2C%22model_selection_logic%22%3A3%7D,
8809598454668,cosrx,The Hyaluronic Acid 3 Serum 20ml,iherb,1.0,34.48,SGD 2026-08-11,https://sg.iherb.com/pr/cosrx-the-hyaluronic-acid-3-serum-0-67-fl-oz-20-ml/115264,
8809598451926,cosrx,Hydrium Triple Hyaluronic Moisturizing Cleanser 150ml,iherb,1.0,23.90,SGD 2026-08-11,https://sg.iherb.com/pr/cosrx-triple-hyaluronic-moisturizing-cleanser-5-07-fl-oz-150-ml/103745,
8809598451896,cosrx,Full Fit Propolis Synergy Toner 150ml,iherb,1.0,24.47,SGD 2026-08-11,https://sg.iherb.com/pr/cosrx-propolis-synergy-toner-5-07-fl-oz-150-ml/101445,
8809598450820,cosrx,Full Fit Propolis Light Ampoule 30ml,iherb,1.0,37.83,SGD 2026-08-11,https://sg.iherb.com/pr/cosrx-propolis-light-ampoule-1-01-fl-oz-30-ml/101434,
8809598451032,cosrx,Full Fit Propolis Light Cream 65ml,iherb,1.0,33.89,SGD 2026-08-11,https://sg.iherb.com/pr/cosrx-full-fit-propolis-light-cream-2-19-fl-oz-65-ml/101446,
8800311121416,cosrx,5 PDRN B5 Vital Soothing Toner 280ml,shopee,1,,SGD 2026-07-28,https://shopee.sg/-COSRX-OFFICIAL-NEW-5-PDRN-B5-Vital-Soothing-Toner-280mL-Hyaluronic-Acid-Allantoin-Vitalizing-Hydrating-Brightening-Glow-Skin-Firming-Lifting-Glass-Skin-i.116704504.45701112397?extraParams=%7B%22display_model_id%22%3A310100327215%2C%22model_selection_logic%22%3A3%7D,
8800311121423,cosrx,5 PDRN Collagen Intense Vitalizing Serum 100ml,shopee,1,,SGD 2026-07-28,https://shopee.sg/-COSRX-OFFICIAL-NEW-5-PDRN-Collagen-Intense-Vitalizing-Serum-100mL-Adenosine-Niacinamide-Glow-Skin-Firming-Brightening-Hydrating-Soothing-i.116704504.47501127093?extraParams=%7B%22display_model_id%22%3A320099769266%2C%22model_selection_logic%22%3A3%7D,
8800311121058,cosrx,5 PDRN Collagen Vitalizing Hydrogel Eye Patch 60patches,shopee,0.8571,,SGD 2026-07-28,https://shopee.sg/-COSRX-Official-NEW-5-PDRN-Collagen-Vitalizing-Hydrogel-Eye-Patch-Eye-Care-Skin-Elasticity-Lifting-Depuff-Discoloration-Dark-Spot-Care-Radiant-Skin-Eye-Bags-i.116704504.28744624599?extraParams=%7B%22display_model_id%22%3A445811213133%2C%22model_selection_logic%22%3A3%7D,
8809598450547,cosrx,AC Collection Calming Foam Cleanser 150ml,iherb,1.0,20.90,SGD 2026-08-11,https://sg.iherb.com/pr/cosrx-ac-collection-calming-foam-cleanser-5-07-fl-oz-150-ml/87210,
8809598450158,cosrx,AC Collection Calming Liquid Intensive 125ml,shopee,0.8333,,SGD 2026-07-21,https://shopee.sg/COSRX-AC-Collection-Calming-Liquid-Intensive-Propolis-Extract-60-BHA-0.9-AHA-1.5-Effective-Acne-Treatment-for-Oily-Acne-prone-Skin-i.116704504.1933128060?extraParams=%7B%22display_model_id%22%3A71877326236%2C%22model_selection_logic%22%3A3%7D,
8809598450912,cosrx,AC Collection Lightweight Soothing Moisturizer 80ml,iherb,1.0,29.37,SGD 2026-08-11,https://sg.iherb.com/pr/cosrx-ac-collection-lightweight-soothing-moisturizer-2-7-fl-oz-80-ml/105234,
8809598450165,cosrx,AC Collection Ultimate Spot Cream 30g,shopee,0.8333,19.00,SGD 2026-08-01,https://shopee.sg/-COSRX-OFFICIAL-AC-Collection-Ultimate-Spot-Cream-Aloe-Vera-Leaf-Water-40-Zinc-Oxide-7-Effective-Acne-Treatment-for-Oily-Acne-prone-Skin-i.116704504.1930545332?extraParams=%7B%22display_model_id%22%3A70022034032%2C%22model_selection_logic%22%3A3%7D,
8809598450981,cosrx,AC Collection Acne Patch,shopee,1,3.80,SGD 2026-08-01,https://shopee.sg/-COSRX-OFFICIAL-Acne-Pimple-Master-Patch-(24-Patches)-AC-Collection-Acne-Patch-(26)-Clear-Fit-Master-(18)-i.116704504.5582104613?extraParams=%7B%22display_model_id%22%3A92256613093%2C%22model_selection_logic%22%3A3%7D,
8809598453159,cosrx,AC Collection Blemish Care Sheet Mask,none,0.5,,,,
8809598453364,cosrx,Low pH Good Night Soft Peeling Gel,iherb,1.0,24.64,SGD 2026-08-11,https://sg.iherb.com/pr/cosrx-low-ph-good-night-soft-peeling-gel-4-05-fl-oz-120-ml/110595,
8809598457195,cosrx,Airy-Light Invisible Sun Stick,shopee,1,,SGD 2026-07-28,https://shopee.sg/-COSRX-NEW-Airy-Light-Invisible-Oil-Control-Sun-Stick-(19g)-SPF50-PA-Matte-Sun-Stick-Sebum-control-UV-Protection-98.6-Sweat-proof-i.116704504.25395535742?extraParams=%7B%22display_model_id%22%3A157864207357%2C%22model_selection_logic%22%3A3%7D,
8809598455405,cosrx,Aloe 54.2 Aqua Tone-Up Sunscreen 50ml,shopee,1,24.77,SGD 2026-08-01,https://shopee.sg/-COSRX-Aloe-54.2-Aqua-Tone-up-Sunscreen-50ml-SPF-50-PA-Brightening-Soothing-whitening-mild-suncare-calming-suncare-aloe-extract-niacinamide-toning-cream-i.116704504.22235099410?extraParams=%7B%22display_model_id%22%3A118030171910%2C%22model_selection_logic%22%3A3%7D,
8809598452572,cosrx,Advanced Snail Mucin Power Sheet Mask Set 10pcs,shopee,0.8571,3.86,SGD 2026-08-01,https://shopee.sg/-COSRX-Advanced-Snail-Mucin-Power-Sheet-Mask-1EA--i.116704504.11551546403?extraParams=%7B%22display_model_id%22%3A77354771201%2C%22model_selection_logic%22%3A3%7D,
8809416470726,cosrx,Ultimate Nourishing Rice Overnight Spa Mask,iherb,1.0,22.01,SGD 2026-08-11,https://sg.iherb.com/pr/cosrx-ultimate-nourishing-rice-overnight-spa-beauty-mask-2-02-fl-oz-60-ml/78051,
8809598457331,cosrx,Peptide 132 Ultra Perfect Hair Bonding Shampoo 200ml,iherb,1.0,,SGD 2026-08-11,https://sg.iherb.com/pr/cosrx-peptide-132-ultra-perfect-hair-bonding-shampoo-for-all-hair-types-6-76-fl-oz-200-ml/154297,
8809598457348,cosrx,Peptide 132 Ultra Perfect Hair Bonding Treatment 120ml,iherb,1.0,26.30,SGD 2026-08-11,https://sg.iherb.com/pr/cosrx-peptide-132-ultra-perfect-hair-bonding-treatment-for-all-hair-types-4-05-fl-oz-120-ml/154299,
8809598451766,cosrx,Low pH Good Morning Gel Cleanser Mini,shopee,1,4.80,SGD 2026-08-01,https://shopee.sg/-COSRX-OFFICIAL-Low-pH-Good-Morning-Gel-Cleanser-150ml-BHA-0.5-Tea-Tree-Leaf-Oil-0.5-Daily-Mild-Cleanser-for-Sensitive-Skin-20ml-50ml-150ml-mini-duo-kit-i.116704504.1933124589?extraParams=%7B%22display_model_id%22%3A105446252566%2C%22model_selection_logic%22%3A3%7D,
8809598453661,cosrx,Salicyclic Acid Daily Gentle Cleanser Mini,shopee,0.6667,6.00,SGD 2026-08-01,https://shopee.sg/-COSRX-OFFICIAL-Salicylic-Acid-Daily-Gentle-Cleanser-150ml-Salicylic-Acid-0.5-Tea-Tree-Leaf-Oil-0.2-Acne-Treatment-Cleanser-for-Acne-prone-Skin-BHA-Cleanser-i.116704504.1933154709?extraParams=%7B%22display_model_id%22%3A41877311728%2C%22model_selection_logic%22%3A3%7D,
8809598453654,cosrx,Advanced Snail Mucin Gel Cleanser Mini,shopee,0.8333,,SGD 2026-07-28,https://shopee.sg/-COSRX-OFFICIAL-Advanced-Snail-Mucin-Gel-Cleanser-150ml-Snail-Secretion-Filtrate-10-000ppm-for-Anti-aging-Nourishing-Wrinkle-Improvement-gwp-i.116704504.8803157777?extraParams=%7B%22display_model_id%22%3A212745863737%2C%22model_selection_logic%22%3A3%7D,
8809447253770,"dear, a",Hydration Pink Tone Up Cream,none,,,,,
8809572894466,"dear, klairs",EGF Blue Youth Activating Drop 50ml,shopee,0.8333,20.86,SGD 2026-08-01,https://shopee.sg/-Klairs-Korean-EGF-Serum-20ml-%E2%80%93-Blue-Youth-Activating-Drop-with-EGF-Peptides-and-Guaiazulene-Repairing-Serum-for-Redness-and-Blemish-prone-Skin-i.10228730.315777560?extraParams=%7B%22display_model_id%22%3A61687424119%2C%22model_selection_logic%22%3A3%7D,
8809572895463,"dear, klairs",EGF Blue Calming Toner Pad 60 pads,none,0.2857,,,,
8809572893018,"dear, klairs",Midnight Blue Clearing Water Cream 50g,iherb,1.0,22.03,SGD 2026-08-11,https://sg.iherb.com/pr/dear-klairs-midnight-blue-clearing-water-cream-1-76-oz-50-g/146296,
8809115023681,"dear, klairs",Midnight Blue Youth Activating Drop 20ml,iherb,1.0,44.54,SGD 2026-08-11,https://sg.iherb.com/pr/dear-klairs-midnight-blue-youth-activating-drop-0-67-fl-oz-20-ml/79919,
8809572891397,"dear, klairs",All-day Airy Sunscreen 50ml,shopee,1,13.48,SGD 2026-07-29,https://shopee.sg/-Klairs-All-Day-Airy-Sunscreen-50ml-i.10228730.17362309406?extraParams=%7B%22display_model_id%22%3A154247679828%2C%22model_selection_logic%22%3A3%7D,
8809572896699,"dear, klairs",Blue Supple Tone Up Sun Essence 50ml,shopee,0.8571,,SGD 2026-08-01,https://shopee.sg/-Dear-Klairs-Blue-Supple-Tone-Up-Sun-Essence-SPF50-PA-50-mL-i.10228730.43431950388?extraParams=%7B%22display_model_id%22%3A426102791101%2C%22model_selection_logic%22%3A3%7D,
8809572890222,"dear, klairs",Sheet Mask 1pc Midnight Blue Calming 25ml,shopee,0.7143,,SGD 2026-08-01,https://shopee.sg/-Klairs-Midnight-Blue-Calming-Sheet-Mask-1qty-i.10228730.2102801773?extraParams=%7B%22display_model_id%22%3A22520366077%2C%22model_selection_logic%22%3A3%7D,
8809572896842,"dear, klairs",Blue Peptide Gua Sha Multi Balm,none,0.1667,,,,
4903335102585,dejavu,Fiber Wig Ultra Long Mascara 1 Black,none,,,,,
4903335102615,dejavu,Lash Knockout Mascara Extra Volume Black,none,,,,,
4903335103018,dejavu,Lash Up Mascara Black,none,,,,,
4903335102646,dejavu,Keep Style Mascara Black 1 pc,none,,,,,
4903335103537,dejavu,Lasting-Fine Adhesive Eyeliner Short Brush Liquid Black Brown,none,,,,,
4903335103513,dejavu,Lasting-Fine Adhesive Eyeliner Short Brush Liquid Deep Black,none,,,,,
4903335111488,dejavu,Lasting-Fine Cream Pencil Dark Brown,none,,,,,
4903335111471,dejavu,Lasting-Fine Cream Pencil Real Black,none,,,,,
8809911696225,derma:b,Derma: B - Urea Foot Cream 80ml,none,,,,,
8809911696065,derma:b,Derma: B - DeoFresh Foot Shampoo #Cool Lime 477g,none,,,,,
8809911696485,derma:b,Derma: B - Mild Balancing Feminine Foam 150ml,none,,,,,
8809048415386,derma:b,Daily Moisture Body Oil - fresh peach,iherb,1.0,20.77,SGD 2026-08-11,https://sg.iherb.com/pr/derma-b-daily-moisture-body-oil-fresh-peach-6-7-fl-oz-200-ml/95323,
8809723781850,derma:b,Derma: B - CeraMD Repair Lotion 400ml,iherb,1.0,23.64,SGD 2026-08-11,https://sg.iherb.com/pr/derma-b-ceramd-repair-lotion-13-5-fl-oz-400-ml/121674,
8809723781867,derma:b,Derma: B - CeraMD Repair Cream 430ml,iherb,1.0,26.80,SGD 2026-08-11,https://sg.iherb.com/pr/derma-b-ceramd-repair-cream-14-5-fl-oz-430-ml/121673,
8809911693767,derma:b,Derma: B - Daily Moisture Body Wash #juicy mandarine 1119g,none,,,,,
8809048416444,derma:b,Derma: B - Daily Moisture Body Lotion 400ml,none,,,,,
8809911696133,derma:b,Derma: B - DeoFresh Cool Sheet Set 5 sheets,none,,,,,
8809911690568,derma:b,Derma: B - AC Control Body Mist 200ml,none,,,,,
6951286461129,derol,DEROL - Magic Hands Quick-drying Hairline Brush -#02 dark brown,none,,,,,
6951286460900,derol,DEROL - Hair Finishing Stick,none,,,,,
8809517476177,dewytree,AC Deep Calming Pore Pad 60 pads,none,,,,,
8809517477914,dewytree,AC Deep Moisture Barrier Calming Ampoule 60ml,none,,,,,
8809517477921,dewytree,AC Deep Moisture Barrier Calming Cream 60ml,none,,,,,
8809517477129,dewytree,AC Deep Calming Calamine Powder 2026 ver - 21g,none,,,,,
8809517477143,dewytree,AC Control Deep Green Calming Clay Gel Pore Pack 100ml,none,,,,,
8809517477785,dewytree,AC Deep Calming Mask Set 27g (1개로 나누기),none,,,,,
8809517473237,dewytree,Pick And Quick Calming Full Mask 30 pcs,none,,,,,
8809517476429,dewytree,Urban Shade Anti Pollution Sun 50ml,none,,,,,
8809517476481,dewytree,Urban Shade Cool Calming Sun Stick 2026 ver - 20g,none,,,,,
8809517478072,dewytree,Urban Shade Hyaluronic Lightweight Sunscreen 50ml,none,,,,,
8809517477990,dewytree,Tone Up Shade Green Tone Up Sun 40ml,none,,,,,
8809517477471,dewytree,Urban Shade Bule Tone Up Sun 40g,none,,,,,
8809517476498,dewytree,Urban Shade Cover & Fit Sun Cushion 2026 ver - 14g,none,,,,,
8809517477792,dewytree,AC Deep Blemish Calming Mask Set 27g x 10 sheets,none,,,,,
8809517478164,dewytree,AC Deep Pore Collagen Gel Mask Set 31g x 4 sheets,none,,,,,
4560119224736,diane,Diane - Moist Diane Extra Fresh & Hydrate Shampoo 450ml,none,,,,,
4560119224743,diane,Diane - Moist Diane Extra Fresh & Hydrate Treatment 450ml,none,,,,,
4580632118770,diane,Diane -  Diane Perfect Beauty Deep Night Moist Shampoo 450ml,none,,,,,
4580632118787,diane,Diane -  Diane Perfect Beauty Deep Night Moist Treatment 450ml,none,,,,,
8806133614860,dr. ceuracle,5 Alpha Control No Sebum Sun Lotion 50ml,none,,,,,
8806133615676,dr. ceuracle,Tea Tree Purifine Green Up Sun 50ml - New Ver,none,,,,,
8809844996591,dr. jart+,Cicapair Intensive Soothing Repair Serum 30ml,none,,,,,
8809844995082,dr. jart+,Porecting Solution Set 2023 Ver - 28g x 5 pcs,none,,,,,
8809844997802,dr. jart+,Rejuvenating Beauty Balm #01 Light,none,,,,,
8809844997819,dr. jart+,Rejuvenating Beauty Balm #02 Medium,none,,,,,
8809695365898,dr.G,pH Cleansing Gel Foam 200ml,iherb,1.0,22.23,SGD 2026-08-11,https://sg.iherb.com/pr/dr-g-ph-cleansing-gel-foam-6-76-fl-oz-200-ml/140314,
8809838651635,dr.G,Brightening Peeling Gel 120g,iherb,1.0,25.15,SGD 2026-08-11,https://sg.iherb.com/pr/dr-g-brightening-peeling-gel-for-sensitive-skin-4-23-oz-120-g/140330,
8809963508651,dr.G,R.E.D Blemish Clear Hyal Cica Soothing Serum 50ml,iherb,1.0,26.96,SGD 2026-08-11,https://sg.iherb.com/pr/dr-g-r-e-d-blemish-clear-hyal-cica-soothing-serum-1-69-fl-oz-50-ml/157172,
8809838652465,dr.G,R.E.D Blemish Clear Soothing Cream 70ml,iherb,1.0,42.78,SGD 2026-08-11,https://sg.iherb.com/pr/dr-g-r-e-d-blemish-clear-soothing-cream-for-sensitive-skin-2-36-fl-oz-70-ml/140331,
8809520467018,dr.G,R.E.D Blemish Clear Soothing Toner 300ml,iherb,1.0,34.44,SGD 2026-08-11,https://sg.iherb.com/pr/dr-g-r-e-d-blemish-clear-soothing-toner-for-sensitive-skin-10-14-fl-oz-300-ml/140320,
8809838651789,dr.G,R.E.D Blemish Soothing Up Sun 50ml,none,,,,,
8809963506732,dr.G,R.E.D Blemish For Men Calming All In One 150ml,none,,,,,
8809963502949,dr.G,Green Deep Pore Cleansing Balm 100g,none,,,,,
8809838651291,dr.G,Green Mild Up Sun+ Jumbo,none,,,,,
8809695361210,dr.G,Brightening Up Sun+ 35ml,none,,,,,
8809963509177,dr.G,R.E.D Blemish Cool Vita C Clear Mask Set,none,,,,,
8809844997192,dr.G,Cicapair Intensive Soothing Repair Serum Mask Set 25g x 5 pcs,none,,,,,
8809963506114,dr.G,RTX Into Peptishot Firming Neck Patch,none,,,,,
8809695360381,dr.G,R.E.D Blemish Oil Control Paper,none,,,,,
8809543253506,elizavecca,Cer-100 Hair Muscle Essence Oil,none,,,,,
8809543253513,elizavecca,Cer-100 Collagen Coating Hair A+ Muscle Fixer Spray,iherb,1.0,11.35,SGD 2026-08-11,https://sg.iherb.com/pr/elizavecca-cer-100-collagen-coating-hair-a-muscle-fixer-spray-5-07-fl-oz-150-ml/149655,
8809543253568,elizavecca,Milky Piggy Collagen Coating Protein Ion Injection 50ml,iherb,1.0,10.88,SGD 2026-08-11,https://sg.iherb.com/pr/elizavecca-cer-100-collagen-coating-protein-ion-injection-1-69-fl-oz-50-ml/145517,
8809543253544,elizavecca,Milky Piggy CER-100 Collagen Ceramide Coating Protein Treatment 100ml,none,,,,,
8809543253377,elizavecca,Cer-100 Collagen Coating Hair Muscle Shampoo,iherb,1.0,21.79,SGD 2026-08-11,https://sg.iherb.com/pr/elizavecca-cer-100-collagen-coating-hair-a-muscle-shampoo-16-9-fl-oz-500-ml/142256,
8809071369427,elizavecca,Milky Piggy Carbonated Bubble Clay Mask 100ml,iherb,1.0,17.79,SGD 2026-08-11,https://sg.iherb.com/pr/elizavecca-milky-piggy-carbonated-bubble-clay-beauty-mask-3-53-oz-100-g/68346,
8806334395322,enprani,Aloe Face & Body Waterproof Sun Cream 100ml,none,,,,,
8809908690243,entropy,Self Lash Perm Set 1 set,none,,,,,
8809908691493,entropy,One-Use Brow Bleach Set 2026 Ver - 4 pcs,none,,,,,
8809432532736,everydaze,Essential C's Konjac Jelly - peach,none,,,,,
8809432533290,everydaze,Essential C's Konjac Jelly - mango,none,,,,,
8809432533320,everydaze,Essential C's Konjac Jelly - green grape,none,,,,,
8806011817680,fation,Nosca9 Trouble Toning Repair Cream 70ml,none,,,,,
8806011816621,fation,NOSCA9 Spot Patch 2026 Ver 102 patches,none,,,,,
8806011816591,fation,Nosca9 Cleansing Gel 2026 Ver 200ml,none,,,,,
8806011817215,fation,Nosca9 Trouble Clear Toner 200ml,none,,,,,
8806011816553,fation,Nosca9 Trouble Serum 30ml,none,,,,,
8806011816881,fation,Nosca9 Trouble Cream 45ml,none,,,,,
8806011817642,fation,Nosca9 Trouble Toning Ampoule 15ml,none,,,,,
8806011818670,fation,Nosca9 Pore Enhancing Serum 30ml,none,,,,,
8806011817413,fation,FATION - Nosca9 Trouble Body Wash 490ml,none,,,,,
8806011818472,fation,Nosca9 Trouble Serum Mask 25ml,none,,,,,
4550516475961,fino,Premium Touch Shampoo 550ml,none,,,,,
4550516476074,fino,Premium Touch Conditioner 550ml,none,,,,,
4550516483836,fino,Premium Touch Hair Oil Serum Airy Smooth 70ml,none,,,,,
4550516493583,fino,Premium Touch Hair Mask 230g,none,,,,,
6941845853915,focallure,Transferproof Matte Lipstick #NU01 Brick Nude - 3.5g,none,,,,,
6941845853922,focallure,Transferproof Matte Lipstick #NU02 Pumpkin Nude - 3.5g,none,,,,,
6941845853939,focallure,Transferproof Matte Lipstick #NU03 Maple Nude - 3.5g,none,,,,,
6941845853946,focallure,Transferproof Matte Lipstick #NU04 Cinnamon Nude- 3.5g,none,,,,,
6941845853885,focallure,Transferproof Matte Lipstick #PK01 Coral Pink - 3.5g,none,,,,,
6941845853892,focallure,Transferproof Matte Lipstick #PK02 Figgy Pink - 3.5g,none,,,,,
6941845853908,focallure,Transferproof Matte Lipstick #PK03 Mauve Pink - 3.5g,none,,,,,
8800250591905,frankly,glow filter tone-up cream 50ml,none,,,,,
8801051245394,freshian,Egg-like Cushion #201,none,,,,,
8801051245400,freshian,Egg-like Cushion #203,none,,,,,
8801051245417,freshian,Egg-like Glow Cushion #201,none,,,,,
8801051245424,freshian,Egg-like Glow Cushion #203,none,,,,,
8809859771664,fullight,FLIMEAL Protein Bar Crunch - dark choco,none,,,,,
8809859771688,fullight,FLIMEAL Protein Bar Crunch - white choco,none,,,,,
8809859770049,fullight,FLIMEAL Protein Shake - dolce latte,none,,,,,
8809859770773,fullight,FLIMEAL Protein Shake - milk tea,none,,,,,
8809859772142,fullight,FLIMEAL Protein Shake - real chocolate,none,,,,,
8809859771701,fullight,FLIMEAL Protein Shake - pistachio,none,,,,,
8809859771114,fullight,FLIMEAL Protein Shake - strawberry,none,,,,,
4902806112856,gatsby,Gatsby - Ice Type Deodorant Body Wipes #unscented 30pcs,none,,,,,
8809893510731,genabelle,PDRN Glazed Lip Treatment,none,,,,,
8806135251025,genabelle,PDRN Vita Toning Ampoule 30ml,iherb,1.0,41.75,SGD 2026-08-11,https://sg.iherb.com/pr/genabelle-pdrn-vita-toning-ampoule-1-01-fl-oz-30-ml/149111,
8809893510755,genabelle,Glutathione Vita Glow Capsule Ampoule,none,,,,,
8809893510403,genabelle,Glutathione Vita Glow Spicule Shot,none,,,,,
8809893510823,genabelle,PDRN 3% Hyper Boost Ampoule 40ml,iherb,1.0,44.39,SGD 2026-08-11,https://sg.iherb.com/pr/genabelle-pdrn-3-hyper-boost-ampoule-1-35-fl-oz-40-ml/153312,
8809743543643,genabelle,Glutathione Brightening Ampoule Mask Set 25ml x 5 sheets,iherb,1.0,25.91,SGD 2026-08-11,https://sg.iherb.com/pr/genabelle-glutathione-brightening-ampoule-beauty-mask-5-sheets-0-84-fl-oz-25-ml-each/149113,
8809893510724,genabelle,PDRN 360 Rejuvenating Eye Mask 70 patches,none,,,,,
8809977270322,giverny,Milchak Cover Tone Up Sun Cushion Clear Beige 12g,none,,,,,
8809129647699,giverny,Milchak Matte Fit Cushion Set #21NW Light Beige,none,,,,,
8809129647705,giverny,Milchak Matte Fit Cushion Set #23NW Medium Beige,none,,,,,
8809129647491,giverny,Milchak Cover Cushion Set #21NW Light Beige,none,,,,,
8809129647507,giverny,Milchak Cover Cushion Set #23NW Medium beige,none,,,,,
8801051274240,glint,Highlighter #01 Dewy Moon,none,,,,,
8809949520981,glint,Highlighter #11 Rose Peach,none,,,,,
8801051493818,glint,Stick Highlighter #02 Milky Moon,none,,,,,
8801051285246,glint,Stick Highlighter #03 Rosy Moon,none,,,,,
6979297980132,gogotales,Velvet Secret Language Eyeshadow Palette #G01,none,,,,,
6979297980149,gogotales,Velvet Secret Language Eyeshadow Palette #G02,none,,,,,
6979297980156,gogotales,Velvet Secret Language Eyeshadow Palette #G03,none,,,,,
6979297980163,gogotales,Velvet Secret Language Eyeshadow Palette #G04,none,,,,,
6979297980170,gogotales,Velvet Secret Language Eyeshadow Palette #G05,none,,,,,
8800255689959,goodal,Green Tangerine Vita C 15 Dark Spot Care Ampoule 16g,none,,,,,
8809970759060,goodal,Green Tangerine Vita C Dark Spot Care Cream 50ml,none,,,,,
8800322107034,goodal,Heartleaf Soothing Cooling Sun Stick 2026 Ver - 19g,none,,,,,
8800322106808,goodal,Green Tangerine Vita C Toning Serum Cleanser 160ml,none,,,,,
8800290363944,goodal,Green Tangerine Vita C Dark Spot Care Pad Alpha 2025 Ver - 70 pads,none,,,,,
8809862288234,goodal,Green Tangerine Vita C Toner 300ml,none,,,,,
8800290365900,goodal,Green Tangerine Vita C Serum Mist 2025 Ver - 100ml,none,,,,,
8800290365917,goodal,Green Tangerine Vita C Dark Spot Care Eye Cream 2025 Ver - 30ml,none,,,,,
8809828413588,goodal,Green Tangerine Vita C Dark Spot Care Sun Serum 50ml,none,,,,,
8800255686668,goodal,Heartleaf Soothing Green Tone Up Sun Cream 50ml,none,,,,,
8809642612273,grafen,Root Booster Tonic 160ml,shopee,1,,SGD 2026-08-01,https://shopee.sg/-GRAFEN-Root-Booster-Tonic-160ml-Refreshing-Scalp-Cooling-100-Natural-Herb-Extracts-Anti-Hair-Loss--i.99833363.4579169953?extraParams=%7B%22display_model_id%22%3A152962714903%2C%22model_selection_logic%22%3A3%7D,
8809642610262,grafen,Grafen Hinoki Shampoo 500ml,shopee,1,35.90,SGD 2026-07-29,https://shopee.sg/-GRAFEN-Hinoki-Shampoo-500ml-x2-Anti-Hair-Loss-Oily-Scalp-Anti-Dandruff--i.99833363.4139640502?extraParams=%7B%22display_model_id%22%3A70097173696%2C%22model_selection_logic%22%3A3%7D,
8809642618671,grafen,Grafen Hinoki Hair Vinegar 210ml,shopee,1,,SGD 2026-08-01,https://shopee.sg/-GRAFEN-Oily-Scalp-Detox-Cleanser-Hinoki-Hair-Vinegar-210ml-Oil-Control-Odor-Removal-Hair-Treatment-i.99833363.29312221904?extraParams=%7B%22display_model_id%22%3A217831625410%2C%22model_selection_logic%22%3A3%7D,
8809642618763,grafen,Hinoki Treatment 300ml,shopee,1,,SGD 2026-08-01,https://shopee.sg/-GRAFEN-Hinoki-Hair-Treatment-300ml-For-Oily-Sensitive-Scalp-Purifies-Oily-Scalp-and-Hair-Includes-Hinoki-Complex--i.99833363.27162784056?extraParams=%7B%22display_model_id%22%3A207846413789%2C%22model_selection_logic%22%3A3%7D,
8809638300351,grafen,Grafen Root Booster Shampoo 500ml,shopee,1,,SGD 2026-08-01,https://shopee.sg/-GRAFEN-Root-Booster-Shampoo-500ml-No.1-Anti-Hair-Loss-Shampoo-22-Types-Amino-acid-6-types-of-nature-derrived-ingredients--i.99833363.1622554081?extraParams=%7B%22display_model_id%22%3A2922335929%2C%22model_selection_logic%22%3A3%7D,
8809642614857,grafen,Root Booster Scalp Enhancing Ampoule 50ml,shopee,1,40.90,SGD 2026-07-29,https://shopee.sg/-GRAFEN-Root-Booster-Shampoo-500ml-Root-Booster-Scalp-Enhancing-Ampoule-50ml-Anti-Hair-Loss-Scalp-Nourishment-Scalp-Cooling-Ordor-Control--i.99833363.22423273924?extraParams=%7B%22display_model_id%22%3A156601897396%2C%22model_selection_logic%22%3A3%7D,
8809460444452,grafen,Remover Shampoo 500ml,shopee,1,14.58,SGD 2026-07-29,https://shopee.sg/-GRAFEN-Cooling-Scalp-Shampoo-500ml-99-Natural-Menthol-Ingredient-Anti-Hair-Loss-Deep-Cleansing-Wax-Sebum-Remover--i.99833363.1622547502?extraParams=%7B%22display_model_id%22%3A87102586408%2C%22model_selection_logic%22%3A3%7D,
8809642618459,grafen,Damask Rose Hair Vinegar 210ml,shopee,1,18.90,SGD 2026-07-29,https://shopee.sg/-GRAFEN-Damask-Rose-Hair-Vinegar-210ml-Water-type-Hair-Treatment-Deep-Scalp-Purifying-Powerful-Cooling-Moisturizing-Bamboo-Vinegar-5-000ppm--i.99833363.27906689422?extraParams=%7B%22display_model_id%22%3A215278767203%2C%22model_selection_logic%22%3A2%7D,
8809460441369,grafen,Jeju Sea Water Spray 210ml,shopee,1,,SGD 2026-08-01,https://shopee.sg/-GRAFEN-Jeju-Sea-Water-Spray-210ml-Styling-Fixer-Wet-Hair-100-Freesia-Refracta-Extract--i.99833363.1622492077?extraParams=%7B%22display_model_id%22%3A61696089646%2C%22model_selection_logic%22%3A3%7D,
8809460441376,grafen,Pomade - Sea water,shopee,1,,SGD 2026-08-01,https://shopee.sg/-GRAFEN-Sea-Water-Pomade-100g-Best-Selling-Strong-Hold-Deep-Water-Scent-Jeju-Sea-Water-10-000ppm--i.99833363.1622484375?extraParams=%7B%22display_model_id%22%3A181371709732%2C%22model_selection_logic%22%3A3%7D,
8809321483491,graymelin,Astaxanthin Stemcell Serum 50ml,none,,,,,
8858842000458,hair it,Hair It - Silky Plus Volumizing Spray 40g,none,,,,,
8858842098035,hair it,Hair It - Hya Keratin Volumizing Spray 40g,none,,,,,
8809803583886,hanyul,Pure Artemisia Calming pH-Balancing Fluid,none,,,,,
8809532222186,haruharu wonder,Black Rice Night Knight Retinol Serum 20ml,none,0.4286,,,,
8809532221356,haruharu wonder,Black Rice Moisture 5.5 Soft Cleansing Gel 100ml,iherb,1.0,16.29,SGD 2026-08-11,https://sg.iherb.com/pr/haruharu-wonder-black-rice-moisture-5-5-soft-cleansing-gel-unscented-3-38-fl-oz-100-ml/141828,
8809532221349,haruharu wonder,Black Rice Moisture Cleansing Oil 2025 Ver - 150ml,iherb,1.0,28.52,SGD 2026-08-11,https://sg.iherb.com/pr/haruharu-wonder-black-rice-moisture-cleansing-oil-unscented-5-07-fl-oz-150-ml/142258,
8809532221707,haruharu wonder,Black Rice Moisture Airyfit Sunscreen 50ml,shopee,0.8333,,SGD 2026-08-01,https://shopee.sg/haruharu-wonder-Black-Rice-Moisture-Airyfit-Daily-Sunscreen-i.1262932880.27001765109?extraParams=%7B%22display_model_id%22%3A255954806964%2C%22model_selection_logic%22%3A3%7D,
8809532222179,haruharu wonder,haruharu wonder - Black Bamboo Daily Smoothing Body Oil 200ml,none,0.5556,,,,
8809931830814,heveblue,Pot Pore Peptamin Hydro Collagen Mask Pack Set 7 sheets 35g x 7 sheets,none,,,,,
8809653247112,heveblue,Salmon Caring Centella Cream 100ml,iherb,1.0,24.81,SGD 2026-08-11,https://sg.iherb.com/pr/heveblue-salmon-caring-centella-cream-3-38-fl-oz-100-ml/157156,
8809971480024,heveblue,Black Yuja Bean Water Sun Essence 50ml,none,,,,,
8809653247129,heveblue,Salmon Caring Centella Toner 2026 ver - 200ml,iherb,1.0,27.27,SGD 2026-08-11,https://sg.iherb.com/pr/heveblue-salmon-caring-centella-toner-6-76-fl-oz-200-ml/157152,
8809931831934,heveblue,"Salmon Caring Newpair PDRN Booster 100,000 Shot Essence 1pc Set 2026 ver - 5ml",none,,,,,
8809653247143,heveblue,Salmon Caring Centella Ampoule 30ml,iherb,1.0,22.48,SGD 2026-08-11,https://sg.iherb.com/pr/heveblue-salmon-caring-centella-ampoule-1-01-fl-oz-30-ml/157150,
8809931830876,heveblue,Pot Pore Tightening Podo Ampoule 52ml,iherb,1.0,24.79,SGD 2026-08-11,https://sg.iherb.com/pr/heveblue-pot-pore-tightening-podo-ampoule-1-75-fl-oz-52-ml/157158,
8809931831606,heveblue,Phyton Squa Hyal Blue Tone Up Sun Cushion 15g,none,,,,,
8809864754188,house of hur,Weightless Sun Fluid 50ml,shopee,1,15.09,SGD 2026-08-02,https://shopee.sg/House-of-Hur-Weightless-Sun-Fluid-SPF-50-PA-50ml-i.1501549657.27780646106?extraParams=%7B%22display_model_id%22%3A315495522901%2C%22model_selection_logic%22%3A2%7D,
8809968205951,house of hur,Moist Ampoule Blusher Mini #01 Nude Beige,shopee,0.7143,39.39,SGD 2026-08-02,https://shopee.sg/House-of-Hur-Natural-Makeup-Look-Bundle-Moist-Ampoule-Blusher-(Nude-Beige-Rose-Brown-Lavender-Flush)-i.1501549657.43757988209?extraParams=%7B%22display_model_id%22%3A285676042491%2C%22model_selection_logic%22%3A3%7D,
8809968205968,house of hur,Moist Ampoule Blusher Mini #02 Deep Plum,shopee,0.7143,39.39,SGD 2026-08-02,https://shopee.sg/House-of-Hur-Best-Seller-Bundle-Moist-Ampoule-Blusher-(Deep-Plum-Rose-Brown-Cherry-Blossom)-i.1501549657.43008000287?extraParams=%7B%22display_model_id%22%3A253613621209%2C%22model_selection_logic%22%3A3%7D,
8809968205975,house of hur,Moist Ampoule Blusher Mini #03 Rose Brown,shopee,0.7143,39.39,SGD 2026-08-02,https://shopee.sg/House-of-Hur-Best-Seller-Bundle-Moist-Ampoule-Blusher-(Deep-Plum-Rose-Brown-Cherry-Blossom)-i.1501549657.43008000287?extraParams=%7B%22display_model_id%22%3A253613621209%2C%22model_selection_logic%22%3A3%7D,
8809968205982,house of hur,Moist Ampoule Blusher Mini #04 Lavender Flush,shopee,0.7143,39.39,SGD 2026-08-02,https://shopee.sg/House-of-Hur-Natural-Makeup-Look-Bundle-Moist-Ampoule-Blusher-(Nude-Beige-Rose-Brown-Lavender-Flush)-i.1501549657.43757988209?extraParams=%7B%22display_model_id%22%3A285676042491%2C%22model_selection_logic%22%3A3%7D,
8809968205999,house of hur,Moist Ampoule Blusher Mini #05 Peach Coral,shopee,0.7143,39.39,SGD 2026-08-02,https://shopee.sg/House-of-Hur-Pigmented-Makeup-Look-Bundle-Moist-Ampoule-Blusher-(Deep-Plum-Peach-Coral-Cherry-Blossom)-i.1501549657.29038535154?extraParams=%7B%22display_model_id%22%3A157885382014%2C%22model_selection_logic%22%3A3%7D,
8809968206002,house of hur,Moist Ampoule Blusher Mini #06 Cherry Blossom,shopee,0.7143,39.39,SGD 2026-08-02,https://shopee.sg/House-of-Hur-Best-Seller-Bundle-Moist-Ampoule-Blusher-(Deep-Plum-Rose-Brown-Cherry-Blossom)-i.1501549657.43008000287?extraParams=%7B%22display_model_id%22%3A253613621209%2C%22model_selection_logic%22%3A3%7D,
8809968209638,house of hur,Moist Ampoule Blusher Mini #07 Pink Rosie,shopee,0.7143,39.39,SGD 2026-08-02,https://shopee.sg/House-of-Hur-New-Shades-Bundle-Moist-Ampoule-Blusher-(Pink-Rosie-Berry-Purple-Ruby-Red)-i.1501549657.43107988991?extraParams=%7B%22display_model_id%22%3A167232038406%2C%22model_selection_logic%22%3A3%7D,
8809968209645,house of hur,Moist Ampoule Blusher Mini #08 Berry Purple,shopee,0.7143,39.39,SGD 2026-08-02,https://shopee.sg/House-of-Hur-New-Shades-Bundle-Moist-Ampoule-Blusher-(Pink-Rosie-Berry-Purple-Ruby-Red)-i.1501549657.43107988991?extraParams=%7B%22display_model_id%22%3A167232038406%2C%22model_selection_logic%22%3A3%7D,
8809968209652,house of hur,Moist Ampoule Blusher Mini #09 Ruby Red,shopee,0.7143,39.39,SGD 2026-08-02,https://shopee.sg/House-of-Hur-New-Shades-Bundle-Moist-Ampoule-Blusher-(Pink-Rosie-Berry-Purple-Ruby-Red)-i.1501549657.43107988991?extraParams=%7B%22display_model_id%22%3A167232038406%2C%22model_selection_logic%22%3A3%7D,
8809422539578,huxley,Huxley - Hair Oil Essence Moroccan Gardener 50ml,none,,,,,
8809422537413,huxley,Huxley - Moisture Shampoo Moroccan Gardener 300ml,none,,,,,
8809422537451,huxley,Huxley - Intense Moisture Treatment Moroccan Gardener 200ml,none,,,,,
8800326660627,huxley,Huxley - Hair Oil Essence Sunset Fog 50ml,none,,,,,
8809422535679,huxley,Hand Refresher Blue Medina Tangerine 55ml,none,,,,,
8809422535655,huxley,Hand Refresher Moroccan Gardener 55ml,none,,,,,
8809422539974,huxley,Body Oil Moroccan Gardener,none,,,,,
8809422536539,huxley,Body Oil Blue Medina Tangerine,none,,,,,
8800326660016,huxley,Huxley - Body Wash Moroccan Gardener 300ml,none,,,,,
8800326660061,huxley,Huxley - Body Wash Sunset Fog 300ml,none,,,,,
8809422536515,huxley,Huxley - Body Wash Blue Medina 300ml,none,,,,,
8800326660023,huxley,Huxley - Body Lotion Moroccan Gardener 300ml,none,,,,,
8800326660078,huxley,Huxley - Body Lotion Sunset Fog 300ml,none,,,,,
8809422536522,huxley,Huxley - Body Lotion Blue Medina 300ml,none,,,,,
8806190731555,i dew care,I DEW CARE - Tap Secret Mattifying Dry Shampoo Powder (medium brown),none,,,,,
8806190725288,i dew care,Timeout Blemish Patch Chin & Cheeks,none,,,,,
8809525934744,i'm from,Apricot Clear Sun Serum,none,,,,,
8809595050603,i'm from,Mugwort Mask,iherb,1.0,47.78,SGD 2026-08-11,https://sg.iherb.com/pr/i-m-from-mugwort-beauty-mask-3-88-oz-110-g/90192,
8806190727619,i'm meme,I'm Stick Shadow Glitter - #01 Autumn Champagne,none,,,,,
8806190727626,i'm meme,I'm Stick Shadow Glitter -#02 Spring Aurora,none,,,,,
8806190727640,i'm meme,I'm Stick Shadow Glitter - #04 Summer Purple,none,,,,,
8806190720658,i'm meme,I'M Oil Cut Pact,none,,,,,
8806190716040,i'm meme,I'm Stick Shadow Shimmer #01 Sugar Bling,none,,,,,
8806190716057,i'm meme,I'm Stick Shadow Shimmer #02 Peach Coronet,none,,,,,
8806190716064,i'm meme,I'm Stick Shadow Shimmer #03 Pink Charm,none,,,,,
8806190716071,i'm meme,I'm Stick Shadow Shimmer #04 Rose Cape,none,,,,,
8806190716088,i'm meme,I'm Stick Shadow Shimmer #005 Taupe Trinket,none,,,,,
8806190727633,i'm meme,I'm Stick Shadow Glitter - #03 Winter White,none,,,,,
8800294992805,innisfree,Green Tea Ceramide Milk Barrier Essence [160ml],none,,,,,
8800294980697,innisfree,Green Tea Panthenol Gel Cream 50ml,none,,,,,
8809843694108,innisfree,Green Tea Hyaluronic Glow Eye & Face Ball [10ml],none,,,,,
8809843675749,innisfree,Green Tea Hyaluronic Lotion 170ml,none,,,,,
8800294983414,innisfree,Daily UV Invisible Barrier Sun Serum,none,,,,,
8809843690834,innisfree,Green Tea Amino Hydrating Cleansing Foam,none,,,,,
8800294981243,innisfree,Green Tea Ceramide Mist,none,,,,,
8809843681047,innisfree,Green Tea Seed Hyaluronic Skin,none,,,,,
8809843690414,innisfree,Volcanic BHA Pore Cleansing Foam 150g,none,,,,,
8809843703879,innisfree,Cherry Blossom Glow Tone-Up Cream,none,,,,,
8800294981977,innisfree,Daily UV No Sebum Sun Powder,none,,,,,
8809843677989,innisfree,Intensive Long Lasting Sunscreen EX,none,,,,,
8809843678511,innisfree,No-Sebum Mineral Pact,none,,,,,
8809843680088,innisfree,Jeju Volcanic Oil Control Paper,none,,,,,
8809843680675,innisfree,Canola Honey Lip balm,none,,,,,
8809843678092,innisfree,My Perfumed Hand Cream #02 Fluffy Pink,none,,,,,
8809843678061,innisfree,My Perfumed Hand Cream #01 White Shirts,none,,,,,
8809843678085,innisfree,My Perfumed Hand Cream #03 Peach Cider,none,,,,,
8809800940125,isntree,Yam Root Vegan Milk Cleanser 220ml,iherb,1.0,32.22,SGD 2026-08-11,https://sg.iherb.com/pr/isntree-yam-root-vegan-milk-cleanser-7-43-fl-oz-220-ml/122213,
8809800942204,isntree,Onion Newpair B5 Ampoule 2026 Ver 50ml,shopee,0.7143,,SGD 2026-08-01,https://shopee.sg/Isntree-Onion-Newpair-B5-Ampoule-50ml-i.95103646.23237917735?extraParams=%7B%22display_model_id%22%3A231444570691%2C%22model_selection_logic%22%3A3%7D,
8809783322635,isntree,Onion Newpair Gel Cream 50ml,iherb,1.0,30.42,SGD 2026-08-11,https://sg.iherb.com/pr/isntree-onion-newpair-gel-cream-1-69-fl-oz-50-ml/122221,
8809800940729,isntree,Onion Newpair Spot Patch Skin Fit 15 patches,shopee,0.75,,SGD 2026-08-01,https://shopee.sg/Isntree-Onion-Newpair-Spot-Patch-Skin-Fit-15ea-i.95103646.22165719536?extraParams=%7B%22display_model_id%22%3A188168084665%2C%22model_selection_logic%22%3A3%7D,
8809800941252,isntree,Ultra-Low Molecular Hyaluronic Acid Zinc Cooling Pad 60 pads,shopee,0.6,,SGD 2026-08-01,https://shopee.sg/Isntree-Ultra-Low-Molecular-Hyaluronic-Acid-Zinc-Aqua-Cream-30ml-80ml-i.95103646.28114444729?extraParams=%7B%22display_model_id%22%3A119290793262%2C%22model_selection_logic%22%3A3%7D,
8809800940637,isntree,Ultra-Low Molecular Hyaluronic Acid Toner 300ml,iherb,1.0,27.84,SGD 2026-08-11,https://sg.iherb.com/pr/isntree-ultra-low-molecular-hyaluronic-acid-toner-10-14-fl-oz-300-ml/140864,
8809800940644,isntree,Ultra-Low Molecular Hyaluronic Acid Serum 50ml,iherb,1.0,28.53,SGD 2026-08-11,https://sg.iherb.com/pr/isntree-ultra-low-molecular-hyaluronic-acid-serum-1-69-fl-oz-50-ml/140866,
8809686383566,isntree,Hyaluronic Acid Aqua Gel Cream New Ver 100ml,iherb,1.0,25.57,SGD 2026-08-11,https://sg.iherb.com/pr/isntree-hyaluronic-acid-aqua-gel-cream-3-38-fl-oz-100-ml/101941,
8809686383559,isntree,Hyaluronic Acid Moist Cream 2022 Ver 100ml,iherb,1.0,24.75,SGD 2026-08-11,https://sg.iherb.com/pr/isntree-hyaluronic-acid-moist-cream-3-38-fl-oz-100-ml/101942,
8809800942587,isntree,Hyaluronic Acid Airy Sun Stick 2026 Ver 22g,none,0.375,,,,
8809686384204,isntree,Hyaluronic Acid Watery Sun Gel New Ver 50ml,shopee,0.8571,,SGD 2026-08-01,https://shopee.sg/Isntree-Hyaluronic-Acid-Watery-Sun-Gel-50ml-i.95103646.8706452259?extraParams=%7B%22display_model_id%22%3A23682527937%2C%22model_selection_logic%22%3A3%7D,
8809800942402,isntree,Yam Root Vegan pH-Balancing Cleanser 120ml,shopee,0.8571,13.25,SGD 2026-07-29,https://shopee.sg/-NEW-Isntree-Yam-Root-pH-Balancing-Cleanser-120ml-Hydrating-Mild-Acidic-Skin-Barrier-Care-Cleanser-i.95103646.55407320319?extraParams=%7B%22display_model_id%22%3A310652139231%2C%22model_selection_logic%22%3A3%7D,
8809800942419,isntree,Yam Root Vegan Barrier Milky Toner 200ml,shopee,1,,SGD 2026-08-01,https://shopee.sg/-NEW-Isntree-Yam-Root-Vegan-Barrier-Milky-Toner-200ml-Deep-Hydration-Moisture-Barrier-Boost-Toner-i.95103646.49457395208?extraParams=%7B%22display_model_id%22%3A340655289372%2C%22model_selection_logic%22%3A3%7D,
8809800942396,isntree,Yam Root Vegan Barrier Cream 80ml,shopee,1,,SGD 2026-08-01,https://shopee.sg/-NEW-Isntree-Yam-Root-Vegan-Barrier-Cream-80ml-Deep-Hydrating-Mild-Moisturizing-Cream-i.95103646.43729345420?extraParams=%7B%22display_model_id%22%3A435655382356%2C%22model_selection_logic%22%3A3%7D,
8809783322642,isntree,Onion Newpair Essence Toner 2023 Ver 200ml,none,0.2857,,,,
8809686389391,isntree,Hyaluronic Acid Low pH Cleansing Foam 150ml,iherb,1.0,22.47,SGD 2026-08-11,https://sg.iherb.com/pr/isntree-hyaluronic-acid-low-ph-cleansing-foam-5-07-fl-oz-150-ml/122242,
8809800940774,isntree,Hyper Niacinamide 20 Serum 20ml,shopee,1,,SGD 2026-08-01,https://shopee.sg/Isntree-Hyper-Niacinamide-20-Serum-20ml-i.95103646.22941893357?extraParams=%7B%22display_model_id%22%3A165881611660%2C%22model_selection_logic%22%3A3%7D,
8809517475460,isntree,Hi Amino All Cleansing Milk 200ml,none,0.3333,,,,
8809738592236,isntree,Green Tea Fresh Cleanser 120ml,iherb,1.0,19.36,SGD 2026-08-11,https://sg.iherb.com/pr/isntree-green-tea-fresh-cleanser-4-05-fl-oz-120-ml/122243,
8809800940200,isntree,Mugwort Calming Clay Mask New Ver 100ml,iherb,1.0,24.07,SGD 2026-08-11,https://sg.iherb.com/pr/isntree-mugwort-calming-clay-beauty-mask-3-38-fl-oz-100-ml/115927,
8809236798093,isntree,Aloe Soothing Gel Moisture Type 150ml - New Ver,iherb,1.0,14.30,SGD 2026-08-11,https://sg.iherb.com/pr/isntree-aloe-soothing-gel-moisture-type-5-07-fl-oz-150-ml/101943,
8809800942006,isntree,Onion Newpair Purple Tone Up Sun Cream,shopee,1,21.26,SGD 2026-07-29,https://shopee.sg/-NEW-Isntree-Onion-Newpair-Purple-Tone-Up-Sun-Cream-50ml-SPF50-PA-Brightening-Sunscreen-UV-Protection-No-White-Cast-i.95103646.40617393941?extraParams=%7B%22display_model_id%22%3A281433700799%2C%22model_selection_logic%22%3A3%7D,
8809800942617,isntree,Hyaluronic Acid Airy Body Sun Cream 150ml,none,0.5714,,,,
8809800941542,isntree,Onion Newpair Soothing Mask Set 25g x 5 sheets,none,0.3333,,,,
8809800940675,isntree,Ultra-low Molecular Hyaluronic Acid Mask Set 25g x 10 pcs,shopee,0.625,18.00,SGD 2026-07-29,https://shopee.sg/Isntree-Ultra-Low-Molecular-Hyaluronic-Acid-Toner-300ml-i.95103646.22613354888?extraParams=%7B%22display_model_id%22%3A203608133085%2C%22model_selection_logic%22%3A3%7D,
8809800940231,isntree,Mugwort Calming Gauze Mask Set New Ver 23g x 10 sheets,none,0.375,,,,
8809800940378,isntree,Mugwort Calming Clay Mask Mini 20ml,shopee,0.6667,,SGD 2026-08-01,https://shopee.sg/Isntree-Mugwort-Calming-Clay-Mask-100ml-i.95103646.6173302316?extraParams=%7B%22display_model_id%22%3A73061379158%2C%22model_selection_logic%22%3A3%7D,
8800302330674,isoi,Brightening Gel Mask 29g x 1 sheet,none,,,,,
8800302330025,isoi,Brightening Serum 2025 ver - 35ml,iherb,1.0,52.86,SGD 2026-08-11,https://sg.iherb.com/pr/isoi-brightening-serum-1-18-fl-oz-35-ml/154843,
8800302330285,isoi,Brightening Cream 2025 ver - 55ml,iherb,1.0,44.55,SGD 2026-08-11,https://sg.iherb.com/pr/isoi-brightening-cream-1-85-fl-oz-55-ml/154845,
8800302331534,isoi,Brightening Pack Cleansing Foam 125ml,none,,,,,
8800302330278,isoi,Brightening Tonic Essence 2025 ver - 130ml,iherb,1.0,34.70,SGD 2026-08-11,https://sg.iherb.com/pr/isoi-brightening-tonic-essence-4-39-fl-oz-130-ml/154844,
8809264729427,isoi,Brightening Lotion 90ml,none,,,,,
8809264741849,isoi,Bulgarian Rose Blemish Care Eye & Wrinkle Patch 90,iherb,1.0,26.98,SGD 2026-08-11,https://sg.iherb.com/pr/isoi-blemish-care-eye-wrinkle-patch-90-patches/154854,
8800302330650,isoi,Heartleaf Pore Mask 23ml x 1,none,,,,,
8809264725528,isoi,ACNI Dr. 1st Speedy Mask Set 20ml x 10,none,,,,,
8809264737675,isoi,Pore Tightening Anti Sebum Pad 60 sheets,none,,,,,
8809264730829,isoi,ACNI Dr. 1st Speedy Patch Set 60 pcs,none,,,,,
8809264737729,isoi,ISOI - K-Postbio Feminine Cleanser 100ml,none,,,,,
8809728081863,iunik,Beta-Glucan Barrier Ampoule Cleanser 120ml,none,,,,,
8809728081702,iunik,Centella Calming Daily Sun Water 120ml,none,,,,,
6974146262988,joocyee,12 Shades Eyeshadow Palette - 01 wooden pink,none,0.5714,,,,
6974146264661,joocyee,12 Shades Eyeshadow Palette - 04 cold apricot,none,0.5714,,,,
6978647805378,joocyee,12 Shades Eyeshadow Palette - 08 flowing satin,none,0.5714,,,,
6978647803770,joocyee,Hydrating Lip Oil,shopee,1,21.90,SGD 2026-07-29,https://shopee.sg/JOOCYEE-DEWDROP-GLAZE-LIP-OIL-High-shine-Hydrating-Cooling-Sensation-i.1208626613.27177390196?extraParams=%7B%22display_model_id%22%3A252721933705%2C%22model_selection_logic%22%3A3%7D,
6974146267327,joocyee,Aura Luminous Lip Gloss -#G05 Lavender Crystal - 4.5g,none,0.375,,,,
6974146267334,joocyee,Aura Luminous Lip Gloss -#G06 Citrine Crystal - 4.5g,none,0.375,,,,
6974146269307,joocyee,Aura Luminous Lip Gloss -#G07 Cold-Brewed Oolong - 4.5g,none,0.2222,,,,
6974146269314,joocyee,Aura Luminous Lip Gloss -#G08 Pink Peach - 4.5g,none,0.25,,,,
6974146269321,joocyee,Aura Luminous Lip Gloss -#G09 Woody Fig - 4.5g,none,0.25,,,,
6974146269338,joocyee,Aura Luminous Lip Gloss -#G10 Rich Amber Brown - 4.5g,none,0.2222,,,,
6974146269345,joocyee,Aura Luminous Lip Gloss -#G11 Light Orange Nude Almond - 4.5g,none,0.3,,,,
6974146269352,joocyee,Aura Luminous Lip Gloss -#G12 Pink-Orange Guava - 4.5g,none,0.2222,,,,
6974146269369,joocyee,Aura Luminous Lip Gloss -#G13 Dewy Pink Rose - 4.5g,none,0.2222,,,,
6974146269666,joocyee,Aura Glazed Blush & Highlighter -#S240 Veil Nude - 5g,none,0.25,,,,
6974146269673,joocyee,Aura Glazed Blush & Highlighter -#S241 Honeydew Mist - 5g,none,0.25,,,,
6974146269680,joocyee,Aura Glazed Blush & Highlighter -#S242 Lavender Waltz - 5g,none,0.25,,,,
6974146269697,joocyee,Aura Glazed Blush & Highlighter -#S243 Ripple Pink - 5g,none,0.25,,,,
6974146262377,joocyee,Tortoise Shell Matte Blush B01 Caramel Ginkgo,none,0.2857,,,,
6974146262360,joocyee,Tortoise Shell Matte Blush B02 Raspberry Rum,none,0.2857,,,,
6974146262346,joocyee,Tortoise Shell Matte Blush N01 Rose Latte,none,0.2857,,,,
6974146262353,joocyee,Tortoise Shell Matte Blush N02 Camellia Latte,none,0.2857,,,,
6974146266283,joocyee,Double-Ended Lip Liner -#01 Taupe - 0.2g,none,0.4286,,,,
6974146266290,joocyee,Double-Ended Lip Liner -#02 Dusty Pink - 0.2g,none,0.375,,,,
6974146261608,joocyee,New Smoky Glazed Gloss -#603 Oat Milk - 4g,none,0.2857,,,,
6974146261622,joocyee,New Smoky Glazed Gloss -#605 Woody Rosy - 4g,none,0.2857,,,,
6974146265743,joocyee,Brown Shade Velvet Rouge -#111 Leather Pink - 3g,none,0.375,,,,
6974146265712,joocyee,Brown Shade Velvet Rouge -#122 Umber Brown - 3g,none,0.4286,,,,
6974146265699,joocyee,Brown Shade Velvet Rouge -#133 Freckle Brown - 3g,none,0.4286,,,,
6974146265729,joocyee,Brown Shade Velvet Rouge -#144 Smoky Brown - 3g,none,0.4286,,,,
6974146265767,joocyee,Brown Shade Velvet Rouge -#166 Wild Hawthorn - 3g,none,0.375,,,,
6974146265705,joocyee,Brown Shade Velvet Rouge -#1990 Vintage Brown - 3g,none,0.4286,,,,
6978647803206,joocyee,4th-Generation Glazed Lip Gloss 20 Cherry Blossom Glow - 4g,none,0.3,,,,
6978647803282,joocyee,4th-Generation Glazed Lip Gloss 26 Lilac Glow - 4g,none,0.3333,,,,
6978647803299,joocyee,4th-Generation Glazed Lip Gloss 60 Grape Glow - 4g,none,0.3333,,,,
6978647803220,joocyee,4th-Generation Glazed Lip Gloss 66 Oolong Glow - 4g,none,0.3333,,,,
6978647803244,joocyee,4th-Generation Glazed Lip Gloss 80 Moonlight Glow - 4g,none,0.3333,,,,
6978647803251,joocyee,4th-Generation Glazed Lip Gloss 82 Amber Glow - 4g,none,0.3333,,,,
6974146269802,joocyee,Matte Veil Lip Cream -#10 Milktea Nude - 4.1g,none,0.375,,,,
6974146269826,joocyee,Matte Veil Lip Cream -#12 Oat Nude - 4.1g,none,0.375,,,,
6974146269840,joocyee,Matte Veil Lip Cream -#37 Candy Pink - 4.1g,none,0.5,,,,
6974146269857,joocyee,Matte Veil Lip Cream -#39 Rosy Pink - 4.1g,none,0.375,,,,
6974146269864,joocyee,Matte Veil Lip Cream -#90 Caramel Brown - 4.1g,none,0.375,,,,
6974146269888,joocyee,Matte Veil Lip Cream -#98 Toasted Coco - 4.1g,none,0.375,,,,
6974146268867,joocyee,Long-Lasting Glossy Rouge -#1990 Vintage Brown - 3g,none,0.5,,,,
6974146268614,joocyee,Long-Lasting Glossy Rouge -#500 Pink Ocean - 3g,none,0.5,,,,
6974146266269,joocyee,Long-Lasting Glossy Rouge -#501 Rosy Pond - 3g,none,0.5,,,,
6974146268638,joocyee,Long-Lasting Glossy Rouge -#502 Sun Bliss - 3g,none,0.5,,,,
6974146268645,joocyee,Long-Lasting Glossy Rouge -#503 Diamond Sea - 3g,none,0.5,,,,
6974146266252,joocyee,Long-Lasting Glossy Rouge -#504 Rose Glacier - 3g,none,0.5,,,,
6974146268560,joocyee,Long-Lasting Glossy Rouge -#561 Naked Tea - 3g,none,0.5,,,,
6974146268577,joocyee,Long-Lasting Glossy Rouge -#562 Flat White - 3g,none,0.5,,,,
6974146266207,joocyee,Long-Lasting Glossy Rouge -#564 Peach Dew - 3g,none,0.5,,,,
6974146268591,joocyee,Long-Lasting Glossy Rouge -#565 Crushed Chestnut - 3g,none,0.5,,,,
6974146268843,joocyee,Long-Lasting Glossy Rouge -#567 Glitter Taupe - 3g,none,0.5,,,,
6974146268850,joocyee,Long-Lasting Glossy Rouge -#568 Glowy Brown - 3g,none,0.5,,,,
6978647805675,joocyee,Summer Fizz Mini Quad Eyeshadow,shopee,1,,SGD 2026-08-01,https://shopee.sg/-NEW-JOOCYEE-Summer-Fizz-Collection-Watery-Lip-Oil-Soft-Sculpt-Stick-Mini-Quad-Eyeshadow-Lookbook-Palette-i.1208626613.42432366403?extraParams=%7B%22display_model_id%22%3A311171785490%2C%22model_selection_logic%22%3A2%7D,
6978647801448,joocyee,Mini Quad Eyeshadow 01 Naked Dune,none,0.5,,,,
6978647801455,joocyee,Mini Quad Eyeshadow 02 Velvet Amber,none,0.5,,,,
6978647801462,joocyee,Mini Quad Eyeshadow 03 Dusty Rose,none,0.5,,,,
6978647801479,joocyee,Mini Quad Eyeshadow 04 Smoked Suede,none,0.5,,,,
6974146264838,joocyee,Essence Skin Tint -#00 Fair - 40g,none,0.5,,,,
6974146265057,joocyee,Essence Skin Tint -#01 Natural - 40g,shopee,0.6667,32.90,SGD 2026-07-29,https://shopee.sg/JOOCYEE-Essence-Skin-Tint-Natural-Finish-Hydrating-Glow-Sensitive-Skin-Friendly-BB-Cream-Lightweight-Non-Cakey-Evens-Skin-Tone-i.1208626613.52752523314?extraParams=%7B%22display_model_id%22%3A320245193695%2C%22model_selection_logic%22%3A3%7D,
6974146265514,joocyee,New Airy-Wear Long-Lasting Foundation -#1CN Porcelain - 10ml,shopee,0.625,,SGD 2026-07-29,https://shopee.sg/JOOCYEE-Airy-Wear-Long-Lasting-Foundation-Little-Silver-Cap-Foundation-Exclusive-Shades-Extension-Full-Coverage-Waterproof-Sweatproof-i.1208626613.50751505740?extraParams=%7B%22display_model_id%22%3A395137066084%2C%22model_selection_logic%22%3A2%7D,
6974146265545,joocyee,New Airy-Wear Long-Lasting Foundation -#2WG Medium Olive - 10ml,none,0.5556,,,,
6974146268423,joocyee,Airy Wear Double Sided Concealer #1,shopee,1,,SGD 2026-08-01,https://shopee.sg/JOOCYEE-AIRY-WEAR-Double-Sided-Concealer-Precision-Applicator-Lightweight-Full-Coverage-Color-Correcting-Conceal-Precise-Tip-No-Creasing-and-Oxidation-i.1208626613.47851510845?extraParams=%7B%22display_model_id%22%3A390137007950%2C%22model_selection_logic%22%3A3%7D,
6974146268430,joocyee,Airy Wear Double Sided Concealer #2,shopee,1,,SGD 2026-08-01,https://shopee.sg/JOOCYEE-AIRY-WEAR-Double-Sided-Concealer-Precision-Applicator-Lightweight-Full-Coverage-Color-Correcting-Conceal-Precise-Tip-No-Creasing-and-Oxidation-i.1208626613.47851510845?extraParams=%7B%22display_model_id%22%3A390137007950%2C%22model_selection_logic%22%3A3%7D,
6974146268447,joocyee,Airy Wear Double Sided Concealer #3,shopee,1,,SGD 2026-08-01,https://shopee.sg/JOOCYEE-AIRY-WEAR-Double-Sided-Concealer-Precision-Applicator-Lightweight-Full-Coverage-Color-Correcting-Conceal-Precise-Tip-No-Creasing-and-Oxidation-i.1208626613.47851510845?extraParams=%7B%22display_model_id%22%3A390137007950%2C%22model_selection_logic%22%3A3%7D,
6974146266023,joocyee,Long-Lasting Dewy Setting Spray - 75ml,none,0.5,,,,
6974146263473,joocyee,Jelly Highlighter Glitter Stick -#H01 Moon Dust - 2g,none,0.5,,,,
6974146263497,joocyee,Jelly Highlighter Glitter Stick -#H03 Sunbath - 2g,none,0.5714,,,,
6974146263503,joocyee,Jelly Highlighter Glitter Stick -#H04 Pink Silk - 2g,none,0.5,,,,
6974146267358,joocyee,Liquid Blush L01 Milk Pink - 8g,none,0.3333,,,,
6974146267365,joocyee,Liquid Blush L02 Light Mauve - 8g,none,0.3333,,,,
6974146267372,joocyee,Liquid Blush L03 Delicate Berry - 8g,none,0.3333,,,,
6974146267389,joocyee,Liquid Blush L04 Grey Pink - 8g,none,0.3333,,,,
6974146267396,joocyee,Liquid Blush L05 Sweet Apricot - 8g,none,0.3333,,,,
6974146267402,joocyee,Liquid Blush L06 Oat Nude - 8g,none,0.3333,,,,
6974146260076,joocyee,Matte Highlighter Powder,shopee,0.6667,20.66,SGD 2026-07-29,https://shopee.sg/JOOCYEE-BLUSH-HIGHLIGHTER-Baking-Powder-Versatile-shades-Long-lasting-Natural-Easy-to-apply-Makeup-i.1208626613.24522320282?extraParams=%7B%22display_model_id%22%3A148574754697%2C%22model_selection_logic%22%3A3%7D,
6978647802063,joocyee,2 in 1 Highlighter Pen,shopee,1,21.90,SGD 2026-07-29,https://shopee.sg/JOOCYEE-Contour-and-Highlighter-Pen-Natural-Bright-Silky-Soft-Long-lasting-Dual-end-Scythe-Brush-i.1208626613.28466621638?extraParams=%7B%22display_model_id%22%3A217948205471%2C%22model_selection_logic%22%3A3%7D,
6972786995938,judydoll,3D Curling Eyelash Iron Mascara (0° Classic and 6° Curling Basic) Classic-#01 Black - 2g,shopee,0.6,12.63,SGD 2026-07-29,https://shopee.sg/Judydoll-%E6%A9%98%E6%9C%B5-3D-Curling-Eyelash-Iron-Mascara-Waterproof-Long-lasting-Eye-Makeup-Beauty-Black-Brown-i.332457883.12124233923?extraParams=%7B%22display_model_id%22%3A102966792910%2C%22model_selection_logic%22%3A2%7D,
6976436779121,judydoll,Portable Facial Palette-#02 Deep,none,0.2,,,,
6976436778810,judydoll,Undereye Shadow Palette-#01 Lively Pink - 3.2g,none,0.2857,,,,
6978647804883,judydoll,Lip Scrub And Balm Duo - banana,none,0.4,,,,
6975242804386,judydoll,Lip Oil - Peach Honey,none,0.5,,,,
6975242806748,judydoll,3D Curling Eyelash Iron Mascara (0° Classic and 6° Curling Basic) 6°Curling Design-#01 Black - 2g,none,0.5455,,,,
6976436771170,judydoll,Mini Curling Eyelash Curler - 1pcs,none,0.4,,,,
6975242806182,judydoll,Mascara Remover,none,0.5,,,,
6976436773488,judydoll,Mini Makeup Palette-#02 Cool Tone Skin,none,0.4286,,,,
6976436776120,judydoll,Mini Makeup Palette-#03 Earthy Box,none,0.3333,,,,
6976436772573,judydoll,2 IN 1 Highlighter Contour Palette-#02 Wood - 9g,none,0.3333,,,,
6976436772580,judydoll,2 IN 1 Highlighter Contour Palette-#04 Blush Shadow - 9g,none,0.5714,,,,
6976436776212,judydoll,2 IN 1 Highlighter Contour Palette-#05 Feather Glow - 9g,none,0.2857,,,,
6978647804562,judydoll,Mini Collection Oil-Control Cushion,shopee,1,,SGD 2026-08-01,https://shopee.sg/-New-Launch-Judydoll-Mini-Collection-Lip-Gloss-Eyeshadow-Highlight-Contour-Blush-Powder-Oil-Control-Cushion-i.332457883.52063092569?extraParams=%7B%22display_model_id%22%3A401135146414%2C%22model_selection_logic%22%3A3%7D,
6975043253413,judydoll,Mini Collection Velvety Matte Long-Wear Powder,shopee,0.7143,,SGD 2026-08-01,https://shopee.sg/JUDYDOLL-%E8%B6%85%E7%A3%A8%E8%9C%9C%E7%B2%89%E9%A4%85-Velvety-Matte-Long-Wear-Powder-Soft-Focus-Setting-Powder-Oil-Control-Long-Lasting-i.332457883.50711835449?extraParams=%7B%22display_model_id%22%3A396027408313%2C%22model_selection_logic%22%3A3%7D,
6978647804463,judydoll,Mini Collection Glowy Lip Gloss 01 Lychee Gin,none,0.5,,,,
6978647804470,judydoll,Mini Collection Glowy Lip Gloss 02 Passion Fruit Rum,none,0.4444,,,,
6978647804487,judydoll,Mini Collection Glowy Lip Gloss 03 Cucumber Sparkling,none,0.5,,,,
6978647803671,judydoll,Stay Shine Lipstick-#102 Effortless Nude - 3g,none,0.4286,,,,
6976436776496,judydoll,Stay Shine Lipstick-#103 Lively Nude - 3g,none,0.4286,,,,
6976436776502,judydoll,Stay Shine Lipstick-#104 Calm Nude - 3g,none,0.4286,,,,
6978647803725,judydoll,Stay Shine Lipstick-#109 Rose Quartz - 3g,none,0.4286,,,,
6978647803732,judydoll,Stay Shine Lipstick-#110 Sunstone Glow - 3g,none,0.4286,,,,
6978647803749,judydoll,Stay Shine Lipstick-#111 Ruby Bloom - 3g,none,0.4286,,,,
6978647803756,judydoll,Stay Shine Lipstick-#112 Rlush Garnet - 3g,none,0.4286,,,,
6976436779435,judydoll,Cushion Matte Lock Lip Cream-#N101 Milky Pink - 2.6 ml,none,0.5,,,,
6976436779459,judydoll,Cushion Matte Lock Lip Cream-#N103 Hazel Sugar - 2.6ml,none,0.4444,,,,
6976436779626,judydoll,Cushion Matte Lock Lip Cream-#N12 Toffee Peach - 2.6 ml,none,0.5,,,,
6976436779534,judydoll,Cushion Matte Lock Lip Cream-#G201 Maple Amber - 2.6ml,none,0.4444,,,,
6976436779541,judydoll,Cushion Matte Lock Lip Cream-#G202 Dusty Fig - 2.6ml,none,0.4444,,,,
6976436779558,judydoll,Cushion Matte Lock Lip Cream-#G203 Coco Mocha - 2.6ml,none,0.4444,,,,
6978647805552,judydoll,Cooling Lip Gloss-#01 Extra Iced Americano - 2.5g,none,0.25,,,,
6978647805569,judydoll,Cooling Lip Gloss-#02 Rose Granita,none,0.3333,,,,
6978647805576,judydoll,Cooling Lip Gloss-#03 Walnut Ice Dew - 2.5g,none,0.375,,,,
6978647805583,judydoll,Cooling Lip Gloss-#04 Lychee Ice Brew - 2.5g,none,0.375,,,,
6978647805590,judydoll,Cooling Lip Gloss-#05 Frosted Honeydew,none,0.3333,,,,
6978647805606,judydoll,Cooling Lip Gloss-#06 Crystal Ice Pink - 2.5g,none,0.375,,,,
6976436779343,judydoll,Peel Off Stain And Plumping Oil Duo-#01 Rosy Pearl,shopee,0.6667,,SGD 2026-08-01,https://shopee.sg/-SG-EXCLUSIVE-Judydoll-%E6%A9%98%E6%9C%B5-PEEL-OFF-STAIN-AND-PLUMPING-OIL-DUO-40H-Color-Lock-Tint-Hydrating-Glassy-Lip-Gloss-2-in-1-Lip-Stain-Gloss-i.332457883.40471651482?extraParams=%7B%22display_model_id%22%3A188728126381%2C%22model_selection_logic%22%3A2%7D,
6976436779350,judydoll,Peel Off Stain And Plumping Oil Duo-#02 Lavender Mist,shopee,0.6667,,SGD 2026-08-01,https://shopee.sg/-SG-EXCLUSIVE-Judydoll-%E6%A9%98%E6%9C%B5-PEEL-OFF-STAIN-AND-PLUMPING-OIL-DUO-40H-Color-Lock-Tint-Hydrating-Glassy-Lip-Gloss-2-in-1-Lip-Stain-Gloss-i.332457883.40471651482?extraParams=%7B%22display_model_id%22%3A188728126381%2C%22model_selection_logic%22%3A2%7D,
6976436779367,judydoll,Peel Off Stain And Plumping Oil Duo-#03 Cherry Spark,shopee,0.6667,,SGD 2026-08-01,https://shopee.sg/-SG-EXCLUSIVE-Judydoll-%E6%A9%98%E6%9C%B5-PEEL-OFF-STAIN-AND-PLUMPING-OIL-DUO-40H-Color-Lock-Tint-Hydrating-Glassy-Lip-Gloss-2-in-1-Lip-Stain-Gloss-i.332457883.40471651482?extraParams=%7B%22display_model_id%22%3A188728126381%2C%22model_selection_logic%22%3A2%7D,
6976436779374,judydoll,Peel Off Stain And Plumping Oil Duo-#04 Cinnamon Glow,shopee,0.6667,,SGD 2026-08-01,https://shopee.sg/-SG-EXCLUSIVE-Judydoll-%E6%A9%98%E6%9C%B5-PEEL-OFF-STAIN-AND-PLUMPING-OIL-DUO-40H-Color-Lock-Tint-Hydrating-Glassy-Lip-Gloss-2-in-1-Lip-Stain-Gloss-i.332457883.40471651482?extraParams=%7B%22display_model_id%22%3A188728126381%2C%22model_selection_logic%22%3A2%7D,
6976436779381,judydoll,Peel Off Stain And Plumping Oil Duo-#05 Coco Bronze,shopee,0.6667,,SGD 2026-08-01,https://shopee.sg/-SG-EXCLUSIVE-Judydoll-%E6%A9%98%E6%9C%B5-PEEL-OFF-STAIN-AND-PLUMPING-OIL-DUO-40H-Color-Lock-Tint-Hydrating-Glassy-Lip-Gloss-2-in-1-Lip-Stain-Gloss-i.332457883.40471651482?extraParams=%7B%22display_model_id%22%3A188728126381%2C%22model_selection_logic%22%3A2%7D,
6976436779299,judydoll,Liquid Blush Serum-#01 Fig - 5g,none,0.5,,,,
6976436779305,judydoll,Liquid Blush Serum-#02 Pink Milk - 5g,none,0.4286,,,,
6976436779312,judydoll,Liquid Blush Serum-#03 Salmon - 5g,none,0.5,,,,
6976436779329,judydoll,Liquid Blush Serum-#04 Rosewood - 5g,none,0.5,,,,
6971053255454,judydoll,Pretty Blush Powder #35 Roasted Milktea,none,0.5,,,,
6975242807691,judydoll,Pretty Blush Powder #41 Peach Milktea,none,0.5,,,,
6975242802634,judydoll,Pretty Blush Powder #44 Milk Pink Tone,none,0.4286,,,,
6975242808780,judydoll,UV Sunscreen Makeup Cream-#01 Light Skin Tone - 40g,none,0.3333,,,,
6975242808797,judydoll,UV Sunscreen Makeup Cream-#02 Natural Tone - 40g,none,0.375,,,,
6978647801400,judydoll,Shimmery Highlighting Powder 01,none,0.25,,,,
6975242805178,judydoll,3 Pcs Finger Concealer Puff,shopee,1,7.92,SGD 2026-07-29,https://shopee.sg/JUDYDOLL-%E6%A9%98%E6%9C%B5-Finger-Puff-3-pcs-Mini-Portable-Makeup-Puff-Air-Cushion-Powder-Concealer-i.332457883.22535557830?extraParams=%7B%22display_model_id%22%3A184131565814%2C%22model_selection_logic%22%3A3%7D,
6975242802207,judydoll,3 Shade Eyebrow Powder - 2 Colors (2-3)-#02 Dark Brown - 2.7g,none,0.25,,,,
6975242802214,judydoll,3 Shade Eyebrow Powder - 2 Colors (2-3)-#03 Beige - 2.7g,none,0.2857,,,,
6976436776618,judydoll,Precision Brow Mascara 01 Ash brown,none,0.3333,,,,
6976436776625,judydoll,Precision Brow Mascara 02 Natural brown,none,0.5,,,,
6976436776632,judydoll,Precision Brow Mascara 03 Honey brown,none,0.3333,,,,
6978647802209,judydoll,Lock & Lift Tinted Brow Gel-#01 Clear - 7g,shopee,0.625,,SGD 2026-08-01,https://shopee.sg/JUDYDOLL-Lock-Lift-Tinted-Brow-Gel-Waterproof-Brow-Mascara-Natural-Brow-Colour-Long-Lasting-Hold-i.332457883.45861927975?extraParams=%7B%22display_model_id%22%3A336034947162%2C%22model_selection_logic%22%3A3%7D,
6978647802216,judydoll,Lock & Lift Tinted Brow Gel-#02 Blonde - 7g,shopee,0.625,,SGD 2026-08-01,https://shopee.sg/JUDYDOLL-Lock-Lift-Tinted-Brow-Gel-Waterproof-Brow-Mascara-Natural-Brow-Colour-Long-Lasting-Hold-i.332457883.45861927975?extraParams=%7B%22display_model_id%22%3A336034947162%2C%22model_selection_logic%22%3A3%7D,
6978647802223,judydoll,Lock & Lift Tinted Brow Gel-#03 Soft Brown - 7g,none,0.5556,,,,
6978647802230,judydoll,Lock & Lift Tinted Brow Gel-#04 Auburn - 7g,shopee,0.625,,SGD 2026-08-01,https://shopee.sg/JUDYDOLL-Lock-Lift-Tinted-Brow-Gel-Waterproof-Brow-Mascara-Natural-Brow-Colour-Long-Lasting-Hold-i.332457883.45861927975?extraParams=%7B%22display_model_id%22%3A336034947162%2C%22model_selection_logic%22%3A3%7D,
6978647802247,judydoll,Lock & Lift Tinted Brow Gel-#05 Espresso - 7g,shopee,0.625,,SGD 2026-08-01,https://shopee.sg/JUDYDOLL-Lock-Lift-Tinted-Brow-Gel-Waterproof-Brow-Mascara-Natural-Brow-Colour-Long-Lasting-Hold-i.332457883.45861927975?extraParams=%7B%22display_model_id%22%3A336034947162%2C%22model_selection_logic%22%3A3%7D,
6976436778469,judydoll,Double Under Eyeliner-#D01 Champagne Glow,none,0.3333,,,,
6976436778476,judydoll,Double Under Eyeliner-#D02 Soft Warm Nude,none,0.2857,,,,
6976436771576,judydoll,Skinny Liquid Eyeliner-#01 Black - 400mg,none,0.5,,,,
6976436771583,judydoll,Skinny Liquid Eyeliner-#02 Dark Brown - 400mg,none,0.4286,,,,
6976436771415,judydoll,Slim Liquid Eyeliner-#01 Black - 400mg (new ver),none,0.2857,,,,
6976436771422,judydoll,Slim Liquid Eyeliner-#02 Deep Brown - 400mg (new ver),none,0.25,,,,
6976436771439,judydoll,Slim Liquid Eyeliner-#03 Medium Brown - 400mg (new ver),none,0.25,,,,
6976436771446,judydoll,Slim Liquid Eyeliner-#04 Gray Brown - 400mg (new ver),none,0.25,,,,
6971053258639,judydoll,Oil-Control Matte Pressed Powder-#02 Light Skin Tone - 4g,none,0.4,,,,
6943958906403,judydoll,Setting Spray Dewy - 50ml,shopee,0.75,,SGD 2026-08-01,https://shopee.sg/JUDYDOLL-Dewy-Setting-Mist-16H-Long-Lasting-Makeup-Setting-Spray-Soft-Dewy-Finish-4D-Hydration-Lock-Technology-i.332457883.48111854755?extraParams=%7B%22display_model_id%22%3A431028144910%2C%22model_selection_logic%22%3A3%7D,
8809655950041,jumiso,All Day Vitamin Clean & Mild Facial Cleanser 150ml,shopee,0.875,,SGD 2026-07-29,https://shopee.sg/Jumiso-All-Day-Vitamin-Clean-MIld-facial-cleanser-150-ml-i.713234950.13983184488?extraParams=%7B%22display_model_id%22%3A213243068923%2C%22model_selection_logic%22%3A3%7D,
8809655950416,jumiso,All Day Vitamin Glow Boost Facial Toner 125ml,iherb,1.0,21.91,SGD 2026-08-11,https://sg.iherb.com/pr/jumiso-all-day-vitamin-glow-boost-facial-toner-4-22-fl-oz-125-ml/121690,
8809186283854,jumiso,All Day Vitamin Brightening & Balancing Facial Serum 30ml,iherb,1.0,22.65,SGD 2026-08-11,https://sg.iherb.com/pr/jumiso-all-day-vitamin-brightening-balancing-facial-serum-1-01-fl-oz-30-ml/114745,
8809826718173,jung saem mool,Essential Mool Ultra Setting Fixer Mini,none,0.3333,,,,
8809826712591,jung saem mool,Sun Sual Ice Sun Stick 16g,none,0.4,,,,
8809826712669,jung saem mool,BeginS Lip Care color Oil - pink soda,none,0.2857,,,,
8809826716698,jung saem mool,Salon.zip Volume Styling Hair Shadow - Natural brown,shopee,0.75,,SGD 2026-08-01,https://shopee.sg/-Salon.zip-Volume-Styling-Hair-Shadow-i.1005621654.42262515580?extraParams=%7B%22display_model_id%22%3A243732556741%2C%22model_selection_logic%22%3A3%7D,
8809826716681,jung saem mool,Salon.zip Volume Styling Hair Shadow - Natural black,shopee,0.75,,SGD 2026-08-01,https://shopee.sg/-Salon.zip-Volume-Styling-Hair-Shadow-i.1005621654.42262515580?extraParams=%7B%22display_model_id%22%3A243732556741%2C%22model_selection_logic%22%3A3%7D,
8809826714656,jung saem mool,JUNG SAEM MOOL Salon.zip Scalp Renewing Hair Tonic 150ml,shopee,0.6,,SGD 2026-08-01,https://shopee.sg/-Salon.zip-Scalp-Renewing-Hair-Tonic-i.1005621654.29017708550?extraParams=%7B%22display_model_id%22%3A242036217294%2C%22model_selection_logic%22%3A3%7D,
8809826716452,jung saem mool,Salon.zip Volume Styling Hair Fixer,shopee,0.8333,,SGD 2026-08-01,https://shopee.sg/-Salon.zip-Volume-Styling-Hair-Shadow-i.1005621654.42262515580?extraParams=%7B%22display_model_id%22%3A243732556741%2C%22model_selection_logic%22%3A3%7D,
8809467639523,jung saem mool,Essential Skin Nuder Cushion - Fair light,shopee,0.6667,,SGD 2026-08-01,https://shopee.sg/JUNGSAEMMOOL-Essential-Skin-Nuder-Cushion-(refill-included-for-SET)-(SPF50-PA-)-i.1005621654.21689723897?extraParams=%7B%22display_model_id%22%3A128075259922%2C%22model_selection_logic%22%3A3%7D,
8809826712645,jung saem mool,Essential Skin Nuder Cushion -  N-Light,shopee,0.8,,SGD 2026-08-01,https://shopee.sg/JUNGSAEMMOOL-Essential-Skin-Nuder-Cushion-(refill-included-for-SET)-(SPF50-PA-)-i.1005621654.21689723897?extraParams=%7B%22display_model_id%22%3A128075259922%2C%22model_selection_logic%22%3A3%7D,
8809467639530,jung saem mool,Essential Skin Nuder Cushion -  #19 Light,shopee,0.6667,,SGD 2026-08-01,https://shopee.sg/JUNGSAEMMOOL-Essential-Skin-Nuder-Cushion-(refill-included-for-SET)-(SPF50-PA-)-i.1005621654.21689723897?extraParams=%7B%22display_model_id%22%3A128075259922%2C%22model_selection_logic%22%3A3%7D,
8809467639547,jung saem mool,Essential Skin Nuder Cushion - #21 Medium,shopee,0.6667,,SGD 2026-08-01,https://shopee.sg/JUNGSAEMMOOL-Essential-Skin-Nuder-Cushion-(refill-included-for-SET)-(SPF50-PA-)-i.1005621654.21689723897?extraParams=%7B%22display_model_id%22%3A128075259922%2C%22model_selection_logic%22%3A3%7D,
8809467630186,jung saem mool,Essential Skin Nuder Cushion - Medium Deep,shopee,0.6667,,SGD 2026-08-01,https://shopee.sg/JUNGSAEMMOOL-Essential-Skin-Nuder-Cushion-(refill-included-for-SET)-(SPF50-PA-)-i.1005621654.21689723897?extraParams=%7B%22display_model_id%22%3A128075259922%2C%22model_selection_logic%22%3A3%7D,
8809467638410,jung saem mool,Magnetic Edge Puff,shopee,0.6667,,SGD 2026-08-01,https://shopee.sg/JUNGSAEMMOOL-Double-Edge-Puff-i.1005621654.26055491853?extraParams=%7B%22display_model_id%22%3A215240919410%2C%22model_selection_logic%22%3A3%7D,
8809467634160,jung saem mool,Essential Mool Micro Fitting Mist,shopee,1,23.00,SGD 2026-07-29,https://shopee.sg/JUNGSAEMMOOL-Essential-Mool-Micro-Fitting-Mist-55ml-i.1005621654.22047732820?extraParams=%7B%22display_model_id%22%3A127645233529%2C%22model_selection_logic%22%3A3%7D,
8809826710580,jung saem mool,Essential Mool Cream Mini,shopee,0.75,62.00,SGD 2026-07-29,https://shopee.sg/JUNGSAEMMOOL-Essential-Mool-Cream-Light-50ml-i.1005621654.20581676229?extraParams=%7B%22display_model_id%22%3A148290371567%2C%22model_selection_logic%22%3A3%7D,
8809467639264,jung saem mool,Skin Setting Pore Cealer,none,0.5,,,,
8809467638151,jung saem mool,Skin Nuder Pact Clear - Light,shopee,0.6,43.00,SGD 2026-07-29,https://shopee.sg/JUNGSAEMMOOL-Skin-Nuder-Pact-i.1005621654.17398067023?extraParams=%7B%22display_model_id%22%3A137645213160%2C%22model_selection_logic%22%3A3%7D,
8809467639226,jung saem mool,Skin Nuder Pact Satin - Satin Nude,shopee,0.6,43.00,SGD 2026-07-29,https://shopee.sg/JUNGSAEMMOOL-Skin-Nuder-Pact-i.1005621654.17398067023?extraParams=%7B%22display_model_id%22%3A137645213160%2C%22model_selection_logic%22%3A3%7D,
8809467638588,jung saem mool,Masterclass Powder Brush,shopee,1,,SGD 2026-08-01,https://shopee.sg/JUNGSAEMMOOL-Masterclass-Powder-Brush-i.1005621654.25150357916?extraParams=%7B%22display_model_id%22%3A39513156100%2C%22model_selection_logic%22%3A3%7D,
8809826710245,jung saem mool,Skin Nuder Cover Layer Cushion - Fair Light,shopee,0.7143,,SGD 2026-08-01,https://shopee.sg/JUNGSAEMMOOL-Skin-Nuder-Cover-Layer-Cushion-(refill-included-for-SET)-(SPF50-PA-)-i.1005621654.21490610339?extraParams=%7B%22display_model_id%22%3A138017562598%2C%22model_selection_logic%22%3A3%7D,
8809826710306,jung saem mool,Skin Nuder Cover Layer Cushion - N Light,shopee,0.8333,,SGD 2026-08-01,https://shopee.sg/JUNGSAEMMOOL-Skin-Nuder-Cover-Layer-Cushion-(refill-included-for-SET)-(SPF50-PA-)-i.1005621654.21490610339?extraParams=%7B%22display_model_id%22%3A138017562598%2C%22model_selection_logic%22%3A3%7D,
8809826710252,jung saem mool,Skin Nuder Cover Layer Cushion - Light,shopee,0.8333,,SGD 2026-08-01,https://shopee.sg/JUNGSAEMMOOL-Skin-Nuder-Cover-Layer-Cushion-(refill-included-for-SET)-(SPF50-PA-)-i.1005621654.21490610339?extraParams=%7B%22display_model_id%22%3A138017562598%2C%22model_selection_logic%22%3A3%7D,
8809826710269,jung saem mool,Skin Nuder Cover Layer Cushion - Medium,shopee,0.8333,,SGD 2026-08-01,https://shopee.sg/JUNGSAEMMOOL-Skin-Nuder-Cover-Layer-Cushion-(refill-included-for-SET)-(SPF50-PA-)-i.1005621654.21490610339?extraParams=%7B%22display_model_id%22%3A138017562598%2C%22model_selection_logic%22%3A3%7D,
8809826711099,jung saem mool,Skin Nuder Cover Layer Cushion - Medium Deep,shopee,0.7143,,SGD 2026-08-01,https://shopee.sg/JUNGSAEMMOOL-Skin-Nuder-Cover-Layer-Cushion-(refill-included-for-SET)-(SPF50-PA-)-i.1005621654.21490610339?extraParams=%7B%22display_model_id%22%3A138017562598%2C%22model_selection_logic%22%3A3%7D,
8809826711815,jung saem mool,Pro-Lasting Finish Powder Pact Bare Blur,shopee,0.8571,,SGD 2026-08-01,https://shopee.sg/JUNGSAEMMOOL-Pro-lasting-Finish-Powder-(Bare-blur)-i.1005621654.22273185960?extraParams=%7B%22display_model_id%22%3A186895080959%2C%22model_selection_logic%22%3A3%7D,
8809826716629,jung saem mool,Pro-Lasting Finish Powder Pact Sheer Lavender,shopee,0.7143,42.00,SGD 2026-07-29,https://shopee.sg/JUNGSAEMMOOL-Pro-lasting-Finish-Powder-Pact-i.1005621654.22947697932?extraParams=%7B%22display_model_id%22%3A225430563987%2C%22model_selection_logic%22%3A3%7D,
8809826716612,jung saem mool,Pro-Lasting Finish Powder Pact Sheer Pink,shopee,0.7143,42.00,SGD 2026-07-29,https://shopee.sg/JUNGSAEMMOOL-Pro-lasting-Finish-Powder-Pact-i.1005621654.22947697932?extraParams=%7B%22display_model_id%22%3A225430563987%2C%22model_selection_logic%22%3A3%7D,
8809826717084,jung saem mool,Artist Cushion Blush Bubbly Pink,shopee,0.6,,SGD 2026-08-01,https://shopee.sg/JUNGSAEMMOOL-Artist-Cushion-Blush-(Dewy-Finish)-i.1005621654.41851075134?extraParams=%7B%22display_model_id%22%3A270085484209%2C%22model_selection_logic%22%3A3%7D,
8809826717053,jung saem mool,Artist Cushion Blush Coral Halo,shopee,0.6,,SGD 2026-08-01,https://shopee.sg/JUNGSAEMMOOL-Artist-Cushion-Blush-(Dewy-Finish)-i.1005621654.41851075134?extraParams=%7B%22display_model_id%22%3A270085484209%2C%22model_selection_logic%22%3A3%7D,
8809826717039,jung saem mool,Artist Cushion Blush Dewy Coral,shopee,0.8,,SGD 2026-08-01,https://shopee.sg/JUNGSAEMMOOL-Artist-Cushion-Blush-(Dewy-Finish)-i.1005621654.41851075134?extraParams=%7B%22display_model_id%22%3A270085484209%2C%22model_selection_logic%22%3A3%7D,
8809826717077,jung saem mool,Artist Cushion Blush Lavender Pink,shopee,0.6,,SGD 2026-08-01,https://shopee.sg/JUNGSAEMMOOL-Artist-Cushion-Blush-(Dewy-Finish)-i.1005621654.41851075134?extraParams=%7B%22display_model_id%22%3A270085484209%2C%22model_selection_logic%22%3A3%7D,
8809826717091,jung saem mool,Artist Cushion Blush Odd Mauve,shopee,0.6,,SGD 2026-08-01,https://shopee.sg/JUNGSAEMMOOL-Artist-Cushion-Blush-(Dewy-Finish)-i.1005621654.41851075134?extraParams=%7B%22display_model_id%22%3A270085484209%2C%22model_selection_logic%22%3A3%7D,
8809826717046,jung saem mool,Artist Cushion Blush Peach Nectar,shopee,0.6,,SGD 2026-08-01,https://shopee.sg/JUNGSAEMMOOL-Artist-Cushion-Blush-(Dewy-Finish)-i.1005621654.41851075134?extraParams=%7B%22display_model_id%22%3A270085484209%2C%22model_selection_logic%22%3A3%7D,
8809826717022,jung saem mool,Artist Cushion Blush Ruddy Beige,shopee,0.6,,SGD 2026-08-01,https://shopee.sg/JUNGSAEMMOOL-Artist-Cushion-Blush-(Dewy-Finish)-i.1005621654.41851075134?extraParams=%7B%22display_model_id%22%3A270085484209%2C%22model_selection_logic%22%3A3%7D,
8809826717060,jung saem mool,Artist Cushion Blush Rare Rose,shopee,0.6,,SGD 2026-08-01,https://shopee.sg/JUNGSAEMMOOL-Artist-Cushion-Blush-(Dewy-Finish)-i.1005621654.41851075134?extraParams=%7B%22display_model_id%22%3A270085484209%2C%22model_selection_logic%22%3A3%7D,
8809695240508,k-secret,SEOUL 1988 Serum : Retinal Liposome 2% + Black Ginseng 30ml,iherb,1.0,23.10,SGD 2026-08-11,https://sg.iherb.com/pr/k-secret-seoul-1988-serum-retinal-liposome-2-black-ginseng-1-01-fl-oz-30-ml/153117,
8809695240560,k-secret,SEOUL 1988 Cleansing Oil : Pine Cica 1% + Probiotics 200ml,iherb,1.0,,SGD 2026-08-11,https://sg.iherb.com/pr/k-secret-seoul-1988-cleansing-oil-pine-cica-1-probiotics-6-76-fl-oz-200-ml/153114,
8809695240584,k-secret,SEOUL 1988 Cream : Retinal Liposome 1% + Fermented Rice 50ml,iherb,1.0,26.97,SGD 2026-08-11,https://sg.iherb.com/pr/k-secret-seoul-1988-cream-retinal-liposome-1-fermented-rice-1-69-fl-oz-50-ml/153112,
8809695240676,k-secret,SEOUL 1988 Advanced Shot : Retinal Liposome 12% + Black Rice 15ml,none,,,,,
8809695240577,k-secret,SEOUL 1988 Eye Cream : Retinal Liposome 4% + Fermented Bean 30ml,iherb,1.0,22.63,SGD 2026-08-11,https://sg.iherb.com/pr/k-secret-seoul-1988-eye-cream-retinal-liposome-4-fermented-bean-1-01-fl-oz-30-ml/153110,
8809695240188,k-secret,Eye Gel Patches Instant Relief,iherb,1.0,22.10,SGD 2026-08-11,https://sg.iherb.com/pr/k-secret-eye-gel-patches-instant-relief-60-patches/153118,
8809695240195,k-secret,Eye Gel Patches Advanced Regenerating,iherb,1.0,22.10,SGD 2026-08-11,https://sg.iherb.com/pr/k-secret-eye-gel-patches-advanced-regenerating-60-patches/153115,
8809695241079,k-secret,SEOUL 1988 Retinal Glow Eye Patch : RETI-NAD + Turmeric,none,,,,,
8809695240706,k-secret,SEOUL 1988 Sleeping Mask : Collagen Complex 7 + Red Bean 60ml,none,,,,,
8809888882744,keyth,Perfumed Hand Cream #At her apartment,iherb,1.0,22.46,SGD 2026-08-11,https://sg.iherb.com/pr/keyth-perfumed-hand-cream-at-her-apartment-2-36-fl-oz-70-ml/153031,
8809888882720,keyth,Perfumed Hand Cream #Dropped pearl of dragon,none,,,,,
8809888882768,keyth,Perfumed Hand Cream #Hipnotic fog,none,,,,,
8809888882751,keyth,Perfumed Hand Cream #Epic Fleur,iherb,1.0,30.31,SGD 2026-08-11,https://sg.iherb.com/pr/keyth-perfumed-hand-cream-epic-fleur-2-36-fl-oz-70-ml/153032,
8809888882737,keyth,Perfumed Hand Cream #So black oud,iherb,1.0,26.27,SGD 2026-08-11,https://sg.iherb.com/pr/keyth-perfumed-hand-cream-so-black-oud-2-36-fl-oz-70-ml/153033,
8809482367432,klavuu,Actress Backstage Eyelash Booster Serum 10g,none,,,,,
4987072066447,kobayashi,Kobayashi - Lingerie Soap 120ml,none,,,,,
4971710578164,kose,Suncut Tone Up UV Essence Sunblock SPF 50+ PA++++ (yellow lemon),none,,,,,
4971710313673,kose,Fresh Care Dry Shampoo Sheet,none,,,,,
4971710394269,kose,Peanuts Snoopy S Carat Deodorant Cool Body Sheet #summer floral 20pcs,none,,,,,
8809450981233,lagom,Cellup Micro Foam Cleanser 2025 Ver - 120ml,iherb,1.0,19.43,SGD 2026-08-11,https://sg.iherb.com/pr/lagom-cellup-micro-foam-cleanser-4-05-fl-oz-120-ml/148225,
8809450981240,lagom,Cellup Gel To Water Cleanser 2025 Ver - 170ml,iherb,1.0,27.35,SGD 2026-08-11,https://sg.iherb.com/pr/lagom-cellup-gel-to-water-cleanser-5-74-fl-oz-170-ml/148224,
8809450981660,lagom,Cellus Sun Gel Plus 40ml,none,,,,,
No barcode,laneige,Lip Sleeping Mask EX Mini 3g,none,,,,,
No barcode,laneige,Water Sleeping Mask Mini,none,,,,,
No barcode,laneige,Lip Sleeping Mask Gummy Bear Mini 3g,none,,,,,
No barcode,laneige,Lip Sleeping Mask Mango Mini 3g,none,,,,,
No barcode,laneige,Lip Sleeping Mask Sweet Candy Mini 3g,none,,,,,
8809925198319,laneige,Lip Glowy Balm Sweet Candy,shopee,0.6,24.25,SGD 2026-07-30,https://shopee.sg/-LANEIGE-Official-Lip-Glowy-Balm-10g-Select-from-6-Variants-Hydrates-Smoothes-Nourishes-Dry-Lips-i.63665185.29700799754?extraParams=%7B%22display_model_id%22%3A167033997184%2C%22model_selection_logic%22%3A3%7D,
8809925198333,laneige,Lip Glowy Balm Berry,shopee,0.75,24.25,SGD 2026-07-30,https://shopee.sg/-LANEIGE-Official-Lip-Glowy-Balm-10g-Select-from-6-Variants-Hydrates-Smoothes-Nourishes-Dry-Lips-i.63665185.29700799754?extraParams=%7B%22display_model_id%22%3A167033997184%2C%22model_selection_logic%22%3A3%7D,
8809803573061,laneige,Water Bank Blue Hyaluronic Gel Cream 50ml,shopee,1,,SGD 2026-08-01,https://shopee.sg/-LANEIGE-Official-Water-Bank-Blue-Hyaluronic-Gel-Cream-50ml-50ml-Deeply-Hydrates-Rebalances-Combination-Oily-Skin-i.63665185.20302102505?extraParams=%7B%22display_model_id%22%3A38773449467%2C%22model_selection_logic%22%3A3%7D,
8809925196353,laneige,Water Sleeping Mask 70ml,shopee,1,,SGD 2026-08-01,https://shopee.sg/LANEIGE-Water-Sleeping-Mask-70ml-70ml-i.63665185.23654208985?extraParams=%7B%22display_model_id%22%3A39347655160%2C%22model_selection_logic%22%3A3%7D,
8809925206342,laneige,Water Bank Gentle Gel Cleanser 250ml,shopee,1,,SGD 2026-08-01,https://shopee.sg/LANEIGE-Water-Bank-Gentle-Gel-Cleanser-250ml-Mild-Pore-Care-Cleanser-Reduces-Skin-Irritation-i.63665185.28571435001?extraParams=%7B%22display_model_id%22%3A233621011788%2C%22model_selection_logic%22%3A3%7D,
8809803540087,laneige,Water Bank Blue Hyaluronic Essence Toner - Normal to Dry Skin,shopee,0.7778,37.79,SGD 2026-07-30,https://shopee.sg/-LANEIGE-Official-Water-Bank-Blue-Hyaluronic-Essence-Toner-160mL-Select-from-2-Variants-Hydrates-Smoothes-Skin-i.63665185.15950841550?extraParams=%7B%22display_model_id%22%3A134214654447%2C%22model_selection_logic%22%3A3%7D,
8809803540070,laneige,Water Bank Blue Hyaluronic Essence Toner - Combination to Oily Skin,shopee,0.7778,,SGD 2026-08-01,https://shopee.sg/-LANEIGE-Official-Water-Bank-Blue-Hyaluronic-Gel-Cream-50ml-50ml-Deeply-Hydrates-Rebalances-Combination-Oily-Skin-i.63665185.20302102505?extraParams=%7B%22display_model_id%22%3A38773449467%2C%22model_selection_logic%22%3A3%7D,
8809925200623,laneige,Water Bank Aqua Facial,shopee,1,,SGD 2026-08-01,https://shopee.sg/-LANEIGE-Official-Water-Bank-Aqua-Facial-30ml-i.63665185.44028005241?extraParams=%7B%22display_model_id%22%3A385459947084%2C%22model_selection_logic%22%3A3%7D,
8809803540025,laneige,Water Bank Blue Hyaluronic Serum 50ml,shopee,1,,SGD 2026-08-01,https://shopee.sg/LANEIGE-Water-Bank-Blue-Hyaluronic-Serum-50ml-50ml-i.63665185.20302102923?extraParams=%7B%22display_model_id%22%3A106597866391%2C%22model_selection_logic%22%3A3%7D,
8809925133297,laneige,Bouncy & Firm Sleeping Mask 60ml,shopee,1,42.56,SGD 2026-07-30,https://shopee.sg/-LANEIGE-Official-Bouncy-Firm-Sleeping-Mask-60ml-Visibly-Plumps-Firms-Skin-with-Peony-Collagen-Complex-i.63665185.25264643356?extraParams=%7B%22display_model_id%22%3A194925028913%2C%22model_selection_logic%22%3A3%7D,
8800283655209,laneige,Neo Cushion The Matte 2026 Ver - #21W Warm Beige,none,0.375,,,,
8800283655223,laneige,Neo Cushion The Matte 2026 Ver - #25C Cool Tan,none,0.375,,,,
8809925198296,laneige,Lip Glowy Balm Blueberry,shopee,0.75,24.25,SGD 2026-07-30,https://shopee.sg/-LANEIGE-Official-Lip-Glowy-Balm-10g-Select-from-6-Variants-Hydrates-Smoothes-Nourishes-Dry-Lips-i.63665185.29700799754?extraParams=%7B%22display_model_id%22%3A167033997184%2C%22model_selection_logic%22%3A3%7D,
8809925198326,laneige,Lip Glowy Balm Gummy Bear,shopee,0.6,24.25,SGD 2026-07-30,https://shopee.sg/-LANEIGE-Official-Lip-Glowy-Balm-10g-Select-from-6-Variants-Hydrates-Smoothes-Nourishes-Dry-Lips-i.63665185.29700799754?extraParams=%7B%22display_model_id%22%3A167033997184%2C%22model_selection_logic%22%3A3%7D,
8809925198289,laneige,Lip Glowy Balm Mango,shopee,1,,SGD 2026-07-30,https://shopee.sg/(NEW-LAUNCH)-LANEIGE-Lip-Glowy-Balm-10g-Acai-Mango-Smoothie-Collection-Hydrates-Smoothes-Nourishes-Dry-Lips-i.63665185.45113927753?extraParams=%7B%22display_model_id%22%3A396202212783%2C%22model_selection_logic%22%3A3%7D,
8809925198302,laneige,Lip Glowy Balm Vanilla,shopee,0.75,24.25,SGD 2026-07-30,https://shopee.sg/-LANEIGE-Official-Lip-Glowy-Balm-10g-Select-from-6-Variants-Hydrates-Smoothes-Nourishes-Dry-Lips-i.63665185.29700799754?extraParams=%7B%22display_model_id%22%3A167033997184%2C%22model_selection_logic%22%3A3%7D,
8809331319957,lebelage,Mega Cooling Sun Cushion,none,,,,,
4903301333296,lion,Ban Refreshing Premium Sheet Cool Type Cool Citrus - 30 pcs,none,,,,,
8858842026144,lipit,Umbrella Sun Balm SPF 50+ PA++++ - icy grape,none,,,,,
6979478348430,litology,98% High Purity PDRN Hydrating Purifying Cleansing Gel 100g,none,,,,,
6978647800731,litology,Blackhead Removal Shovel,none,,,,,
6978647801134,litology,98% High Purity PDRN Hydrating Essence Toner 50ml,none,,,,,
6979478343664,litology,98% High Purity PDRN Revival Lifting Essence Cream 15g,none,,,,,
6978647801103,litology,98% High Purity PDRN Hydrating Essence Mask,none,,,,,
6972884782782,litology,98% High Purity PDRN Blackhead Removal Nose Strip 30pcs,none,,,,,
4550516493736,ma cherie,Ma Cherie Moisture Shampoo,none,,,,,
4550516493750,ma cherie,Ma Cherie Moisture Conditioner,none,,,,,
4550516494054,ma cherie,Ma Cherie Hair Gelee EX F Soft Wave,none,,,,,
4550516493996,ma cherie,Ma Cherie Perfect Shower EX F Smooth,none,,,,,
4550516493835,ma cherie,Ma Cherie Hair Oil Mask EX F,none,,,,,
4902806127881,mandom,Gatsby Powdered Oil Clear Paper,none,,,,,
6926891828186,maogeping,Fantasy Bloom Dewy Crystal Gloss 104,none,,,,,
6926891828346,maogeping,Fantasy Bloom Glow Cheek Stick - 101,none,,,,,
6926891828353,maogeping,Fantasy Bloom Glow Cheek Stick - 102,none,,,,,
6926891828155,maogeping,Fantasy Bloom Dewy Crystal Gloss 101,none,,,,,
6926891828162,maogeping,Fantasy Bloom Dewy Crystal Gloss 102,none,,,,,
6926891828179,maogeping,Fantasy Bloom Dewy Crystal Gloss 103,none,,,,,
6926891828193,maogeping,Fantasy Bloom Dewy Crystal Gloss 105,none,,,,,
6926891824379,maogeping,Astral Glory Long-Lasting Cushion Foundation-#701 - 14g,none,,,,,
6926891824386,maogeping,Astral Glory Long-Lasting Cushion Foundation-#702 - 14g,none,,,,,
6926891818880,maogeping,Luxury Caviar Flawless Cushion Liquid Foundation SPF30 PA+++-#801 - 14g,none,,,,,
6926891818897,maogeping,Luxury Caviar Flawless Cushion Liquid Foundation SPF30 PA+++-#802 - 14g,none,,,,,
6926891824164,maogeping,Luminous Light Veiling Pressed Powder (11.5g)-#801 - 11.5g,none,,,,,
6926891824171,maogeping,Luminous Light Veiling Pressed Powder (11.5g)-#802 - 11.5g,none,,,,,
6926891819856,maogeping,3D Light Contour Pressed Powder Palette,none,,,,,
6926891821767,maogeping,Gauzy Magic Blush-#801 - 3.5g,none,,,,,
6926891821774,maogeping,Gauzy Magic Blush-#802 - 3.5g,none,,,,,
6926891821781,maogeping,Gauzy Magic Blush-#803 - 3.5g,none,,,,,
6926891821811,maogeping,Gauzy Magic Blush-#806 - 3.5g,none,,,,,
6926891824355,maogeping,Gauzy Magic Blush-#814 - 3.5g,none,,,,,
6926891824362,maogeping,Gauzy Magic Blush-#818 - 3.5g,none,,,,,
6926891824713,maogeping,Luminous Transparent Loose Powder-#801 (Black Wing Edition) - 8g,none,,,,,
6926891820395,maogeping,Luminous Colorful Loose Powder-#801 - 6.5g,none,,,,,
6926891820401,maogeping,Luminous Colorful Loose Powder-#802 - 6.5g,none,,,,,
6926891824652,maogeping,Feathery Air Matte Lip Glaze-#801 - 6.5ml,none,,,,,
6926891824669,maogeping,Feathery Air Matte Lip Glaze-#802 - 6.5ml,none,,,,,
6926891824676,maogeping,Feathery Air Matte Lip Glaze-#803 - 6.5ml,none,,,,,
6926891824683,maogeping,Feathery Air Matte Lip Glaze-#804 - 6.5ml,none,,,,,
6926891824690,maogeping,Feathery Air Matte Lip Glaze-#805 - 6.5ml,none,,,,,
6926891824706,maogeping,Feathery Air Matte Lip Glaze-#806 - 6.5ml,none,,,,,
6926891824751,maogeping,Feathery Air Matte Lip Glaze-#807 - 6.5ml,none,,,,,
6926891826052,maogeping,Celestial Radiance Eyeshadow-#S801 - 2.5g,none,,,,,
6926891826069,maogeping,Celestial Radiance Eyeshadow-#S802 - 2.5g,none,,,,,
6926891826076,maogeping,Celestial Radiance Eyeshadow-#S803 - 2.5g,none,,,,,
6926891826083,maogeping,Celestial Radiance Eyeshadow-#S804 - 2.5g,none,,,,,
6926891826090,maogeping,Celestial Radiance Eyeshadow-#S805 - 2.5g,none,,,,,
6926891824485,maogeping,Fresh Makeup UV Primer SPF50+/PA+++ 30ml,none,,,,,
6926891824959,maogeping,Ivory Skin Primer Cream,none,,,,,
6926891827271,maogeping,Perfecting Radiance Primer Cream-#811 - 30ml,none,,,,,
8809510000812,marshique,Wrinkle Repair Forehead Line Patch 2026 Ver - 15 patches,none,,,,,
8809510000614,marshique,Wrinkle Repair Frown Line Patch 2026 Ver - 60 patches,none,,,,,
8809510000652,marshique,Wrinkle Repair Smile Line Patch 2026 Ver - 60 patches,none,,,,,
8809510001116,marshique,Line Lifting Hydrogel Jawline Patch 3 patches,none,,,,,
8809510001215,marshique,Enriched Makeup Fixing Sealer 9.5ml,none,,,,,
8809510000621,marshique,Enriched Lash Serum Black 7.5ml,none,,,,,
8809510001086,marshique,Enriched Lash Serum Intense #01 Black,none,,,,,
8809510000676,marshique,Enriched Lash Serum Intense #02 Brown,none,,,,,
8809510000775,marshique,Enriched Lash Serum Intense #03 Ash,none,,,,,
8809510000874,marshique,Enriched Lash & Brow Self Perm Kit 1 set,none,,,,,
8809510000034,marshique,Enriched Lash & Brow Serum 7.5g,none,,,,,
8809744060088,masil,8 Seconds Salon Super Mild Hair Mask,none,,,,,
8809744060057,masil,8 Seconds Liquid Hair Mask,none,,,,,
8809744060033,masil,9 Protein Perfume Silk Balm,none,,,,,
8809744060439,masil,5 Probiotics Apple Vinegar Shampoo,none,,,,,
8809744060392,masil,5 Probiotics Color Radiance Shampoo,none,,,,,
8809744060415,masil,5 Probiotics Perfect Volume Shampoo,none,,,,,
8800361911142,maxclinic,Sunkill Mineral UV Sun Powder,none,,,,,
8800366241060,medicube,Vanilla Hair Body Fragrance Mist Mini 100ml,none,0.5714,,,,
8800256115532,medicube,PDRN PINK EXOSOME SHOT SERUM 2000 30ml,iherb,1.0,26.82,SGD 2026-08-11,https://sg.iherb.com/pr/medicube-pdrn-pink-collagen-exosome-shot-serum-2000-1-01-fl-oz-30-ml/154372,
8800256113101,medicube,PDRN PINK HYALURONIC MOISTURIZING CREAM 50ml,shopee,0.8333,,SGD 2026-07-30,https://shopee.sg/-medicube-official-PDRN-Pink-Tone-Up-Sun-Cream-50ml-Light-Daily-Sunscreen-Moisturizing-i.140962220.25195128698?extraParams=%7B%22display_model_id%22%3A290198064417%2C%22model_selection_logic%22%3A2%7D,
8800289478772,medicube,PDRN PINK COLLAGEN GLOW JELLY MIST SERUM 100ml,iherb,1.0,26.23,SGD 2026-08-11,https://sg.iherb.com/pr/medicube-pdrn-pink-collagen-glow-jelly-mist-serum-3-38-fl-oz-100-ml/160152,
8809517413936,medicube,Red Clear Cica Body Mist 200ml,none,0.3333,,,,
8800256108053,medicube,PDRN PINK PEPTIDE SERUM 30ml,iherb,1.0,26.82,SGD 2026-08-11,https://sg.iherb.com/pr/medicube-pdrn-pink-peptide-serum-1-01-fl-oz-30-ml/150469,
8800289468674,medicube,(US) AGE-R BOOSTER PRO X2 WHITE,shopee,0.6667,,SGD 2026-08-01,https://shopee.sg/-medicube-official-AGE%E2%80%91R-Booster-Pro-X2%E2%84%A2-7-in-1-Glow-Beauty-Device-Double-Care-for-All-Skin-Concern-i.140962220.50662305383?extraParams=%7B%22display_model_id%22%3A341115642293%2C%22model_selection_logic%22%3A3%7D,
8800256113217,medicube,COLLAGEN NIGHT WRAPPING MASK,iherb,1.0,31.85,SGD 2026-08-11,https://sg.iherb.com/pr/medicube-collagen-night-wrapping-mask-2-53-fl-oz-75-ml/150472,
8800289461552,medicube,COLLAGEN GLOW SUNSCREEN 50ml,shopee,0.75,,SGD 2026-07-30,https://shopee.sg/-medicube-official-No-Cast-Just-Glow-Collagen-Sunscreen-SPF-50-Lightweight-Non-Sticky-Hydrating-Formula-i.140962220.55608099013?extraParams=%7B%22display_model_id%22%3A400720089350%2C%22model_selection_logic%22%3A3%7D,
8800240576608,medicube,COLLAGEN FIRMING SUNCREAM 50ml,none,0.5,,,,
8800256114665,medicube,2024 ZERO PORE PAD 2.0,iherb,1.0,28.79,SGD 2026-08-11,https://sg.iherb.com/pr/medicube-zero-pore-pad-2-0-70-pads/155731,
8800289467240,medicube,ZERO PORE ONE DAY PEPTIDE SERUM 30ml,none,0.4286,,,,
8809981334928,medicube,ONE DAY EXOSOME SHOT PORE SERUM 2000 30ml,iherb,1.0,28.06,SGD 2026-08-11,https://sg.iherb.com/pr/medicube-one-day-exosome-shot-2000-1-01-fl-oz-30-ml/148693,
8800289477416,medicube,KOJIC ACID TURMERIC NIACINAMIDE SERUM 30ml,shopee,1,,SGD 2026-08-01,https://shopee.sg/-medicube-official-Kojic-Acid-Vita-Turmeric-Niacinamide-Dark-Spot-Capsule-Serum-30ml-Brightening-Radiance-i.140962220.26691355165?extraParams=%7B%22display_model_id%22%3A276506683609%2C%22model_selection_logic%22%3A3%7D,
8800289474859,medicube,KOJIC ACID TURMERIC NIGHT WRAPPING MASK 75ml,iherb,1.0,34.77,SGD 2026-08-11,https://sg.iherb.com/pr/medicube-kojic-acid-turmeric-night-wrapping-beauty-mask-2-53-fl-oz-75-ml/154356,
8809982769866,medicube,DEEP VITA C CAPSULE CREAM 55g,iherb,1.0,32.90,SGD 2026-08-11,https://sg.iherb.com/pr/medicube-deep-vita-c-capsule-cream-1-94-oz-55-g/148697,
8800240579838,medicube,DEEP LIFTING PEPTIDE EYE CREAM FOR FACE 30ml,shopee,0.7143,,SGD 2026-07-30,https://shopee.sg/-medicube-official-Deep-Lifting-Peptide-Eye-Cream-Target-crow's-feet-and-saggy-puffy-under-eye-area-i.140962220.4479456462?extraParams=%7B%22display_model_id%22%3A63708092631%2C%22model_selection_logic%22%3A3%7D,
8800240575298,medicube,Zero Foam Cleanser 120ml,iherb,1.0,14.44,SGD 2026-08-11,https://sg.iherb.com/pr/medicube-zero-foam-cleanser-4-23-oz-120-g/152020,
8800240567330,medicube,Zero Pore Cream 2.0 50ml,iherb,1.0,25.61,SGD 2026-08-11,https://sg.iherb.com/pr/medicube-zero-pore-cream-2-0-1-69-fl-oz-50-ml/150884,
8809960356767,medicube,Zero Pore Blackhead Mud Mask 100g,shopee,0.8333,,SGD 2026-07-30,https://shopee.sg/-medicube-official-Zero-Pore-Blackhead-Mud-Mask-i.140962220.26753692578?extraParams=%7B%22display_model_id%22%3A247803844766%2C%22model_selection_logic%22%3A3%7D,
8800289462719,medicube,PDRN PINK PEPTIE SERUM ULTRA LIGHT 30ml,shopee,0.8571,,SGD 2026-07-30,https://shopee.sg/-medicube-official-Ultra-Light-PDRN-Pink-Peptide-Serum-(30ml-110ml)-Ligthweight-Deep-Hydration-Skin-Barrier-i.140962220.48107363961?extraParams=%7B%22display_model_id%22%3A420690827816%2C%22model_selection_logic%22%3A2%7D,
8800256115365,medicube,PDRN PINK ONE DAY SERUM 1.5ml x 10pcs,shopee,0.7143,7.90,SGD 2026-07-30,https://shopee.sg/-medicube-official-Salmon-PDRN-Pink-One-Day-Serum-99-Salmon-PDRN-Magic-Instant-Brightening-Hydration-i.140962220.24240181730?extraParams=%7B%22display_model_id%22%3A176904554741%2C%22model_selection_logic%22%3A3%7D,
8800256119042,medicube,PDRN PINK PEPTIDE EYE CREAM 30ml,iherb,1.0,25.01,SGD 2026-08-11,https://sg.iherb.com/pr/medicube-pdrn-pink-peptide-eye-cream-1-01-fl-oz-30-ml/154377,
8800256114320,medicube,TRIPLE COLLAGEN TONER 4.0 140ml,iherb,1.0,17.44,SGD 2026-08-11,https://sg.iherb.com/pr/medicube-triple-collagen-toner-4-73-fl-oz-140-ml/150879,
8809981339206,medicube,COLLAGEN GLOW BOOSTER SERUM 15ml,iherb,1.0,25.94,SGD 2026-08-11,https://sg.iherb.com/pr/medicube-collagen-glow-booster-serum-0-50-fl-oz-15-ml/154361,
8800256112227,medicube,COLLAGEN JELLY CREAM 50ml,iherb,1.0,21.36,SGD 2026-08-11,https://sg.iherb.com/pr/medicube-collagen-jelly-cream-1-69-fl-oz-50-ml/150470,
8800256114313,medicube,TRIPLE COLLAGEN CREAM 4.0 50ml,none,0.5,,,,
8809517411352,medicube,RED FOAM CLEANSER 2020 230ml,shopee,0.8,25.50,SGD 2026-07-30,https://shopee.sg/-medicube-official-Red-Foam-Cleanser-230ml-Jumbo-Size-for-acne-sensitive-skin-i.140962220.6605263024?extraParams=%7B%22display_model_id%22%3A41878185851%2C%22model_selection_logic%22%3A3%7D,
8800289479991,medicube,HYPOCHLOROUS ACID DAILY FACIAL SPRAY 125ml,shopee,0.8333,,SGD 2026-07-30,https://shopee.sg/-medicube-official-Hypochlorous-Acid-Face-Spray-(50ml-125ml)-For-All-Skin-Types-Delicate-Skin-Daily-Solution-i.140962220.40758001653?extraParams=%7B%22display_model_id%22%3A330146516142%2C%22model_selection_logic%22%3A3%7D,
8800256119226,medicube,ZERO PORE CLEARING CAPSULE CLEANSING FOAM,shopee,0.8333,,SGD 2026-07-30,https://shopee.sg/-medicube-official-Zero-Pore-Sa-Clear-Capsule-Cleansing-Foam-i.140962220.43400700305?extraParams=%7B%22display_model_id%22%3A89184879201%2C%22model_selection_logic%22%3A3%7D,
8800256119141,medicube,Hyaluronic Multi Peptide Serum 30ml,shopee,0.8,,SGD 2026-07-30,https://shopee.sg/-medicube-official-Hyaluronic-Multi-Peptide-Serum-Liquid-skin-booster-in-a-bottle-i.140962220.29277713276?extraParams=%7B%22display_model_id%22%3A215878099782%2C%22model_selection_logic%22%3A3%7D,
8800289477423,medicube,Hyaluronic ceramide Jelly cream 50ml,iherb,1.0,22.76,SGD 2026-08-11,https://sg.iherb.com/pr/medicube-hyaluronic-ceramide-jelly-cream-1-69-fl-oz-50-ml/156767,
8800289477478,medicube,Hyaluronic moisturizing capsule cream 55g,iherb,1.0,39.72,SGD 2026-08-11,https://sg.iherb.com/pr/medicube-hyaluronic-moisturizing-capsule-cream-1-94-oz-55-g/156766,
8800289475023,medicube,KOJIC ACID TURMERIC RESURFACING TONER 250ml,shopee,0.6667,,SGD 2026-08-01,https://shopee.sg/-medicube-official-Vita-Turmeric-Resurfacing-Toner-250ml-Dark-Spots-Radiance-Texture-i.140962220.44413878381?extraParams=%7B%22display_model_id%22%3A291146596641%2C%22model_selection_logic%22%3A3%7D,
8800289479588,medicube,KOJIC ACID TURMERIC VITA CAPSULE CREAM 53g,shopee,0.7143,,SGD 2026-08-01,https://shopee.sg/-medicube-official-Kojic-Acid-Vita-Turmeric-Niacinamide-Dark-Spot-Capsule-Serum-30ml-Brightening-Radiance-i.140962220.26691355165?extraParams=%7B%22display_model_id%22%3A276506683609%2C%22model_selection_logic%22%3A3%7D,
8800289479977,medicube,DEEP VITA C CAPSULE SERUM 30ml,shopee,0.8,,SGD 2026-08-01,https://shopee.sg/-medicube-official-Kojic-Acid-Vita-Turmeric-Niacinamide-Dark-Spot-Capsule-Serum-30ml-Brightening-Radiance-i.140962220.26691355165?extraParams=%7B%22display_model_id%22%3A276506683609%2C%22model_selection_logic%22%3A3%7D,
8800240566944,medicube,DEEP VITA C AMPOULE,shopee,1,,SGD 2026-07-21,https://shopee.sg/-medicube-official-Deep-Vita-C-Ampoule-i.140962220.3737810427?extraParams=%7B%22display_model_id%22%3A148768008741%2C%22model_selection_logic%22%3A3%7D,
8800256115167,medicube,Zero Pore Toner 250ml,iherb,1.0,,SGD 2026-08-11,https://sg.iherb.com/pr/medicube-zero-pore-toner-8-45-fl-oz-250-ml/154369,
8800256114283,medicube,Zero Pore Serum 2.0 37ml,iherb,1.0,21.01,SGD 2026-08-11,https://sg.iherb.com/pr/medicube-zero-pore-serum-2-0-1-25-fl-oz-37-ml/150877,
8800256115556,medicube,One Day Exosome Shot Pore Ampoule 25000 13ml,none,0.375,,,,
8800256114610,medicube,Zero Pore Blackhead Cleansing Oil 205ml,iherb,1.0,23.30,SGD 2026-08-11,https://sg.iherb.com/pr/medicube-zero-pore-blackhead-deep-cleansing-oil-6-93-fl-oz-205-ml/150876,
8809517411345,medicube,Red Foam Cleanser 120ml,shopee,1,,SGD 2026-07-21,https://shopee.sg/-medicube-official-Red-Foam-Cleanser-120ml-for-acne-sensitive-skin-i.140962220.2162896103?extraParams=%7B%22display_model_id%22%3A61878109300%2C%22model_selection_logic%22%3A3%7D,
8800289473159,medicube,PDRN Pink Niacinamide Whip Cleanser,shopee,0.6,,SGD 2026-07-30,https://shopee.sg/-medicube-official-Salmon-DNA-PDRN-Pink-Peptide-Eye-Cream-with-Niacinamide-and-99-Purity-Retinol-for-Fine-Lines-i.140962220.42804762088?extraParams=%7B%22display_model_id%22%3A290403986862%2C%22model_selection_logic%22%3A3%7D,
8800256119332,medicube,Zero Pore Moisture Sun Serum 50ml,shopee,0.8333,,SGD 2026-07-30,https://shopee.sg/-medicube-official-Zero-Pore-Moisture-Sun-Serum-i.140962220.41450700416?extraParams=%7B%22display_model_id%22%3A265198735708%2C%22model_selection_logic%22%3A2%7D,
8800366240575,medicube,PDRN Pink Tone Up Sun Cream 50ml,shopee,1,,SGD 2026-07-30,https://shopee.sg/-medicube-official-PDRN-Pink-Tone-Up-Sun-Cream-50ml-Light-Daily-Sunscreen-Moisturizing-i.140962220.25195128698?extraParams=%7B%22display_model_id%22%3A290198064417%2C%22model_selection_logic%22%3A2%7D,
8800256114603,medicube,Kojic Acid Turmeric Brightening Gel Mask Set 28g x 4,iherb,1.0,,SGD 2026-08-11,https://sg.iherb.com/pr/medicube-kojic-acid-turmeric-brightening-gel-beauty-mask-4-sheets-0-98-oz-28-g-each/154371,
8800256113057,medicube,Deep Vita C Glutathione Brightening Mask 27ml x 1,iherb,1.0,3.53,SGD 2026-08-11,https://sg.iherb.com/pr/medicube-deep-vita-c-glutathione-brightening-beauty-mask-1-sheet-0-91-fl-oz-27-ml/154368,
8800240569969,medicube,Zero Pore Cooling Mask 27g,iherb,1.0,3.50,SGD 2026-08-11,https://sg.iherb.com/pr/medicube-zero-pore-cooling-beauty-mask-1-sheet-0-95-oz-27-g/154365,
8809517411741,medicube,Collagen Lifting Mask 27g,iherb,1.0,3.51,SGD 2026-08-11,https://sg.iherb.com/pr/medicube-collagen-lifting-beauty-mask-1-sheet-0-95-oz-27-g/154354,
8800289466441,medicube,PDRN Pink Caffeine Collagen Eye Patch 60,shopee,0.7143,,SGD 2026-08-01,https://shopee.sg/-medicube-official-PDRN-Caffeine-Collagen-Eye-Patch-i.140962220.50159552208?extraParams=%7B%22display_model_id%22%3A410844683273%2C%22model_selection_logic%22%3A3%7D,
8809960355425,medicube,Pore Brush 20g,none,0.3333,,,,
8800289470455,medicube,PDRN Lip Sleeping Mask 10g,iherb,1.0,19.28,SGD 2026-08-11,https://sg.iherb.com/pr/medicube-pdrn-lip-sleeping-mask-0-35-oz-10-g/154370,
8800289475221,medicube,AGE-R Booster Pro Mini Plus Pink 1 Set (English ver),shopee,0.625,,SGD 2026-07-30,https://shopee.sg/-medicube-official-Age-R-Booster-Pro-Mini-Plus-(Mini-Plus-Cleansing-Head-Mini-Plus-V-Roller-Head)-i.140962220.57304284291?extraParams=%7B%22display_model_id%22%3A310432014444%2C%22model_selection_logic%22%3A2%7D,
8800256114979,medicube,AGE-R PDRN Booster Gel 300ml,shopee,1,,SGD 2026-07-21,https://shopee.sg/-medicube-official-AGE-R-PDRN-Booster-Gel-300ml-Gel-PDRN-Booster-AGE-R-300ml-i.140962220.42919638413?extraParams=%7B%22display_model_id%22%3A281607465357%2C%22model_selection_logic%22%3A3%7D,
8800289479519,medicube,Kojic Acid Turmeric Vita Brightening Body Wash 400ml,shopee,0.75,,SGD 2026-07-30,https://shopee.sg/-medicube-official-Kojic-Acid-Turmeric-Brightening-Body-Wash-400g-Gentle-Shower-Gel-Niacinamide-Vitamin-C-AHA-BHA-i.140962220.44906066694?extraParams=%7B%22display_model_id%22%3A370550544208%2C%22model_selection_logic%22%3A3%7D,
8800289461408,medicube,Kojic Acid Turmeric Body Peel Shot 280ml,none,0.5714,,,,
8809936587119,medicube,Red Acne Body Wash 2023 ver - 400g,iherb,1.0,29.95,SGD 2026-08-11,https://sg.iherb.com/pr/medicube-red-acne-body-wash-14-1-oz-400-g/150875,
8800289479885,medicube,Hypochlorous Acid Body Peel Shot 280ml,shopee,0.8333,,SGD 2026-07-21,https://shopee.sg/-medicube-official-Hypochlorous-Acid-Rice-Body-Peel-Shot-Gentle-Body-Exfoliating-Serum-for-Dead-Skin-Cells-i.140962220.49854166283?extraParams=%7B%22display_model_id%22%3A385393642464%2C%22model_selection_logic%22%3A3%7D,
8800289479502,medicube,Hypochlorous Acid Daily Facial Spray Mini,shopee,0.6667,,SGD 2026-07-30,https://shopee.sg/-medicube-official-Hypochlorous-Acid-Face-Spray-(50ml-125ml)-For-All-Skin-Types-Delicate-Skin-Daily-Solution-i.140962220.40758001653?extraParams=%7B%22display_model_id%22%3A330146516142%2C%22model_selection_logic%22%3A3%7D,
8800289461972,medicube,Rosemary PDRN Scalp Serum 20ml,shopee,1,,SGD 2026-07-21,https://shopee.sg/-medicube-official-Rosemary-PDRN-Scalp-Refresh-Nourish-Serum-20ml-Non-Greasy-Lightweight-Serum-for-Thicker-Hair-i.140962220.44556985241?extraParams=%7B%22display_model_id%22%3A345621438361%2C%22model_selection_logic%22%3A3%7D,
8800289461965,medicube,Rosemary PDRN Cooling Thickening Shampoo 400ml,shopee,1,,SGD 2026-08-01,https://shopee.sg/-medicube-official-Rosemary-PDRN-Cooling-Thickening-Shampoo-400ml-i.140962220.44329136618?extraParams=%7B%22display_model_id%22%3A330621455884%2C%22model_selection_logic%22%3A3%7D,
8800289461989,medicube,Rosemary PDRN Hair & Scalp Conditioner 250ml,shopee,0.6667,,SGD 2026-07-21,https://shopee.sg/-medicube-official-Rosemary-PDRN-Scalp-Refresh-Nourish-Serum-20ml-Non-Greasy-Lightweight-Serum-for-Thicker-Hair-i.140962220.44556985241?extraParams=%7B%22display_model_id%22%3A345621438361%2C%22model_selection_logic%22%3A3%7D,
8800289467448,medicube,Rosemary PDRN Damage Care Hair Mask 200ml,shopee,0.7143,,SGD 2026-07-21,https://shopee.sg/-medicube-official-Rosemary-PDRN-Damage-Care-Hair-Pack-i.140962220.44810958377?extraParams=%7B%22display_model_id%22%3A360955052481%2C%22model_selection_logic%22%3A3%7D,
8800289468049,medicube,Deoxyribose Scalp Serum,shopee,0.6667,,SGD 2026-07-21,https://shopee.sg/-medicube-official-Rosemary-PDRN-Scalp-Refresh-Nourish-Serum-20ml-Non-Greasy-Lightweight-Serum-for-Thicker-Hair-i.140962220.44556985241?extraParams=%7B%22display_model_id%22%3A345621438361%2C%22model_selection_logic%22%3A3%7D,
8809517413646,medicube,Soyxidil Shampoo 490ml,none,0.3333,,,,
8800256112487,medicube,Soymint Scaling Shampoo 490ml,none,0.25,,,,
8809731950224,mediflower,MediFlower - Secret Toc Inner Feminine Deodorant 10ml,none,,,,,
8809941820393,medipeel,Peptide 9 Bio Sun Stick Pro Renewed - 19g,none,,,,,
8809409346502,medipeel,Derma Maison Aloe Balancing Treatment Jumbo 500ml,none,,,,,
8809941826234,medipeel,Premium Peptide Naite 1500 Shot Neck Patch 1.0 3.5g x 4 patches,none,,,,,
8809941826159,medipeel,MEDIPEEL - EGF Scaling Moisture Foot Cream 2.0 130g,none,,,,,
6944750415766,meifubao,Five Treasure Elastic Firming Essence 40ml,none,,,,,
6944750467727,meifubao,Five Treasure Moisturizing Cleansing Lotion 100g,none,,,,,
6944750415742,meifubao,Five Treasure Elastic Firming Skin Toner 120g,none,,,,,
6944750415759,meifubao,Five Treasure Elastic Firming Lotion 100ml,none,,,,,
6944750493061,meifubao,Five Treasure Elastic Firming Cream 30g,none,,,,,
6944750492323,meifubao,Hydration Revitalizing Firming Mask,none,,,,,
8809751070971,melixir,Vegan Airfit Sunscreen,none,,,,,
4901301406095,merit,Merit Day+ Dry Shampoo Sheets - Verbena & Lemon,none,,,,,
8809510680175,merzy,The First Gel Eyeliner #G1 Black Moon,none,,,,,
8809510681936,merzy,The First Gel Eyeliner #G11 Charcoal Brown,none,,,,,
8809510681943,merzy,The First Gel Eyeliner #G12 Sienna Brown,none,,,,,
8809510681950,merzy,The First Gel Eyeliner #G13 Amber Brown,none,,,,,
8809510681967,merzy,The First Gel Eyeliner #G14 Crimson,none,,,,,
8809510680199,merzy,The First Gel Eyeliner #G2 Dutch Brown,none,,,,,
8809510680205,merzy,The First Gel Eyeliner #G3 Amber Bronze,none,,,,,
8809510680212,merzy,The First Gel Eyeliner #G4 Gold Label,none,,,,,
8809510680229,merzy,The First Gel Eyeliner #G5 Rosy Burgundy,none,,,,,
8809510680359,merzy,The First Gel Eyeliner #G6 Soft Brown,none,,,,,
8800253025513,milktouch,Black Peel Off Lip Tattoo #01 Black Cherry,none,,,,,
8800253025544,milktouch,Black Peel Off Lip Tattoo #02 Black Plum,none,,,,,
8800253025520,milktouch,Black Peel Off Lip Tattoo #03 Black Apple,none,,,,,
8800253025537,milktouch,Black Peel Off Lip Tattoo #04 Black Apricot,none,,,,,
8800253025551,milktouch,Black Peel Off Lip Tattoo #05 Black Fig,none,,,,,
8800253022154,milktouch,Jelly Fit Tinted Glow Tint #07 Autumn Peach,none,,,,,
8800253024660,milktouch,Jelly Fit Tinted Glow Tint #08 Rosy Breeze,none,,,,,
8800253024646,milktouch,Jelly Fit Tinted Glow Tint #10 Fallen Coco,none,,,,,
8800253024653,milktouch,Jelly Fit Tinted Glow Tint 2025 Version - #09 Pine Mauve,none,,,,,
8809581452343,missha,All-around Safe Block Waterproof Sun Milk SPF50+ PA++++ 70ml 2018 New Version - 70ml,none,,,,,
8809747962624,missha,Vita C Plus Sleeping Pack Cream 50ml,none,,,,,
8800287117598,missha,Vita C Plus Ascorbic Acid Spot Clear Melting Gel Wash 120g,none,,,,,
8809643525169,missha,Vita C Plus Brightening Toner 200ml,iherb,1.0,32.84,SGD 2026-08-11,https://sg.iherb.com/pr/missha-vita-c-plus-ascorbic-acid-brightening-toner-6-76-fl-oz-200-ml/105783,
8809747957057,missha,All-Around Safe Block Essence Sun Mist 80ml,none,,,,,
8809747957101,missha,Safe Block RX Rosy Tone Up Sun Cushion 12g,none,,,,,
8809747945078,missha,Time Revolution Night Repair Ampoule Mask 30g,none,,,,,
8809581458611,missha,Cell Renew Snail Sleeping Mask 110ml,iherb,1.0,32.72,SGD 2026-08-11,https://sg.iherb.com/pr/missha-cell-renew-snail-sleeping-beauty-mask-3-71-fl-oz-110-ml/85013,
8806185793124,missha,M Perfect Cover BB Cream SPF42 PA+++ #23 Natural Beige,iherb,1.0,20.16,SGD 2026-08-11,https://sg.iherb.com/pr/missha-m-perfect-cover-b-b-cream-spf-42-pa-no-23-natural-beige-1-69-fl-oz-50-ml/79051,
8809530064955,missha,M Perfect Cover BB Cream SPF42 PA+++ #25 Warm Beige,iherb,1.0,20.16,SGD 2026-08-11,https://sg.iherb.com/pr/missha-m-perfect-cover-b-b-cream-spf-42-pa-no-25-warm-beige-1-69-fl-oz-50-ml/98360,
8806185735131,missha,M Perfect Cover BB Cream SPF42 PA+++ #29 Caramel Beige,iherb,1.0,,SGD 2026-08-11,https://sg.iherb.com/pr/missha-m-perfect-cover-b-b-cream-spf-42-pa-no-29-caramel-beige-1-69-fl-oz-50-ml/98356,
8809732914812,mixsoon,Bean Cleansing Oil 100ml,shopee,0.75,,SGD 2026-08-01,https://shopee.sg/-Cardi-B-PICK-mixsoon-Bean-Cleansing-Oil-20ml-195ml-Lactobacillus-Jojoba-Soybean-Oil-Remove-Makeup-Suncreen-Impurities-Skin-Soft-Balanced-Refreshed-Skin-i.713609999.19671879174?extraParams=%7B%22display_model_id%22%3A280113488475%2C%22model_selection_logic%22%3A3%7D,
8809732911880,mixsoon,Bean Essence 30ml,iherb,1.0,29.46,SGD 2026-08-11,https://sg.iherb.com/pr/mixsoon-bean-essence-1-01-fl-oz-30-ml/140440,
8809732910661,mixsoon,Bean Cream 50ml,iherb,1.0,41.20,SGD 2026-08-11,https://sg.iherb.com/pr/mixsoon-bean-cream-1-69-fl-oz-50-ml/126510,
8809732912320,mixsoon,Bean Eye Cream 20ml,iherb,1.0,37.46,SGD 2026-08-11,https://sg.iherb.com/pr/mixsoon-bean-eye-cream-0-67-fl-oz-20-ml/140858,
8809732914393,mixsoon,Centella Cleansing Water Renewed: 300ml,shopee,0.8,19.00,SGD 2026-07-30,https://shopee.sg/mixsoon-Centella-Cleansing-Water-300ml-gentle-hydrating-soothing-cica-formula-mixsoon-i.713609999.16759914108?extraParams=%7B%22display_model_id%22%3A253125454313%2C%22model_selection_logic%22%3A3%7D,
8809732911583,mixsoon,Toner 150ml Centella Asiatica,iherb,1.0,19.69,SGD 2026-08-11,https://sg.iherb.com/pr/mixsoon-centella-asiatica-toner-5-07-fl-oz-150-ml/140863,
8809732914379,mixsoon,Essence 30ml Soondy Centella Asiatica,shopee,0.8,,SGD 2026-08-01,https://shopee.sg/mixsoon-Soondy-Centella-Asiatica-Cica-Essence-100ml-Calming-Redness-Strengthen-Skin-Barrier-All-Skin-Types-Sensitive-Dry-Skin-Friendly-i.713609999.16225052777?extraParams=%7B%22display_model_id%22%3A251020375459%2C%22model_selection_logic%22%3A2%7D,
8809732912214,mixsoon,Centella Cleansing Foam,iherb,1.0,23.50,SGD 2026-08-11,https://sg.iherb.com/pr/mixsoon-centella-cleansing-foam-5-07-fl-oz-150-ml/140856,
8809732915925,mixsoon,Hyalraebae Pore Blurring Cream 50ml,shopee,0.6,33.29,SGD 2026-07-30,https://shopee.sg/mixsoon-Bean-Cream-Intensive-Moisture-Care-Face-Cream-Smooth-Nourished-Skin-Sebum-Pore-Care-Non-stick-15ml-50ml-i.713609999.13582220870?extraParams=%7B%22display_model_id%22%3A128018043874%2C%22model_selection_logic%22%3A2%7D,
8809732914584,mixsoon,Bean Sun Serum 50ml,shopee,0.75,34.33,SGD 2026-07-30,https://shopee.sg/mixsoon-Bean-Sun-Serum-SPF-50-Airy-Texture-Type-Lightweight-No-White-Cast-Hydrating-50G-i.713609999.44063922342?extraParams=%7B%22display_model_id%22%3A147917017965%2C%22model_selection_logic%22%3A3%7D,
8809732914522,mixsoon,Bean Collagen Hydrogel Mask Set 2025 ver - 35g x 5 sheets,none,0.25,,,,
8809732913341,mixsoon,Cica-Hyal Hydrogel Eye Patch 60 patches,none,0.4286,,,,
8809732914102,mixsoon,Natural Bean Lip Mask Balm,none,0.2,,,,
8809732916229,mixsoon,PDRN Collagen Tinted Moisturizer -#21 Soft,none,0.3333,,,,
8809732916236,mixsoon,PDRN Collagen Tinted Moisturizer -#23 Aura,none,0.3333,,,,
8859214800478,mizumi,Skincare UV Lip Glassy Mask SPF 50+ PA++++ clear,none,,,,,
8859214800751,mizumi,UV Ultimate Matte & Oil Control Sunscreen SPF 50+ PA++++,none,,,,,
8859214800539,mizumi,UV Cooling Body Serum SPF 50+ PA++++ 165ml,none,,,,,
8859214800720,mizumi,MizuMi - UV Bright Body Serum Tone Up Sunscreen Beige SPF 50+ PA++++  120g,none,,,,,
6975663558516,mlsmile,MLSMILE - No-rinse Oil-removing Fluffy Gel Dry Shampoo #01 Citrus 75ml,none,,,,,
8809831080821,modamoda,Zero Gray Black Shampoo 10,none,,,,,
8809918991231,moev,Annurcatin Hair Tonic 150ml,none,,,,,
8809918991347,moev,Annurcatin Hair Oil Essence 80ml,none,,,,,
8809918991170,moev,Hair Steamer Pro,none,,,,,
8809918991163,moev,Oil Cartridges Set,none,,,,,
8809918991354,moev,Scalp Massage Brush,none,,,,,
8809494587040,moev,Annurcatin Shampoo 300ml,none,,,,,
8809494587064,moev,Annurcatin Treatment 200ml,none,,,,,
8809494587927,moev,Annurcatin Water Treatment 300ml,none,,,,,
8809918991361,moev,Annurcatin No Sebum Hair Cream 30g,none,,,,,
8809432014331,mqmy,UV Daily Sun Cream (Matt Finish),none,,,,,
8809432014317,mqny,My Gyeol-Fit Tint Brow - deep brown,none,,,,,
8809432014324,mqny,My Gyeol-Fit Tint Brow - gray brown,none,,,,,
8809432014300,mqny,My Gyeol-Fit Tint Brow - natural brown,none,,,,,
8809432018773,mqny,Waterproof Tattoo Pen Eyeliner - deep black,none,,,,,
8809432018780,mqny,Waterproof Tattoo Pen Eyeliner - deep brown,none,,,,,
8809432015437,mqny,Extreme Long Lash Potencara,none,,,,,
8809517464419,nacific,Phyto Niacin Brightening Tone-Up Cream 50ml,none,,,,,
8809562556077,naming,Layered Fit Cushion #19N,none,,,,,
8809562559320,naming,Layered Fit Cushion #21P,none,,,,,
8809562554523,naming,Layered Fit Cushion #21Y,none,,,,,
8809562554530,naming,Layered Fit Cushion #23Y,none,,,,,
8809738603437,naming,Fluffy Powder Blush Bagel,none,,,,,
8809657113765,naming,Fluffy Powder Blush Halo,none,,,,,
8809562558187,naming,Fluffy Powder Blush Niese,none,,,,,
8809562558217,naming,Fluffy Powder Blush Pillow,none,,,,,
8809562558194,naming,Fluffy Powder Blush Pove,none,,,,,
8800280694805,naming,Fluffy Powder Blush Taro,none,,,,,
8809657113796,naming,Fluffy Powder Blush Toast,none,,,,,
8809657113758,naming,Fluffy Powder Blush Yummy,none,,,,,
8809487041900,nard,NARD - Body Wash #Lavender Musk 1000ml,shopee,0.8333,,SGD 2026-08-01,https://shopee.sg/-NARD-Bundle-of-2-Lavender-Musk-Body-Wash-Body-Lotion-500ml-i.567539088.47603339385?extraParams=%7B%22display_model_id%22%3A224628404302%2C%22model_selection_logic%22%3A3%7D,
8809487045328,nard,NARD - Body Lotion #Lavender Musk 1000ml,shopee,0.8333,,SGD 2026-08-01,https://shopee.sg/-NARD-Bundle-of-2-Lavender-Musk-Body-Wash-Body-Lotion-500ml-i.567539088.47603339385?extraParams=%7B%22display_model_id%22%3A224628404302%2C%22model_selection_logic%22%3A3%7D,
8809487044598,nard,NARD - Moisturizing Therapy Body Oil 300ml,shopee,1,,SGD 2026-07-30,https://shopee.sg/-NARD-Moisturizing-Therapy-Body-Oil-300ml-i.567539088.24860336224?extraParams=%7B%22display_model_id%22%3A250262582903%2C%22model_selection_logic%22%3A3%7D,
8809487043478,nard,NARD - Low pH Mild Feminine Wash 300ml,shopee,1,,SGD 2026-07-30,https://shopee.sg/-NARD-Low-pH-Mild-Feminine-Wash-300ml-i.567539088.25936836091?extraParams=%7B%22display_model_id%22%3A256732446287%2C%22model_selection_logic%22%3A3%7D,
8809851348031,nard,Deep Cleansing Milk 500ml,shopee,1,,SGD 2026-07-30,https://shopee.sg/-NARD-Deep-Cleansing-Milk-Lotion-500ml-i.567539088.20884620488?extraParams=%7B%22display_model_id%22%3A128754576775%2C%22model_selection_logic%22%3A3%7D,
8809487045137,nard,Shampoo - signature,shopee,1,22.99,SGD 2026-07-30,https://shopee.sg/-NARD-Hair-Gift-Set-Signature-(Shampoo-treatment)-i.567539088.22781578820?extraParams=%7B%22display_model_id%22%3A204611272203%2C%22model_selection_logic%22%3A3%7D,
8809487045304,nard,Treatment - signature,shopee,1,22.99,SGD 2026-07-30,https://shopee.sg/-NARD-Hair-Gift-Set-Signature-(Shampoo-treatment)-i.567539088.22781578820?extraParams=%7B%22display_model_id%22%3A204611272203%2C%22model_selection_logic%22%3A3%7D,
8809487049746,nard,Shampoo - tangerine eucalyptus,shopee,1,,SGD 2026-08-01,https://shopee.sg/-NARD-Bundle-of-2-Tangerine-Eucalyptus-Shampoo-Treatment-500ml-i.567539088.47453345389?extraParams=%7B%22display_model_id%22%3A390319213864%2C%22model_selection_logic%22%3A3%7D,
8809487049647,nard,Treatment - tangerine eucalyptus,shopee,1,,SGD 2026-08-01,https://shopee.sg/-NARD-Bundle-of-2-Tangerine-Eucalyptus-Shampoo-Treatment-500ml-i.567539088.47453345389?extraParams=%7B%22display_model_id%22%3A390319213864%2C%22model_selection_logic%22%3A3%7D,
8809851340776,nard,Nard Cooling Hair Loss Care Shampoo 500ml,shopee,0.8571,,SGD 2026-08-01,https://shopee.sg/-NARD-Cooling-Hair-Loss-Care-Shampoo-1000ml-Anti-Hair-Loss-i.567539088.16370938676?extraParams=%7B%22display_model_id%22%3A117045731551%2C%22model_selection_logic%22%3A3%7D,
8809487043669,nard,Nard Sensitive Scalp Care Shampoo 500ml,shopee,1,,SGD 2026-08-01,https://shopee.sg/-NARD-Sensitive-Scalp-Care-Shampoo-500ml-Sulfate-Free-Shampoo-for-scalp-care-Vitality-and-Calming-by-Argan-Oil-Amino-Acids-Hyaluronic-Acids-i.567539088.19368455083?extraParams=%7B%22display_model_id%22%3A203531832845%2C%22model_selection_logic%22%3A3%7D,
8809851348284,nard,Nard Damage RX Hair Serum 70ml,shopee,1,,SGD 2026-08-01,https://shopee.sg/-NARD-Damage-RX-Hair-Serum-70ml-hair-essence-oil-argan-oil-treatment-silky-hair-i.567539088.25909181406?extraParams=%7B%22display_model_id%22%3A341031699032%2C%22model_selection_logic%22%3A3%7D,
8809851348314,nard,Damage RX Curl Cream,shopee,1,,SGD 2026-08-01,https://shopee.sg/-NARD-Damage-RX-Curl-Cream-100ml-i.567539088.25759181809?extraParams=%7B%22display_model_id%22%3A168039472072%2C%22model_selection_logic%22%3A2%7D,
8809487043522,nard,Hair Loss Control Tonic,shopee,0.75,10.59,SGD 2026-07-30,https://shopee.sg/-NARD-Revitalizing-Hair-Plus-Tonic-200ml-Anti-Hair-Loss-Calming-Scalp-i.567539088.12260050475?extraParams=%7B%22display_model_id%22%3A345940814289%2C%22model_selection_logic%22%3A2%7D,
8809487044550,nard,NARD - Body Wash #Teatree Rosemary,shopee,1,,SGD 2026-08-01,https://shopee.sg/-NARD-Bundle-of-2-Teatree-Rosemary-Body-Wash-Body-Lotion-500ml-i.567539088.57853319467?extraParams=%7B%22display_model_id%22%3A320319455653%2C%22model_selection_logic%22%3A3%7D,
8809487047988,nard,NARD - Body Lotion #Teatree Rosemary,shopee,1,,SGD 2026-08-01,https://shopee.sg/-NARD-Bundle-of-2-Teatree-Rosemary-Body-Wash-Body-Lotion-500ml-i.567539088.57853319467?extraParams=%7B%22display_model_id%22%3A320319455653%2C%22model_selection_logic%22%3A3%7D,
8809487044352,nard,NARD - Acne Clear Body Wash 1000ml,shopee,1,,SGD 2026-07-30,https://shopee.sg/-NARD-ACNE-Clear-Body-Wash-500ml-1000ml-i.567539088.24932420831?extraParams=%7B%22display_model_id%22%3A247284543730%2C%22model_selection_logic%22%3A3%7D,
8809487044062,nard,NARD - Mild Ceramide Lotion 500ml,shopee,1,13.99,SGD 2026-07-30,https://shopee.sg/-NARD-Mild-Ceramide-Lotion-500ml-72-Hour-Hydrating-Effect-i.567539088.10077415934?extraParams=%7B%22display_model_id%22%3A201661508679%2C%22model_selection_logic%22%3A3%7D,
8806173493654,nature republic,California Aloe Sun Stick Cooling Watery,none,,,,,
8806173482962,nature republic,Soothing & Moisture Aloe Vera Cleansing Tissue 80 pcs,none,,,,,
8806173494743,nature republic,Soothing & Moisture Aloe Vera Soothing Gel Mist 2026 Ver - 155ml,none,,,,,
8809455424223,needly,Mild Enzyme Cleansing Powder 60g,none,,,,,
8809455424346,needly,5 Zone Wrinkle Care 3600 Shot Patch 5 patches,none,,,,,
8800247161531,neogen,Next Glow Prep Serum 32ml,none,,,,,
8809381442483,neogen,Dermalogy Real Fresh Foam Green Tea,iherb,1.0,22.36,SGD 2026-08-11,https://sg.iherb.com/pr/neogen-real-fresh-foam-green-tea-5-64-oz-160-g/73966,
8809381445095,neogen,Dermalogy Bio-Peel Gauze Peeling Green Tea (Original Ver) 200ml 30 sheets,iherb,1.0,23.57,SGD 2026-08-11,https://sg.iherb.com/pr/neogen-bio-peel-gauze-peeling-green-tea-30-pads-6-76-fl-oz-200-ml/90374,
8800247160152,neogen,Dermalogy Double Vita Watery Sun Serum 50ml,none,,,,,
8809653246689,neogen,Dermalogy Double Vita Tone Up Ampoule Mask Set 33g x 5 sheets,none,,,,,
8809653245545,neogen,Dermalogy Poreraser Clear BHA Pad 90 pcs,none,,,,,
8809875270790,nineless,A-Control 10% Azelaic Acid Serum 2026 Ver - 30ml,none,,,,,
6974499296272,novo,Skin-Friendly Blotting Paper (with Mirror),none,,,,,
6944787792021,novo,Ice Cream Smooth Fragrance Scrub 70g,none,,,,,
8809840601666,odid,Artist Hair Setting Fixer,none,,,,,
4908064094996,orbis,Orbis - Essence In Hair Oil 70ml,none,,,,,
8800259982704,papa recipe,Bombee Honey Intensive Mask Pro Set 2026 Ver - 25g x 10 sheets,none,,,,,
8800259980816,papa recipe,Real Centella Cica Cooling Water Fit Toner Pad 80 pads,none,,,,,
8809704094702,parnell,Cicamanu 92 Serum 2026 ver - 30ml,iherb,1.0,20.07,SGD 2026-08-11,https://sg.iherb.com/pr/parnell-cicamanu-92-serum-1-01-fl-oz-30-ml/151052,
8809704092456,parnell,Ceramic Bubble Peeling Cleanser 180ml,iherb,1.0,23.32,SGD 2026-08-11,https://sg.iherb.com/pr/parnell-aha-omija-ceramic-bubble-peeling-cleanser-6-08-fl-oz-180-ml/153437,
8809704093347,parnell,Cool Calming Mask Set 20g x 10 sheets,iherb,1.0,27.65,SGD 2026-08-11,https://sg.iherb.com/pr/parnell-panthenol-heartleaf-cool-calming-beauty-mask-10-sheets-0-7-oz-20-g-each/153441,
8809704090759,parnell,Cicamanu Clear Patch Kit Multi+ 2025 ver - 48 patches,none,0.375,,,,
8809704070980,parnell,Parnell Cicamanu pH Balanced Body Mist 2025 ver - 150ml,shopee,0.7778,,SGD 2026-08-01,https://shopee.sg/-PARNELL-Official-Cicamanu-pH-Balanced-Body-Mist-150ml-Centella-Hyaluronic-Acid-Ceramide-LHA-PHA-Soothing-Moisturizing-Calming-for-Body-Bacne-Skin-Manuka-Honey-extract-i.1245475374.25729199004?extraParams=%7B%22display_model_id%22%3A59858049070%2C%22model_selection_logic%22%3A3%7D,
8809828413564,peripera,Pure Blushed Sunshine Cheek #12 Sunny Pink,none,,,,,
8809862283888,peripera,Pure Blushed Sunshine Cheek #16 Acorn Beige,none,,,,,
8809644495102,peripera,Ink Velvet 08 Sellout Red,none,,,,,
8800255681373,peripera,Ink Velvet 02 Celeb Deep Rose,none,,,,,
8809751116235,peripera,Ink Velvet 17 Rose Nude,none,,,,,
8809786599652,peripera,Ink Velvet 22 Bouquet Nude,none,,,,,
8800255681458,peripera,Ink Velvet 23 Nutty Nude,none,,,,,
8809862288951,peripera,Ink Velvet 39 Sunny Orange,none,,,,,
8800255681502,peripera,Ink Velvet 28 Mauveful Nude,none,,,,,
8800255681533,peripera,Ink Velvet 31 Wine Nude,none,,,,,
8800322109502,peripera,Moodlike Highlighter #01 Shell Glaze,none,,,,,
8800322109496,peripera,Moodlike #02 Pink Veil,none,,,,,
8800322109489,peripera,Moodlike Highlighter #03 Pink Prism,none,,,,,
8809644492828,peripera,Ink Airy Velvet AD #08 Pretty Orange Pink,none,,,,,
8800255681601,peripera,Ink Airy Velvet AD #14 Rosy Pink,none,,,,,
8809828419719,peripera,Ink Airy Velvet AD #21 Fluffy Peach,none,,,,,
8809828419733,peripera,Ink Airy Velvet AD #23 In The Peachlight,none,,,,,
8800255681663,peripera,Ink Airy Velvet AD #26 Apricot Peach,none,,,,,
8800255681670,peripera,Ink Airy Velvet AD #27 Inside Peach,none,,,,,
8809900987815,peripera,Ink Airy Velvet AD #29 What Are You Fig,none,,,,,
8809900987822,peripera,Ink Airy Velvet AD #30 Wake Up Cherry,none,,,,,
8800322102695,peripera,Mood Glowy Tint #01 Tiny Strawberry,none,,,,,
8800322102671,peripera,Mood Glowy Tint #03 Juicy Peach,none,,,,,
8800322102664,peripera,"Mood Glowy Tint #04 Anyway, Peach",none,,,,,
8800322102657,peripera,Mood Glowy Tint #05 Baby Fairy,none,,,,,
8800322102640,peripera,Mood Glowy Tint #06 Pink Youth,none,,,,,
8800322102633,peripera,Mood Glowy Tint #07 Plum Fizz,none,,,,,
8800322102619,peripera,Mood Glowy Tint #09 Rose In Mind,none,,,,,
8800322102602,peripera,Mood Glowy Tint #10 Bare Pink,none,,,,,
8800322102589,peripera,Mood Glowy Tint #12 Campus Queen,none,,,,,
8800322102558,peripera,Mood Glowy Tint #15 My Pick Rose,none,,,,,
8800322102534,peripera,Mood Glowy Tint #16 Rose-Pick,none,,,,,
8800322102527,peripera,Mood Glowy Tint #17 Blush Fig,none,,,,,
8800322102510,peripera,Mood Glowy Tint #18 Coral Influencer,none,,,,,
8800322108840,peripera,Mood Glowy Tint #23 Peach In Mind,none,,,,,
8800290366952,peripera,Puffy Plumping Dew Lip Pencil #01 Rosy Nude,none,,,,,
8800290366945,peripera,Puffy Plumping Dew Lip Pencil #02 Calm Rosy,none,,,,,
8800290366938,peripera,Puffy Plumping Dew Lip Pencil #03 Pink Drizzle,none,,,,,
8800290366921,peripera,Puffy Plumping Dew Lip Pencil #04 Almond Beige,none,,,,,
8800290368895,peripera,Puffy Plumping Dew Lip Pencil #05 Peach Oat,none,,,,,
8800290368888,peripera,Puffy Plumping Dew Lip Pencil #06 Mauve Hazle,none,,,,,
8800322100448,peripera,Ink Peel Off Lip Stain #01 Black Cherry,none,,,,,
8800322100479,peripera,Ink Peel Off Lip Stain #02 Dear Rose,none,,,,,
8800322100462,peripera,Ink Peel Off Lip Stain #03 Peanut Rose,none,,,,,
8800322108932,peripera,Mood Glowy Tint Key #01 Peach Bong Bong,none,,,,,
8800322108925,peripera,Mood Glowy Tint Key #02 Cooliangle,none,,,,,
8800322108918,peripera,Mood Glowy Tint Key #03 Withered Rose,none,,,,,
8800322108901,peripera,Mood Glowy Tint Key #04 Sugar Peach,none,,,,,
8800322108895,peripera,Mood Glowy Tint Key #05 Nude Area,none,,,,,
8800322108888,peripera,Mood Glowy Tint Key #06 Baked Peach,none,,,,,
8800322109175,peripera,Mood Blur Balm Stick #03 Bunny Hug,none,,,,,
8800322109168,peripera,Mood Blur Balm Stick #04 Almond Veil,none,,,,,
8800322109151,peripera,Mood Blur Balm Stick #05 Rose Bebe,none,,,,,
8800322109137,peripera,Mood Blur Balm Stick #07 Mauve Peony,none,,,,,
8800322109120,peripera,Mood Blur Balm Stick #08 Reddish Mocha,none,,,,,
8800322109113,peripera,Mood Blur Balm Stick #09 Hip Brown,none,,,,,
8809970759053,peripera,Pure Blushed Sunshine Cheek Tteok Recipe Collection #25 Maple Cream,none,,,,,
8809900981240,peripera,V Shading #01 Natural Brown,none,,,,,
8809900981264,peripera,V Shading #03 Grayish Cool,none,,,,,
8809937594802,peripera,V Shading Blending Stick #01 Natural Brown,none,,,,,
8809937594826,peripera,V Shading Blending Stick #03 Grayish Cool,none,,,,,
8809970754478,peripera,All Take Mood Palette #01 Whisper of Spring Coral,none,,,,,
8809970754485,peripera,All Take Mood Palette #02 Storyline Of Summer,none,,,,,
8800255686989,peripera,All Take Mood Palette #07 Let's Go See Peaches At My Home,none,,,,,
8800290368451,peripera,All Take Mood Palette #10 Everything I Shaded? Still Part Of My Eye,none,,,,,
8800290368444,peripera,"All Take Mood Palette #11 Cheongdam Vibe, But From My Room",none,,,,,
8800322106464,peripera,All Take Mood Palette #12 Aegyo Online: Shine Signal Activated,none,,,,,
8809544398244,peripera,Speedy Skinny Brow #01 Grey Brown,none,,,,,
8809544398251,peripera,Speedy Skinny Brow #02 Dark Brown,none,,,,,
8809544398268,peripera,Speedy Skinny Brow #03 Natural Brown,none,,,,,
8809786592608,peripera,Speedy Skinny Brow #06 Cool Gray,none,,,,,
8809862284533,peripera,Speedy Skinny Brow #08 Taupe Beige,none,,,,,
8809862284540,peripera,Speedy Skinny Brow #09 Taupe Brown,none,,,,,
8800290368390,peripera,Speedy Skinny Brow #11 Mocha Taupe,none,,,,,
8800322104002,peripera,Speedy Skinny Brow #12 Milky Taupe,none,,,,,
8809828419641,peripera,Speedy Skinny Brow Mascara #02 Dark Brown,none,,,,,
8809828419658,peripera,Speedy Skinny Brow Mascara #03 Natural Brown,none,,,,,
8809828419665,peripera,Speedy Skinny Brow Mascara #04 Ash Brown,none,,,,,
8809970754522,peripera,Speedy Skinny Brow Mascara #05 Peony Ash,none,,,,,
8809970754539,peripera,Speedy Skinny Brow Mascara #06 Beige Ash,none,,,,,
8800255687566,peripera,Speedy Skinny Brow Mascara #07 Taupe Ash,none,,,,,
8800290368383,peripera,Speedy Skinny Brow Mascara #08 Mocha Ash,none,,,,,
8800322103999,peripera,Speedy Skinny Brow Mascara #09 Milky Ash,none,,,,,
8809691973745,peripera,Pure Blushed Sunshine Cheek #01 Calm Pink,none,,,,,
8809828413557,peripera,Pure Blushed Sunshine Cheek #11 Picnic Pink,none,,,,,
8800290369588,peripera,Pure Blushed Sunshine Cheek #28 Romantic Rose,none,,,,,
8800290367607,peripera,Pure Blushed Sunshine Cheek #29 Dusty Mauve,none,,,,,
8809508850009,petitfee,Snow Lotus White Tone-up Cream,iherb,1.0,11.98,SGD 2026-08-11,https://sg.iherb.com/pr/petitfee-snow-lotus-white-tone-up-cream-1-69-fl-oz-50-ml/96144,
8809508850450,petitfee,Agave Cooling Hydrogel Face Mask Set 5pcs,iherb,1.0,21.50,SGD 2026-08-11,https://sg.iherb.com/pr/petitfee-agave-cooling-hydrogel-beauty-face-mask-5-sheets-1-12-oz-32-g-each/86601,
8809237071003,plu,Perfumed Spa Scrub Body Wash -fleur soap,none,,,,,
8809237070990,plu,Perfumed Spa Scrub Body Wash - damask rose,none,,,,,
8809237075643,plu,Therapy Body Lotion - bergamot lavender,none,,,,,
6975612843168,pmpm,Rose Black Tea Amino Acid Surfactant Purifying Cleanser 100g,none,,,,,
6934713008098,pramy,Background Moisture Makeup Setting Spray Matte (Black) - 200ml,none,,,,,
6934713006926,pramy,Makeup Artist Setting Spray 100ml,none,,,,,
8800248332565,pretty skin,UV Transparent Sun Patch,none,,,,,
8809723781270,real barrier,Extreme Essence Toner 200ml,none,,,,,
8809911692371,real barrier,Extreme Panthenol Toner Pad 80 pads,none,,,,,
8809911692616,real barrier,Extreme Panthenol Essence Mist 100ml,none,,,,,
8809911692609,real barrier,Extreme Cream Ampoule 50ml,none,,,,,
8809723785117,real barrier,Extreme Lotion 150ml,none,,,,,
8809723781249,real barrier,Extreme Cream Jumbo 50ml,iherb,1.0,42.87,SGD 2026-08-11,https://sg.iherb.com/pr/real-barrier-extreme-cream-original-1-69-fl-oz-50-ml/107951,
8809911692463,real barrier,Extreme Cream Light Jumbo 50ml,none,,,,,
8809911695938,realbarrier,Watery Hyal Serum 2026 ver - 50ml,none,,,,,
8809911695891,realbarrier,Watery Hyal Serum Mask Set 25ml x 10 sheets,none,,,,,
8809911695273,realbarrier,Retiniol Pore Tightening Serum Gel Mask Set 30g x 5 sheets,none,,,,,
6975025855444,red chamber,Wandering Natural Healthy Foundation - C01,none,,,,,
6975025855451,red chamber,Wandering Natural Healthy Foundation - W01,none,,,,,
6975025855468,red chamber,Wandering Natural Healthy Foundation - W02,none,,,,,
6975025859091,red chamber,Haruki Skin Correcting Fluid - CF100 Warm Dawn,none,,,,,
6975025859060,red chamber,Haruki Skin Correcting Fluid - CF300 Pink Bloom,none,,,,,
6975025859077,red chamber,Haruki Skin Correcting Fluid - CF400 Honey Glam,none,,,,,
6975025859084,red chamber,Haruki Skin Correcting Fluid - CF600 Pearl Frost,none,,,,,
6975025859176,red chamber,Wandering Longwear Matte Foundation - C01,none,,,,,
6975025859190,red chamber,Wandering Longwear Matte Foundation - W01,none,,,,,
6975025859213,red chamber,Wandering Longwear Matte Foundation - W02,none,,,,,
6953710828300,red chamber,5th Anniversary Edition Wandering Flawless Compact Powder,none,,,,,
6980135330095,red chamber,5th Anniversary Edition Haruki Tri-Color Multi-Purpose Highlighter CP600 Radiance Coffer,none,,,,,
6980135330132,red chamber,5th Anniversary Edition Haruki Multi-Purpose Cream Powder CP403 Pearl Ideal - 2g,none,,,,,
6980135330125,red chamber,5th Anniversary Edition Haruki Multi-Purpose Cream Powder CP503 Into Jewel - 2g,none,,,,,
6953710827587,red chamber,MOOMIN Limited Wandering Flawless Compact Powder,none,,,,,
6975025858711,red chamber,MOOMIN Limited Tri-Color Multi-Purpose Highlighter Snow Song Moomin,none,,,,,
6975025858872,red chamber,MOOMIN Limited Haruki Multi-Purpose Cream RC105 Gemi - 2g,none,,,,,
6975025858889,red chamber,MOOMIN Limited Haruki Multi-Purpose Cream RC314 Minki - 2g,none,,,,,
8809410283957,rire,RiRe - Quick Hair Cover Stick - 2 Colors(Natural Black),none,,,,,
8809410283964,rire,RiRe - Quick Hair Cover Stick - 2 Colors(Natural Brown),none,,,,,
8809410286385,rire,Clear Oil Paper Pact,none,,,,,
8809410285890,rire,Soft Hair Wax Stick,none,,,,,
8800260950976,risky,Be Bold Lip Gloss - sicko,none,,,,,
8800260950983,risky,Be Bold Lip Gloss - mei,none,,,,,
8800260951010,risky,Be Bold Lip Gloss - naked,none,,,,,
8800260950990,risky,Be Bold Lip Gloss - bootie,none,,,,,
8800260950471,risky,Be Bold Lip Gloss - kyo,none,,,,,
8800260950433,risky,Be Bold Lip Gloss - pipi,none,,,,,
8800260950860,risky,Be Bold Lip Gloss - nusy,none,,,,,
8800260950884,risky,Be Bold Lip Gloss - hissy fit,none,,,,,
8809348503431,rovectin,Dr. Mask Set 2024 Ver - Pore,none,,,,,
8809803572804,ryo,Root:Gen For Hair Hair Loss Care Scalp Essence 80ml,none,,,,,
8806403117534,ryo,Hair Loss Expert Care 9EX Shampoo For Oily Scalp,none,,,,,
8809685752172,ryo,9EX Hair Loss Expert Care Treatment Root Strength 330ml,none,,,,,
8809803590266,ryo,Deep Cleansing & Cooling Shampoo 480ml,none,,,,,
8809803590259,ryo,Damage Care & Nourishing Treatment 300ml,none,,,,,
8809506310567,s.nature,Super Aquagel Oasis Ampule Mask 30ml,none,,,,,
8809506310611,s.nature,Aqua Squalane Serum 2025 ver - 50ml,iherb,1.0,28.37,SGD 2026-08-11,https://sg.iherb.com/pr/s-nature-aqua-squalane-serum-50-ml/150264,
8809506310406,s.nature,Aqua Squalane Moisturizing Cream 60ml,iherb,1.0,37.68,SGD 2026-08-11,https://sg.iherb.com/pr/s-nature-aqua-squalane-moisturizing-cream-2-02-fl-oz-60-ml/150265,
8809506310475,s.nature,Aqua Oasis Toner 300ml,iherb,1.0,34.34,SGD 2026-08-11,https://sg.iherb.com/pr/s-nature-aqua-oasis-toner-300-ml/150263,
8809506310369,s.nature,Aqua Collagen Peptide Triple Gel Essence 50ml,none,,,,,
8809546004549,scinic,Enjoy Foundation-Skip Tone Up Sun Cream 50g,none,,,,,
8809546005775,scinic,Enjoy Waterproof Air-Fit Sun Stick 20g,none,,,,,
4550516475558,shiseido,Sea Breeze Face & Body Ice Sheet N Frozen Mint,none,,,,,
4550516493606,shiseido,Shiseido - Freshy Dry Shampoo F Spray 150ml,none,,,,,
4550516493491,shiseido,Ag Deo 24 Clear Shower Sheet Cool 10pcs,none,,,,,
8809576261134,skin1004,Madagascar Centella Soothing Cream 75ml,iherb,1.0,27.05,SGD 2026-08-11,https://sg.iherb.com/pr/skin1004-madagascar-centella-soothing-cream-2-53-fl-oz-75-ml/141194,
8809576261646,skin1004,Madagascar Centella Poremizing Light Gel Cream 75ml,iherb,1.0,31.06,SGD 2026-08-11,https://sg.iherb.com/pr/skin1004-madagascar-centella-poremizing-light-gel-cream-2-53-fl-oz-75-ml/155923,
8809576260724,skin1004,Madagascar Centella Hyalu-Cica Sleeping Pack 100ml,iherb,1.0,25.76,SGD 2026-08-11,https://sg.iherb.com/pr/skin1004-madagascar-centella-hyalu-cica-sleeping-pack-3-38-fl-oz-100-ml/141192,
8809576261592,skin1004,Madagascar Centella Hyalu-Cica Water-Fit Sun Serum 50ml,shopee,1,,SGD 2026-08-01,https://shopee.sg/-BEST-SKIN1004-Madagascar-Centella-Hyalu-cica-Water-Fit-Sun-Serum-SPF50-PA-No-White-Cast-Long-lasting-Hydrating-Lightweight-for-Daily-Use-50ml-i.322645596.19703489951?extraParams=%7B%22display_model_id%22%3A410330408666%2C%22model_selection_logic%22%3A3%7D,
8809913830214,skin1004,Madagascar Centella Hyalu-Cica Silky-Fit Sun Stick 20g,iherb,1.0,25.30,SGD 2026-08-11,https://sg.iherb.com/pr/skin1004-madagascar-centella-hyalu-cica-silky-fit-sun-stick-spf50-pa-0-7-oz-20-g/141191,
8809576261752,skin1004,Madagascar Centella Probio-Cica Intensive Ampoule 50ml,iherb,1.0,31.90,SGD 2026-08-11,https://sg.iherb.com/pr/skin1004-madagascar-centella-probio-cica-intensive-ampoule-1-69-fl-oz-50-ml/122910,
8809913830177,skin1004,Madagascar Centella Probio-Cica Bakuchiol Eye Cream 20ml,iherb,1.0,27.52,SGD 2026-08-11,https://sg.iherb.com/pr/skin1004-madagascar-centella-probio-cica-bakuchiol-eye-cream-0-67-fl-oz-20-ml/141196,
8809913830627,skin1004,Madagascar Centella Tone Brightening Capsule Ampoule 50ml,shopee,1,13.60,SGD 2026-07-31,https://shopee.sg/SKIN1004-Madagascar-Centella-Tone-Brightening-Capsule-Ampoule-50ml-(Cruelty-Free)-i.322645596.28710024712?extraParams=%7B%22display_model_id%22%3A226729353805%2C%22model_selection_logic%22%3A3%7D,
8809576261622,skin1004,Madagascar Centella Tone Brightening Tone Up Sunscreen 50ml,shopee,1,15.30,SGD 2026-07-31,https://shopee.sg/-BEST-SKIN1004-Madagascar-Centella-Tone-Brightening-Tone-up-Sunscreen-SPF50-PA-for-Tone-up-effect-Brightening-UV-Protection-No-white-cast-50ml-i.322645596.19804806126?extraParams=%7B%22display_model_id%22%3A330331568886%2C%22model_selection_logic%22%3A3%7D,
8809913830085,skin1004,Madagascar Centella Poremizing Quick Clay Stick Mask 27g,iherb,1.0,28.30,SGD 2026-08-11,https://sg.iherb.com/pr/skin1004-madagascar-centella-poremizing-quick-clay-stick-beauty-mask-0-95-oz-27-g/141200,
8809576261127,skin1004,Madagascar Centella Ampoule Foam 125ml,iherb,1.0,21.26,SGD 2026-08-11,https://sg.iherb.com/pr/skin1004-madagascar-centella-ampoule-foam-4-22-fl-oz-125-ml/108347,
8809576261141,skin1004,Madagascar Centella Toning Toner 210ml,iherb,1.0,24.68,SGD 2026-08-11,https://sg.iherb.com/pr/skin1004-madagascar-centella-toning-toner-7-10-fl-oz-210-ml/108346,
8809576260601,skin1004,Madagascar Centella Ampoule 55ml,iherb,1.0,21.86,SGD 2026-08-11,https://sg.iherb.com/pr/skin1004-madagascar-centella-ampoule-1-85-fl-oz-55-ml/104715,
8809576261455,skin1004,Madagascar Centella Poremizing Clear Toner 210ml,iherb,1.0,26.10,SGD 2026-08-11,https://sg.iherb.com/pr/skin1004-madagascar-centella-poremizing-clear-toner-7-10-fl-oz-210-ml/141202,
8809913830115,skin1004,Madagascar Centella Poremizing Fresh Ampoule 50ml,shopee,1,13.60,SGD 2026-07-31,https://shopee.sg/SKIN1004-Madagascar-Centella-Poremizing-Fresh-Ampoule-50ml-(Cruelty-Free)-i.322645596.23556820788?extraParams=%7B%22display_model_id%22%3A184629632378%2C%22model_selection_logic%22%3A3%7D,
8809576260700,skin1004,Madagascar Centella Hyalu-Cica Brightening Toner 210ml,iherb,1.0,26.91,SGD 2026-08-11,https://sg.iherb.com/pr/skin1004-madagascar-centella-hyalu-cica-brightening-toner-7-10-fl-oz-210-ml/119401,
8809913830191,skin1004,Madagascar Centella Hyalu-Cica Cloudy Mist 2024 ver - 120ml,iherb,1.0,28.55,SGD 2026-08-11,https://sg.iherb.com/pr/skin1004-madagascar-centella-hyalu-cica-cloudy-mist-4-05-fl-oz-120-ml/141193,
8809576261493,skin1004,Madagascar Centella Hyalu-Cica Moisture Cream 75ml,iherb,1.0,29.72,SGD 2026-08-11,https://sg.iherb.com/pr/skin1004-madagascar-centella-hyalu-cica-moisture-cream-2-53-fl-oz-75-ml/145742,
8809576261189,skin1004,Madagascar Centella Tone Brightening Cleansing Gel Foam 125ml,iherb,1.0,19.13,SGD 2026-08-11,https://sg.iherb.com/pr/skin1004-madagascar-centella-tone-brightening-cleansing-gel-foam-4-22-fl-oz-125-ml/141203,
8809913833048,skin1004,Madagascar Centella Tone Brightening Dark Spot Ampoule Pad 60 pads,shopee,0.7,,SGD 2026-08-01,https://shopee.sg/-BEST-SKIN1004-Madagascar-Centella-Tone-Brightening-Capsule-Ampoule-for-Brightening-Glow-Niacinamide-Dark-Spot-Care-100ml-i.322645596.11669257072?extraParams=%7B%22display_model_id%22%3A430331561540%2C%22model_selection_logic%22%3A3%7D,
8809576261165,skin1004,Madagascar Centella Tone Brightening Boosting Toner 210ml,iherb,1.0,26.91,SGD 2026-08-11,https://sg.iherb.com/pr/skin1004-madagascar-centella-tone-brightening-boosting-toner-7-1-fl-oz-210-ml/119398,
8809576261615,skin1004,Madagascar Centella Tone Brightening Capsule Cream 75ml,iherb,1.0,31.46,SGD 2026-08-11,https://sg.iherb.com/pr/skin1004-madagascar-centella-tone-brightening-capsule-cream-2-53-fl-oz-75-ml/119403,
8809913836575,skin1004,Madagascar Centella Tone Brightening Aurora Mist 100ml,shopee,1,,SGD 2026-07-31,https://shopee.sg/SKIN1004-Madagascar-Centella-Tone-Brightening-Aurora-Mist-100ml-i.322645596.50064438824?extraParams=%7B%22display_model_id%22%3A411242646028%2C%22model_selection_logic%22%3A3%7D,
8809576261653,skin1004,Madagascar Centella Poremizing Deep Cleansing Foam 125ml,iherb,1.0,20.49,SGD 2026-08-11,https://sg.iherb.com/pr/skin1004-madagascar-centella-poremizing-deep-cleansing-foam-6-22-fl-oz-125-ml/145039,
8809913832850,skin1004,Madagascar Centella Hyalu-Cica Gentle Cleansing Milk 200ml,shopee,1,,SGD 2026-08-01,https://shopee.sg/SKIN1004-Madagascar-Centella-Hyalu-Cica-Gentle-Cleansing-Milk-200ml-i.322645596.49602229997?extraParams=%7B%22display_model_id%22%3A410215370146%2C%22model_selection_logic%22%3A3%7D,
8809576261608,skin1004,Madagascar Centella Air Fit Suncream Light 50ml,shopee,0.8571,15.30,SGD 2026-07-31,https://shopee.sg/SKIN1004-Madagascar-Centella-Air-Fit-Suncream-Light-SPF30-PA--i.322645596.17469392193?extraParams=%7B%22display_model_id%22%3A135797476646%2C%22model_selection_logic%22%3A3%7D,
8809913831440,skin1004,Madagascar Centella Tone Brightening Glow Mask Set 25ml x 5,iherb,1.0,20.51,SGD 2026-08-11,https://sg.iherb.com/pr/skin1004-madagascar-centella-tone-brightening-glow-beauty-mask-5-sheets-0-84-fl-oz-25-ml-each/152372,
8809913832041,skin1004,Madagascar Centella Hyalu-Cica Hydrating Mask Set 23ml x 5,iherb,1.0,20.49,SGD 2026-08-11,https://sg.iherb.com/pr/skin1004-madagascar-centella-hyalu-cica-hydrating-beauty-mask-5-sheets-0-77-fl-oz-23-ml-each/152371,
8809913831327,skin1004,Madagascar Centella Poremizing Clarifying Mask Set 23ml x 5,iherb,1.0,15.37,SGD 2026-08-11,https://sg.iherb.com/pr/skin1004-madagascar-centella-poremizing-clarifying-beauty-mask-5-sheets-0-77-fl-oz-23-ml-each/152373,
8809576260502,skin1004,Madagascar Centella Watergel Sheet Ampoule Mask Set 1 set 5pcs,iherb,1.0,20.53,SGD 2026-08-11,https://sg.iherb.com/pr/skin1004-madagascar-centella-watergel-sheet-ampoule-beauty-mask-0-84-fl-oz-25-ml/141195,
8809576261387,skin1004,Madagascar Centella Quick Calming Pad 70,iherb,1.0,29.97,SGD 2026-08-11,https://sg.iherb.com/pr/skin1004-madagascar-centella-quick-calming-pad-70-pads/145743,
8809576261691,skin1004,Spot Cover Patch 22,shopee,0.75,4.67,SGD 2026-07-31,https://shopee.sg/SKIN1004-Madagascar-Centella-Tea-Trica-Spot-Cover-Patch-22ea-i.322645596.21917634052?extraParams=%7B%22display_model_id%22%3A200959560248%2C%22model_selection_logic%22%3A3%7D,
8809913830467,skin1004,Madagascar Centella Hyalu-Cica Water-Fit Sun Serum Mini,shopee,0.8889,6.29,SGD 2026-07-31,https://shopee.sg/SKIN1004-Madagascar-Centella-Hyalu-Cica-Water-Fit-Sun-Serum-Minis-15ml-SPF50-PA--i.322645596.16394110755?extraParams=%7B%22display_model_id%22%3A175816154779%2C%22model_selection_logic%22%3A3%7D,
8809913830283,skin1004,Madagascar Centella Hyalu-Cica Silky-Fit Sun Stick Mini 7g,shopee,0.8,14.45,SGD 2026-07-31,https://shopee.sg/SKIN1004-Madagascar-Centella-Hyalu-Cica-Silky-Fit-Sun-Stick-20g-i.322645596.22755454375?extraParams=%7B%22display_model_id%22%3A207046670297%2C%22model_selection_logic%22%3A3%7D,
8809576261219,skin1004,Madagascar Centella Ampoule Foam Mini,shopee,0.8,,SGD 2026-08-01,https://shopee.sg/SKIN1004-Choose-Your-Pick-Centella-Mini-Size-Trials-(Centella-Light-Cleansing-Oil-30ml-Ampoule-Foam-20ml-Ampoule-30ml-Soothing-Cream-30ml-Cream-30ml)-i.322645596.6157939578?extraParams=%7B%22display_model_id%22%3A31433305616%2C%22model_selection_logic%22%3A2%7D,
8809576260618,skin1004,Madagascar Centella Ampoule Mini 30ml,shopee,0.8,,SGD 2026-08-01,https://shopee.sg/SKIN1004-Choose-Your-Pick-Centella-Mini-Size-Trials-(Centella-Light-Cleansing-Oil-30ml-Ampoule-Foam-20ml-Ampoule-30ml-Soothing-Cream-30ml-Cream-30ml)-i.322645596.6157939578?extraParams=%7B%22display_model_id%22%3A31433305616%2C%22model_selection_logic%22%3A2%7D,
8809576261318,skin1004,Madagascar Centella Cream Mini 30ml,shopee,0.8,,SGD 2026-08-01,https://shopee.sg/SKIN1004-Choose-Your-Pick-Centella-Mini-Size-Trials-(Centella-Light-Cleansing-Oil-30ml-Ampoule-Foam-20ml-Ampoule-30ml-Soothing-Cream-30ml-Cream-30ml)-i.322645596.6157939578?extraParams=%7B%22display_model_id%22%3A31433305616%2C%22model_selection_logic%22%3A2%7D,
8809576261226,skin1004,Madagascar Centella Light Cleansing Oil Mini,shopee,0.8333,,SGD 2026-08-01,https://shopee.sg/SKIN1004-Choose-Your-Pick-Centella-Mini-Size-Trials-(Centella-Light-Cleansing-Oil-30ml-Ampoule-Foam-20ml-Ampoule-30ml-Soothing-Cream-30ml-Cream-30ml)-i.322645596.6157939578?extraParams=%7B%22display_model_id%22%3A31433305616%2C%22model_selection_logic%22%3A2%7D,
8809576261073,skin1004,Madagascar Centella Hyalu-Cica Brightening Toner Mini 30ml,shopee,0.75,,SGD 2026-07-31,https://shopee.sg/SKIN1004-Madagascar-Centella-Hyalu-Cica-Brightening-Toner-210ml-(Cruelty-Free)-i.322645596.7257886600?extraParams=%7B%22display_model_id%22%3A31429524041%2C%22model_selection_logic%22%3A3%7D,
8809913833543,skin1004,Madagascar Centella Hyalu-Cica Moisture Cream Mini 30ml,shopee,0.75,16.91,SGD 2026-07-31,https://shopee.sg/SKIN1004-Madagascar-Centella-Hyalu-Cica-Moisture-Cream-75ml-(Cruelty-Free)-i.322645596.10589511201?extraParams=%7B%22display_model_id%22%3A160842586117%2C%22model_selection_logic%22%3A3%7D,
810114874042,skintific,5X Ceramide Low pH Cleanser 120ml,shopee,1,22.96,SGD 2026-07-31,https://shopee.sg/-Best-Seller-SKINTIFIC-5X-Ceramide-Low-pH-Cleanser-Facial-Wash-Gentle-Cleanser-For-All-Skin-Type-(80ml-120ml)-i.973870035.22035453839?extraParams=%7B%22display_model_id%22%3A226912620436%2C%22model_selection_logic%22%3A2%7D,
8101148747528,skintific,5X Ceramide Barrier Moisture Gel (Light Texture) 30g,shopee,0.875,,SGD 2026-07-31,https://shopee.sg/-NEW-LAUNCH-SKINTIFIC-5X-Ceramide-Moisture-Gel-Light-Texture-Oil-control-Moisturizer-Barrier-Repair-Day-Cream-i.973870035.25896914297?extraParams=%7B%22display_model_id%22%3A276518466308%2C%22model_selection_logic%22%3A3%7D,
7554411567476,skintific,360° Crystal Massager Lifting Eye Cream 20g,shopee,0.8571,22.54,SGD 2026-07-31,https://shopee.sg/-Best-Seller-SKINTIFIC-360-Crystal-Massager-Lifting-Eye-Cream-for-Dark-Eye-Circles-Puffy-Eyes-and-Fine-Lines-i.973870035.23135450747?extraParams=%7B%22display_model_id%22%3A221358033628%2C%22model_selection_logic%22%3A3%7D,
810114870259,skintific,Alaska Volcano Pore Clay Stick 40g,shopee,0.8333,,SGD 2026-08-01,https://shopee.sg/SKINTIFIC-Alaska-Volcano-Pore-Clay-Stick-Mask-Reduce-Blackheads-Deep-Pore-Cleansing-i.973870035.22263616015?extraParams=%7B%22display_model_id%22%3A232442349723%2C%22model_selection_logic%22%3A3%7D,
7554411568398,skintific,5X Ceramide Soothing Toner 80ml,shopee,1,12.64,SGD 2026-07-31,https://shopee.sg/-Best-Seller-SKINTIFIC-5X-Ceramide-Soothing-Toner-80ml-Skin-Barrier-Repair-Toner-Maintains-Skin-Barrier-i.973870035.22535465697?extraParams=%7B%22display_model_id%22%3A118033082553%2C%22model_selection_logic%22%3A2%7D,
7554411568916,skintific,5X Ceramide Barrier Serum 20ml,shopee,0.8,,SGD 2026-07-31,https://shopee.sg/SKINTIFIC-5X-Ceramide-Barrier-Serum-50ml-Repairs-Skin-Barrier-i.973870035.24357623109?extraParams=%7B%22display_model_id%22%3A250198657839%2C%22model_selection_logic%22%3A3%7D,
810114870693,skintific,5% Panthenol Acne Calming Water Gel 45g,none,0.3333,,,,
7554411565328,skintific,10% Niacinamide Brightening Serum 20ml,shopee,0.6,12.99,SGD 2026-07-31,https://shopee.sg/SKINTIFIC-Salicylic-Acid-Anti-Acne-Serum-20ml-for-Spot-Scar-Treatment-Brightening-Acne-Treatment-i.973870035.10699235014?extraParams=%7B%22display_model_id%22%3A165771449467%2C%22model_selection_logic%22%3A3%7D,
810114871843,skintific,12% AHA BHA PHA LHA Peeling Solution 30ml,shopee,0.875,34.24,SGD 2026-07-31,https://shopee.sg/-Best-Seller-SKINTIFIC-AHA-BHA-PHA-LHA-Peeling-Solution-Serum-30ml-for-Whitening-Brightening-Dark-Spots-Acne-i.973870035.27561608200?extraParams=%7B%22display_model_id%22%3A223503273148%2C%22model_selection_logic%22%3A2%7D,
810114870136,skintific,MSH Niacinamide Brightening Moisture Gel 30g,shopee,0.8333,23.90,SGD 2026-07-31,https://shopee.sg/-Best-Seller-SKINTIFIC-Moisture-Gel-30g-Moisturiser-for-Niacinamide-Brightening-Skin-Barrier-Fading-Dark-Spots-i.973870035.22135455972?extraParams=%7B%22display_model_id%22%3A138158355473%2C%22model_selection_logic%22%3A2%7D,
810114871720,skintific,5X Ceramide Serum Sunscreen SPF50 PA++++ 50ml,shopee,0.8333,8.85,SGD 2026-07-31,https://shopee.sg/SKINTIFIC-Sunscreen-5X-Ceramide-Serum-Sunscreen-Stick-SPF50-PA-30ml-i.973870035.21077283356?extraParams=%7B%22display_model_id%22%3A231358298290%2C%22model_selection_logic%22%3A2%7D,
810114871874,skintific,Matte Fit Serum Sunscreen SPF50 PA++++ 50g,shopee,1,22.96,SGD 2026-07-31,https://shopee.sg/-Best-Seller-SKINTIFIC-Matte-Fit-Serum-Sunscreen-30g-50g-SPF50-PA-Sun-UV-Protection-No-White-Cast-i.973870035.27912306860?extraParams=%7B%22display_model_id%22%3A188070640507%2C%22model_selection_logic%22%3A2%7D,
810114871423,skintific,Niacinamide Bright Boost Clay Stick 40g,none,0.5,,,,
810114871546,skintific,Cover All Perfect Cushion-01N Natural Vanilla - 11g,none,0.5,,,,
810114870174,skintific,Cover All Perfect Cushion-02 Ivory - 11g,none,0.5714,,,,
810114870198,skintific,Cover All Perfect Cushion-03 Petal - 11g,none,0.5714,,,,
810114870211,skintific,Cover All Perfect Cushion-04 Beige - 11g,none,0.5714,,,,
810114870235,skintific,Cover All Perfect Cushion-05 Sand - 11g,none,0.5714,,,,
810114870501,skintific,Cover All Perfect Cushion-06 Honey - 11g,none,0.5714,,,,
810114872451,skintific,Ultra Cover Powder Foundation-01 Vanilla - 9g,none,0.5714,,,,
810114872468,skintific,Ultra Cover Powder Foundation-02 Ivory - 9g,none,0.5714,,,,
810114872475,skintific,Ultra Cover Powder Foundation-03 Petal - 9g,none,0.5714,,,,
810114872482,skintific,Ultra Cover Powder Foundation-03A Almond - 9g,none,0.5714,,,,
810114872499,skintific,Ultra Cover Powder Foundation-04 Beige - 9g,none,0.5714,,,,
810114872529,skintific,Invisiblur All Day Loose Powder 02 Ivory - 9g,shopee,0.625,19.57,SGD 2026-07-31,https://shopee.sg/-Best-Seller-Skintific-Invisiblur-All-Day-Loose-Setting-Powder-Pore-Blurring-Oil-Control-Formula-for-Flawless-Skin-i.973870035.41854649215?extraParams=%7B%22display_model_id%22%3A206121917686%2C%22model_selection_logic%22%3A3%7D,
810114871478,skintific,Lock the Look Setting Spray 80ml,shopee,0.6,12.64,SGD 2026-07-31,https://shopee.sg/-Best-Seller-SKINTIFIC-Matte-Setting-Spray-80ml-Long-Lasting-Oil-Control-Make-Up-Fixing-Spray-i.973870035.27514177056?extraParams=%7B%22display_model_id%22%3A285751904970%2C%22model_selection_logic%22%3A3%7D,
810114871249,skintific,Perfect Stay Velvet Matte Cushion-01 Vanilla - 11g,shopee,0.625,12.64,SGD 2026-07-31,https://shopee.sg/-Best-Seller-SKINTIFIC-Perfect-Stay-Velvet-Matte-Cushion-foundation-High-Full-Coverage-concealer12H-OIL-CONTROLS-SPF35-i.973870035.24385877080?extraParams=%7B%22display_model_id%22%3A217985135076%2C%22model_selection_logic%22%3A2%7D,
810114871256,skintific,Perfect Stay Velvet Matte Cushion-02 Ivory - 11g,shopee,0.625,12.64,SGD 2026-07-31,https://shopee.sg/-Best-Seller-SKINTIFIC-Perfect-Stay-Velvet-Matte-Cushion-foundation-High-Full-Coverage-concealer12H-OIL-CONTROLS-SPF35-i.973870035.24385877080?extraParams=%7B%22display_model_id%22%3A217985135076%2C%22model_selection_logic%22%3A2%7D,
810114871263,skintific,Perfect Stay Velvet Matte Cushion-03 Petal - 11g,shopee,0.625,12.64,SGD 2026-07-31,https://shopee.sg/-Best-Seller-SKINTIFIC-Perfect-Stay-Velvet-Matte-Cushion-foundation-High-Full-Coverage-concealer12H-OIL-CONTROLS-SPF35-i.973870035.24385877080?extraParams=%7B%22display_model_id%22%3A217985135076%2C%22model_selection_logic%22%3A2%7D,
810114871287,skintific,Perfect Stay Velvet Matte Cushion-04 Beige - 11g,shopee,0.625,12.64,SGD 2026-07-31,https://shopee.sg/-Best-Seller-SKINTIFIC-Perfect-Stay-Velvet-Matte-Cushion-foundation-High-Full-Coverage-concealer12H-OIL-CONTROLS-SPF35-i.973870035.24385877080?extraParams=%7B%22display_model_id%22%3A217985135076%2C%22model_selection_logic%22%3A2%7D,
810114871515,skintific,Peptide Nourishing Brightening Lip Serum -#00 Clear - 6.5ml,none,0.5,,,,
810114874271,skintific,Peptide Nourishing Brightening Lip Serum -#01 Baby Pink - 6.5ml,none,0.4444,,,,
810114874288,skintific,Peptide Nourishing Brightening Lip Serum -#02 Coral Rose - 6.5ml,none,0.4444,,,,
810114874448,skintific,Peptide Nourishing Brightening Lip Serum -#04 Pink Berry - 6.5ml,none,0.4444,,,,
810114874523,skintific,Peptide Nourishing Brightening Lip Serum -#05 Peach Rose - 6.5ml,none,0.4444,,,,
810114874257,skintific,Peptide Nourishing Brightening Lip Serum -#06 Cherry Red - 6.5ml,none,0.4444,,,,
4897147693617,skintific,Peptide Nourishing Brightening Lip Serum -#12U Pink Ballet - 6.5ml,none,0.4444,,,,
4897147693624,skintific,Peptide Nourishing Brightening Lip Serum -#13U Fine Wine - 6.5ml,none,0.4444,,,,
4897147693631,skintific,Peptide Nourishing Brightening Lip Serum -#14U Warm Cocoa - 6.5ml,none,0.4444,,,,
4897147693648,skintific,Peptide Nourishing Brightening Lip Serum -#15U Juicy Peach - 6.5ml,none,0.4444,,,,
8809789571709,skybottle,skybottle - Jelly Body Mist #Bitter Lychee Jam 95ml,none,,,,,
8809789571693,skybottle,skybottle - Jelly Body Mist #No Sugar Muscat,none,,,,,
8809789571716,skybottle,skybottle - Jelly Body Mist #Salted CoC,none,,,,,
8809789570085,skybottle,Perfumed Hair & Body Mist - Muhwagua,iherb,1.0,18.95,SGD 2026-08-11,https://sg.iherb.com/pr/skybottle-perfumed-hair-body-mist-muhwagua-100-ml/128536,
8809789570696,skybottle,Perfumed Hair & Body Mist - Starry Night,iherb,1.0,18.95,SGD 2026-08-11,https://sg.iherb.com/pr/skybottle-perfumed-hair-body-mist-starry-night-100-ml/128538,
8809789570047,skybottle,Perfumed Hair & Body Mist - White Rain,iherb,1.0,18.95,SGD 2026-08-11,https://sg.iherb.com/pr/skybottle-perfumed-hair-body-mist-white-rain-100-ml/128534,
8809263878683,so natural,All Day Tight Make Up Setting Fixx Mini No Gas Mist Type - 35ml,none,,,,,
8809263874708,so natural,Oil Cut Hair Dry Powder 20g,none,,,,,
8809263878485,so natural,All Day Setting Up Hair Fixx 155ml,none,,,,,
8809263878935,so natural,All Day Sun Fixx Tone Up Pink 50ml,none,,,,,
8809263879376,so natural,Hair Keep Blur Cara,none,,,,,
8809263879291,so natural,so natural - Peach Deo Tone-Up Cream 50ml,none,,,,,
8809263877778,so natural,so natural - Peach Deo Pact 10g,none,,,,,
8809263870410,so natural,Makeup Setting Multi Magic Sealer 10ml,none,,,,,
8809263879253,so natural,All Day Blur Fit Prep Fixx 30ml,none,,,,,
8809263879260,so natural,All Day Blur Jelly Primer Fixx 5g,none,,,,,
8809263877952,so natural,So Vegan Noni Eyelash Ampoule 9ml,none,,,,,
8809751800141,t-fit,Airy Sun Fluid 50ml,shopee,1,27.24,SGD 2026-07-31,https://shopee.sg/-TFIT-Official-Airy-Sun-Fluid-50ml-i.1217527247.25072077557?extraParams=%7B%22display_model_id%22%3A250573728649%2C%22model_selection_logic%22%3A3%7D,
8809751803180,t-fit,Cover Up Pro Concealer #00 Light,shopee,0.6667,,SGD 2026-08-01,https://shopee.sg/-24H-delivery-TFIT-Official-15g-Cover-Up-Pro-Concealer-i.1217527247.24872080036?extraParams=%7B%22display_model_id%22%3A128900938627%2C%22model_selection_logic%22%3A3%7D,
8809751800448,t-fit,Cover Up Pro Concealer #01 Neutral,shopee,0.6667,,SGD 2026-08-01,https://shopee.sg/-24H-delivery-TFIT-Official-15g-Cover-Up-Pro-Concealer-i.1217527247.24872080036?extraParams=%7B%22display_model_id%22%3A128900938627%2C%22model_selection_logic%22%3A3%7D,
8809751800493,t-fit,Cover Up Pro Concealer #02 Warm,iherb,1.0,16.96,SGD 2026-08-11,https://sg.iherb.com/pr/tfit-cover-up-pro-concealer-02-warm-0-52-oz-15-g/155622,
8809751800509,t-fit,Cover Up Pro Concealer #03 Cool,iherb,1.0,16.96,SGD 2026-08-11,https://sg.iherb.com/pr/tfit-cover-up-pro-concealer-03-cool-0-52-oz-15-g/155623,
8809751802718,t-fit,Cover Up Pro Concealer #04 Dark,iherb,1.0,12.71,SGD 2026-08-11,https://sg.iherb.com/pr/tfit-cover-up-pro-concealer-04-dark-0-52-oz-15-g/155625,
8809751800691,t-fit,Cover Up Pro Concealer #05 Deep,shopee,0.6667,,SGD 2026-08-01,https://shopee.sg/-24H-delivery-TFIT-Official-15g-Cover-Up-Pro-Concealer-i.1217527247.24872080036?extraParams=%7B%22display_model_id%22%3A128900938627%2C%22model_selection_logic%22%3A3%7D,
8809751802732,t-fit,Cover Up Pro Concealer #B01 Corrector,iherb,1.0,16.95,SGD 2026-08-11,https://sg.iherb.com/pr/tfit-cover-up-pro-concealer-b01-corrector-0-52-oz-15-g/155624,
8809751803654,t-fit,Sleek Fit Cover Foundation N00 Cream,none,0.3333,,,,
8809751803661,t-fit,Sleek Fit Cover Foundation N01 Linen,none,0.3333,,,,
8809751803685,t-fit,Sleek Fit Cover Foundation N02 Nude,none,0.3333,,,,
8809751803708,t-fit,Sleek Fit Cover Foundation N03 Ginger,none,0.3333,,,,
8809751803722,t-fit,Sleek Fit Cover Foundation N05 Toffee,none,0.3333,,,,
8809751803739,t-fit,Sleek Fit Cover Foundation N06 Hazel,none,0.3333,,,,
8809751803746,t-fit,Sleek Fit Cover Foundation N09 Chestnut,none,0.3333,,,,
8809751803678,t-fit,Sleek Fit Cover Foundation N1.5 Suede,none,0.3333,,,,
8809751803753,t-fit,Sleek Fit Cover Foundation N11 Auburn,none,0.3333,,,,
8809751803760,t-fit,Sleek Fit Cover Foundation N13 Burnt,none,0.3333,,,,
8809751803692,t-fit,Sleek Fit Cover Foundation N2.5 Amber,none,0.3333,,,,
8809751803715,t-fit,Sleek Fit Cover Foundation N4.5 Camel,none,0.3333,,,,
8809751804125,t-fit,Translucent Set Finishing Powder 2026 Version - #1 White,none,0.5,,,,
8809751804132,t-fit,Translucent Set Finishing Powder 2026 Version - #2 Skin Beige,none,0.4286,,,,
8809751803395,t-fit,Translucent Set Finishing Powder 2026 Version - #2.1 Medium Beige,none,0.4286,,,,
8809751803401,t-fit,Translucent Set Finishing Powder 2026 Version - #2.2 Dark Beige,none,0.4286,,,,
8809751804170,t-fit,Translucent Set Finishing Powder 2026 Version - #3 Green,none,0.5,,,,
8809751804187,t-fit,Translucent Set Finishing Powder 2026 Version - #4 Lavender,none,0.5,,,,
8809751801537,t-fit,Buildable Fit Spatula Foundation C01 Porcelain,none,0.3333,,,,
8809751801605,t-fit,Buildable Fit Spatula Foundation P00 Peach Fuzz,none,0.2857,,,,
8809751801599,t-fit,Buildable Fit Spatula Foundation V01 Violet,none,0.3333,,,,
8809751802763,t-fit,Buildable Fit Spatula Foundation W04 Buff,none,0.3333,,,,
8800312065108,tage,Cica-Tree Cooling Sun Stick,none,,,,,
8800312065122,tage,Cica-Tree Cooling Jelly To Foam Cleanser,none,,,,,
8800312065085,tage,Cica-Tree Water Jelly Sun Serum,none,,,,,
8800312065115,tage,Cica-Tree Shaking Glow Sun Fixer,none,,,,,
8800312065092,tage,Cica-Tree Invisible Sun Gel,none,,,,,
8809751804804,tfit,Translucent Set Sun Powder Lemon,none,0.5,,,,
8809751800523,tfit,Skin Cover BB Cream BW02 Almond Butter,none,0.5714,,,,
8809751800738,tfit,Skin Cover BB Cream BW03 Healthy,shopee,0.6667,20.71,SGD 2026-07-31,https://shopee.sg/-TFIT-Official-Skin-Cover-BB-Cream-30g-i.1217527247.28082374481?extraParams=%7B%22display_model_id%22%3A258102247099%2C%22model_selection_logic%22%3A3%7D,
8809751800745,tfit,Skin Cover BB Cream BW04 Buff,shopee,0.6667,20.71,SGD 2026-07-31,https://shopee.sg/-TFIT-Official-Skin-Cover-BB-Cream-30g-i.1217527247.28082374481?extraParams=%7B%22display_model_id%22%3A258102247099%2C%22model_selection_logic%22%3A3%7D,
8801051247022,the face shop,Power Long-Lasting Sun Patch,none,,,,,
8806182591532,the face shop,THE FACE SHOP Smooth Foot Peeling 240ml,none,,,,,
8806182519307,the face shop,Rice Water Bright Light Facial Cleansing Oil 150ml,iherb,1.0,22.92,SGD 2026-08-11,https://sg.iherb.com/pr/the-face-shop-rice-water-bright-light-cleansing-oil-for-oily-to-combination-skin-5-fl-oz-150-ml/68414,
8806164119105,the saem,Healing Tea Garden Green Tea Lip & Eye Remover 150ml,none,,,,,
8806164177167,the saem,Jeju Fresh Aloe Sun Gel 50g,none,,,,,
8806164157688,the saem,Jeju Fresh Aloe Soothing Gel 99% Jumbo 500ml,none,,,,,
8806164172377,the saem,Eco Earth Face & Body Waterproof Sun Cream 100g,none,,,,,
8806164172742,the saem,Secret Pure Nose Clear Patch Set 6 pcs,none,,,,,
8809517461913,the saem,Blackhead All Kill Pack Set 1 set,iherb,1.0,22.36,SGD 2026-08-11,https://sg.iherb.com/pr/nacific-blackhead-all-kill-pack-1-35-fl-oz-40-ml/129249,
8806164190241,the saem,Silk Hair Style Fix Gel,none,,,,,
8806164154854,the saem,Dear My Foot Power Peeling 50ml,none,,,,,
8806164107980,the saem,Cover Perfection Tip Concealer #01 Clear Beige,none,,,,,
8806164151334,the saem,Cover Perfection Tip Concealer #1.25 Light Beige,none,,,,,
8806164121269,the saem,Cover Perfection Tip Concealer #1.5 Natural Beige,none,,,,,
8806164151341,the saem,Cover Perfection Tip Concealer #1.75 Middle Beige,none,,,,,
8806164107997,the saem,Cover Perfection Tip Concealer #02 Rich Beige,none,,,,,
8806164166529,the saem,Cover Perfection Tip Concealer #03 Tan,none,,,,,
8806164166499,the saem,Cover Perfection Tip Concealer #2.25 Sand,none,,,,,
8806164166505,the saem,Cover Perfection Tip Concealer #2.5 Medium Deep,none,,,,,
8806164166512,the saem,Cover Perfection Tip Concealer #2.75 Deep,none,,,,,
8806164188880,the saem,Cover Perfection Triple Pot Concealer 2025 Ver - #09 Fair,none,,,,,
8806164188897,the saem,Cover Perfection Triple Pot Concealer 2025 Ver - #10 Tan,none,,,,,
8806164188903,the saem,Cover Perfection Triple Pot Concealer 2025 Ver - #11 Deep,none,,,,,
8806164179826,the saem,Cover Perfection Triple Pot Concealer #01 Correct Beige,none,,,,,
8806164179833,the saem,Cover Perfection Triple Pot Concealer #02 Contour Beige,none,,,,,
8806164181904,the saem,Cover Perfection Triple Pot Concealer #03 Correct Up Beige,none,,,,,
8806164188873,the saem,Cover Perfection Triple Pot Concealer 2025 Ver - #08 Middle Beige,none,,,,,
8809915481100,thome,CPR Triple-Synergy Wrinkle Care Serum 30ml,none,,,,,
8809915481186,thome,The Glow Signature - white,none,,,,,
8809915481179,thome,Twenty Up - beige,none,,,,,
8809915480943,thome,Peptide Boost Ampoule 50g,none,,,,,
8809915480912,thome,Exosome Boost Ampoule 50g,none,,,,,
8809915480929,thome,Niacinamide Boost Ampoule 50g,none,,,,,
8809928138688,tirtir,Mask Fit Waterproof Setting Spray 80ml,shopee,1,13.20,SGD 2026-08-01,https://shopee.sg/-TIRTIR-Mask-Fit-Waterproof-Setting-Spray-80ml-Make-Up-Fixer-i.698318956.25742807496?extraParams=%7B%22display_model_id%22%3A89134928102%2C%22model_selection_logic%22%3A3%7D,
8809679699612,tirtir,Mask Fit Make Up Fixer 80ml,iherb,1.0,19.87,SGD 2026-08-11,https://sg.iherb.com/pr/tirtir-mask-fit-make-up-fixer-2-7-fl-oz-80-ml/150585,
8800349020545,tirtir,Prep Primer - flawless pore,shopee,1,,SGD 2026-08-01,https://shopee.sg/-TIRTIR-Flawless-Pore-Prep-Primer-30ml-10ml-Cooling-Oil-Control-Long-lasting-i.698318956.48158855703?extraParams=%7B%22display_model_id%22%3A410784212535%2C%22model_selection_logic%22%3A3%7D,
8809928130538,tirtir,Mask Fit Tone Up Essence - beige,none,0.5,,,,
8800288648619,tirtir,Mood Glider Lip & Blush Stick #01,shopee,0.8333,,SGD 2026-08-01,https://shopee.sg/-TIRTIR-Mood-Glider-Lip-Blush-Stick-3.8g-6-Colors-i.698318956.57001726087?extraParams=%7B%22display_model_id%22%3A292174737280%2C%22model_selection_logic%22%3A3%7D,
8800288648626,tirtir,Mood Glider Lip & Blush Stick #02,shopee,0.8333,,SGD 2026-08-01,https://shopee.sg/-TIRTIR-Mood-Glider-Lip-Blush-Stick-3.8g-6-Colors-i.698318956.57001726087?extraParams=%7B%22display_model_id%22%3A292174737280%2C%22model_selection_logic%22%3A3%7D,
8800288648633,tirtir,Mood Glider Lip & Blush Stick #03,shopee,0.8333,,SGD 2026-08-01,https://shopee.sg/-TIRTIR-Mood-Glider-Lip-Blush-Stick-3.8g-6-Colors-i.698318956.57001726087?extraParams=%7B%22display_model_id%22%3A292174737280%2C%22model_selection_logic%22%3A3%7D,
8800288648640,tirtir,Mood Glider Lip & Blush Stick #04,shopee,0.8333,,SGD 2026-08-01,https://shopee.sg/-TIRTIR-Mood-Glider-Lip-Blush-Stick-3.8g-6-Colors-i.698318956.57001726087?extraParams=%7B%22display_model_id%22%3A292174737280%2C%22model_selection_logic%22%3A3%7D,
8800288648657,tirtir,Mood Glider Lip & Blush Stick #05,shopee,0.8333,,SGD 2026-08-01,https://shopee.sg/-TIRTIR-Mood-Glider-Lip-Blush-Stick-3.8g-6-Colors-i.698318956.57001726087?extraParams=%7B%22display_model_id%22%3A292174737280%2C%22model_selection_logic%22%3A3%7D,
8800288648664,tirtir,Mood Glider Lip & Blush Stick #06,shopee,0.8333,,SGD 2026-08-01,https://shopee.sg/-TIRTIR-Mood-Glider-Lip-Blush-Stick-3.8g-6-Colors-i.698318956.57001726087?extraParams=%7B%22display_model_id%22%3A292174737280%2C%22model_selection_logic%22%3A3%7D,
8809679692514,tirtir,COLLAGEN LIFTING EYE CREAM 15ml,shopee,1,,SGD 2026-08-01,https://shopee.sg/-TIRTIR-Collagen-Lifting-Eye-Cream-15ml-(Plumping-Elasticity-Boost)-i.698318956.21586426329?extraParams=%7B%22display_model_id%22%3A127779345660%2C%22model_selection_logic%22%3A3%7D,
8800288641290,tirtir,Glide & Hide Blurring Concealer #2C,shopee,0.8,15.20,SGD 2026-08-01,https://shopee.sg/-TIRTIR-Glide-Hide-Blurring-Concealer-8g-(Liquid-4g-Stick-4g)-20-Shades-Stick-Tip-Dual-Concealer-(New-Arrivals)-i.698318956.40650990617?extraParams=%7B%22display_model_id%22%3A290078601347%2C%22model_selection_logic%22%3A3%7D,
8800288641313,tirtir,Glide & Hide Blurring Concealer #3W,shopee,0.8,15.20,SGD 2026-08-01,https://shopee.sg/-TIRTIR-Glide-Hide-Blurring-Concealer-8g-(Liquid-4g-Stick-4g)-20-Shades-Stick-Tip-Dual-Concealer-(New-Arrivals)-i.698318956.40650990617?extraParams=%7B%22display_model_id%22%3A290078601347%2C%22model_selection_logic%22%3A3%7D,
8800288641337,tirtir,Glide & Hide Blurring Concealer #4N,shopee,0.8,15.20,SGD 2026-08-01,https://shopee.sg/-TIRTIR-Glide-Hide-Blurring-Concealer-8g-(Liquid-4g-Stick-4g)-20-Shades-Stick-Tip-Dual-Concealer-(New-Arrivals)-i.698318956.40650990617?extraParams=%7B%22display_model_id%22%3A290078601347%2C%22model_selection_logic%22%3A3%7D,
8800288641351,tirtir,Glide & Hide Blurring Concealer #5C,shopee,0.8,15.20,SGD 2026-08-01,https://shopee.sg/-TIRTIR-Glide-Hide-Blurring-Concealer-8g-(Liquid-4g-Stick-4g)-20-Shades-Stick-Tip-Dual-Concealer-(New-Arrivals)-i.698318956.40650990617?extraParams=%7B%22display_model_id%22%3A290078601347%2C%22model_selection_logic%22%3A3%7D,
8800288641368,tirtir,Glide & Hide Blurring Concealer #6O,shopee,0.8,15.20,SGD 2026-08-01,https://shopee.sg/-TIRTIR-Glide-Hide-Blurring-Concealer-8g-(Liquid-4g-Stick-4g)-20-Shades-Stick-Tip-Dual-Concealer-(New-Arrivals)-i.698318956.40650990617?extraParams=%7B%22display_model_id%22%3A290078601347%2C%22model_selection_logic%22%3A3%7D,
8800288641382,tirtir,Glide & Hide Blurring Concealer #7N,shopee,0.8,15.20,SGD 2026-08-01,https://shopee.sg/-TIRTIR-Glide-Hide-Blurring-Concealer-8g-(Liquid-4g-Stick-4g)-20-Shades-Stick-Tip-Dual-Concealer-(New-Arrivals)-i.698318956.40650990617?extraParams=%7B%22display_model_id%22%3A290078601347%2C%22model_selection_logic%22%3A3%7D,
8800288641429,tirtir,Glide & Hide Blurring Concealer #8.3O,shopee,0.8,15.20,SGD 2026-08-01,https://shopee.sg/-TIRTIR-Glide-Hide-Blurring-Concealer-8g-(Liquid-4g-Stick-4g)-20-Shades-Stick-Tip-Dual-Concealer-(New-Arrivals)-i.698318956.40650990617?extraParams=%7B%22display_model_id%22%3A290078601347%2C%22model_selection_logic%22%3A3%7D,
8800288641412,tirtir,Glide & Hide Blurring Concealer #8W,shopee,0.8,15.20,SGD 2026-08-01,https://shopee.sg/-TIRTIR-Glide-Hide-Blurring-Concealer-8g-(Liquid-4g-Stick-4g)-20-Shades-Stick-Tip-Dual-Concealer-(New-Arrivals)-i.698318956.40650990617?extraParams=%7B%22display_model_id%22%3A290078601347%2C%22model_selection_logic%22%3A3%7D,
8800288641443,tirtir,Glide & Hide Blurring Concealer #9N,shopee,0.8,15.20,SGD 2026-08-01,https://shopee.sg/-TIRTIR-Glide-Hide-Blurring-Concealer-8g-(Liquid-4g-Stick-4g)-20-Shades-Stick-Tip-Dual-Concealer-(New-Arrivals)-i.698318956.40650990617?extraParams=%7B%22display_model_id%22%3A290078601347%2C%22model_selection_logic%22%3A3%7D,
8809928132051,tirtir,Hydro UV Shield Sunscreen 50ml,none,0.4,,,,
8800288640385,tirtir,Mask Fit AI Filter Cushion #21N Ivory,shopee,0.7143,,SGD 2026-08-01,https://shopee.sg/-TIRTIR-Mask-Fit-AI-Filter-Cushion-18g-(New-Arrivals)-i.698318956.26077800972?extraParams=%7B%22display_model_id%22%3A157703519831%2C%22model_selection_logic%22%3A3%7D,
8800288640392,tirtir,Mask Fit AI Filter Cushion #22N Shell Beige,shopee,0.625,,SGD 2026-08-01,https://shopee.sg/-TIRTIR-Mask-Fit-AI-Filter-Cushion-18g-(New-Arrivals)-i.698318956.26077800972?extraParams=%7B%22display_model_id%22%3A157703519831%2C%22model_selection_logic%22%3A3%7D,
8800288640408,tirtir,Mask Fit AI Filter Cushion #23N Sand,shopee,0.7143,,SGD 2026-08-01,https://shopee.sg/-TIRTIR-Mask-Fit-AI-Filter-Cushion-18g-(New-Arrivals)-i.698318956.26077800972?extraParams=%7B%22display_model_id%22%3A157703519831%2C%22model_selection_logic%22%3A3%7D,
8800288640415,tirtir,Mask Fit AI Filter Cushion #24N Latte,shopee,0.7143,,SGD 2026-08-01,https://shopee.sg/-TIRTIR-Mask-Fit-AI-Filter-Cushion-18g-(New-Arrivals)-i.698318956.26077800972?extraParams=%7B%22display_model_id%22%3A157703519831%2C%22model_selection_logic%22%3A3%7D,
8800288640422,tirtir,Mask Fit AI Filter Cushion #29N Natural Beige,shopee,0.625,,SGD 2026-08-01,https://shopee.sg/-TIRTIR-Mask-Fit-AI-Filter-Cushion-18g-(New-Arrivals)-i.698318956.26077800972?extraParams=%7B%22display_model_id%22%3A157703519831%2C%22model_selection_logic%22%3A3%7D,
8809928136561,tirtir,Mask Fit Aura Silver Cushion #21N Ivory,none,0.5714,,,,
8809928136585,tirtir,Mask Fit Aura Silver Cushion #23N Sand,none,0.5714,,,,
8809928136592,tirtir,Mask Fit Aura Silver Cushion #24N Latte,none,0.5714,,,,
8809928136875,tirtir,Mask Fit Aura Silver Cushion #25N Mocha,none,0.5714,,,,
8809928136622,tirtir,Mask Fit Aura Silver Cushion #29N Natural Beige,none,0.5,,,,
8809928136899,tirtir,Mask Fit Aura Silver Cushion #31N French Beige,none,0.5,,,,
8809928136639,tirtir,Mask Fit Aura Silver Cushion #33N Macchiato,none,0.5714,,,,
8809928136912,tirtir,Mask Fit Aura Silver Cushion #35N Walnut,none,0.5714,,,,
8809928136929,tirtir,Mask Fit Aura Silver Cushion #43N Deep Cocoa,none,0.5,,,,
8809679696451,tirtir,Mask Fit Red Cushion #21N Ivory,iherb,1.0,34.41,SGD 2026-08-11,https://sg.iherb.com/pr/tirtir-mask-fit-red-cushion-21n-ivory-0-63-oz-18-g/121711,
8809679696468,tirtir,Mask Fit Red Cushion #23N Sand,iherb,1.0,34.41,SGD 2026-08-11,https://sg.iherb.com/pr/tirtir-mask-fit-red-cushion-23n-sand-0-63-oz-18-g/121712,
8809928133263,tirtir,Mask Fit Red Cushion #25N Mocha,iherb,1.0,30.51,SGD 2026-08-11,https://sg.iherb.com/pr/tirtir-mask-fit-red-cushion-25n-mocha-0-63-oz-18-g/140615,
8809928133287,tirtir,Mask Fit Red Cushion #27N Camel,iherb,1.0,30.51,SGD 2026-08-11,https://sg.iherb.com/pr/tirtir-mask-fit-red-cushion-27n-camel-0-63-oz-18-g/140616,
8809928137438,tirtir,Mask Fit Red Cushion #28N Oat,iherb,1.0,22.87,SGD 2026-08-11,https://sg.iherb.com/pr/tirtir-mask-fit-red-cushion-28n-oat-0-63-oz-18-g/146311,
8809928133881,tirtir,Mask Fit Red Cushion #29N Natural Beige,iherb,1.0,30.51,SGD 2026-08-11,https://sg.iherb.com/pr/tirtir-mask-fit-red-cushion-29n-natural-beige-0-63-oz-18-g/140617,
8809928135854,tirtir,Mask Fit Red Cushion #31N French Beige,shopee,0.7143,24.08,SGD 2026-08-01,https://shopee.sg/-TIRTIR-Mask-Fit-Red-Cushion-Trial-Kit(1g*3ea)-10C-13C-13N-15C-17N-17C-17N-21N-23N-21N-21W-22C-21N-22N-22W-23N-24N-24W-24N-25N-27C-27N-28N-29C-29N-30N-31N-i.698318956.42217581155?extraParams=%7B%22display_model_id%22%3A266448433593%2C%22model_selection_logic%22%3A3%7D,
8809928134901,tirtir,Mask Fit Red Cushion #33N Macchiato,shopee,0.6667,,SGD 2026-08-01,https://shopee.sg/-TIRTIR-Mask-Fit-Red-Semi-Matte-Finish-Long-Lasting-Full-Coverage-Cushion-18g-(20-basic-shades)-i.698318956.23384833702?extraParams=%7B%22display_model_id%22%3A39365337674%2C%22model_selection_logic%22%3A2%7D,
8809928134918,tirtir,Mask Fit Red Cushion #35N Walnut,shopee,0.6667,,SGD 2026-08-01,https://shopee.sg/-TIRTIR-Mask-Fit-Red-Semi-Matte-Finish-Long-Lasting-Full-Coverage-Cushion-18g-(20-basic-shades)-i.698318956.23384833702?extraParams=%7B%22display_model_id%22%3A39365337674%2C%22model_selection_logic%22%3A2%7D,
8800288642549,tirtir,Mask Fit Red Foundation #21N Ivory,shopee,0.6667,21.29,SGD 2026-08-01,https://shopee.sg/-TIRTIR-Mask-Fit-Red-Foundation-30ml-30-Shades-i.698318956.28836498321?extraParams=%7B%22display_model_id%22%3A305045389216%2C%22model_selection_logic%22%3A2%7D,
8800288642563,tirtir,Mask Fit Red Foundation #22N Shell Beige,none,0.5714,,,,
8800288642570,tirtir,Mask Fit Red Foundation #23N Sand,shopee,0.6667,21.29,SGD 2026-08-01,https://shopee.sg/-TIRTIR-Mask-Fit-Red-Foundation-30ml-30-Shades-i.698318956.28836498321?extraParams=%7B%22display_model_id%22%3A305045389216%2C%22model_selection_logic%22%3A2%7D,
8800288642617,tirtir,Mask Fit Red Foundation #25N Mocha,shopee,0.6667,21.29,SGD 2026-08-01,https://shopee.sg/-TIRTIR-Mask-Fit-Red-Foundation-30ml-30-Shades-i.698318956.28836498321?extraParams=%7B%22display_model_id%22%3A305045389216%2C%22model_selection_logic%22%3A2%7D,
8800288642648,tirtir,Mask Fit Red Foundation #28N Oat,shopee,0.6667,21.29,SGD 2026-08-01,https://shopee.sg/-TIRTIR-Mask-Fit-Red-Foundation-30ml-30-Shades-i.698318956.28836498321?extraParams=%7B%22display_model_id%22%3A305045389216%2C%22model_selection_logic%22%3A2%7D,
8800288642662,tirtir,Mask Fit Red Foundation #30N Rich Honey,none,0.5714,,,,
8800288642693,tirtir,Mask Fit Red Foundation #34W Toffee,shopee,0.6667,21.29,SGD 2026-08-01,https://shopee.sg/-TIRTIR-Mask-Fit-Red-Foundation-30ml-30-Shades-i.698318956.28836498321?extraParams=%7B%22display_model_id%22%3A305045389216%2C%22model_selection_logic%22%3A2%7D,
8800288642709,tirtir,Mask Fit Red Foundation #37N Peanut Almond,none,0.5714,,,,
8800288642723,tirtir,Mask Fit Red Foundation #43N Deep Cocoa,none,0.5714,,,,
8800288642730,tirtir,Mask Fit Red Foundation #45W Chestnut,shopee,0.6667,21.29,SGD 2026-08-01,https://shopee.sg/-TIRTIR-Mask-Fit-Red-Foundation-30ml-30-Shades-i.698318956.28836498321?extraParams=%7B%22display_model_id%22%3A305045389216%2C%22model_selection_logic%22%3A2%7D,
8800288642747,tirtir,Mask Fit Red Foundation #49N Deep Chestnut,none,0.5714,,,,
8800288642754,tirtir,Mask Fit Red Foundation #51N Fudge,shopee,0.6667,21.29,SGD 2026-08-01,https://shopee.sg/-TIRTIR-Mask-Fit-Red-Foundation-30ml-30-Shades-i.698318956.28836498321?extraParams=%7B%22display_model_id%22%3A305045389216%2C%22model_selection_logic%22%3A2%7D,
8800288647223,tirtir,Matcha Pack Cleanser 120ml,shopee,1,,SGD 2026-08-01,https://shopee.sg/-TIRTIR-Matcha-Pack-Cleanser-120ml-15ml-Pack-to-Foam-Cleanser-Matcha-PDRN-Deep-Pore-Cleanse-Gentle-Exfoliation-i.698318956.44079440817?extraParams=%7B%22display_model_id%22%3A340672781632%2C%22model_selection_logic%22%3A3%7D,
8809928132006,tirtir,My glow lip oil - mint 5.7ml,shopee,1,12.71,SGD 2026-08-01,https://shopee.sg/-TIRTIR-My-Glow-Lip-Oil-7ml-Honey-Rosy-Mint-Lavender-i.698318956.25476257860?extraParams=%7B%22display_model_id%22%3A240703180830%2C%22model_selection_logic%22%3A3%7D,
8800288648541,tirtir,Prism Highlighter Duo #01 Champagne Halo,none,,,,,
8800288648558,tirtir,Prism Highlighter Duo #02 Rosegold Solar,none,,,,,
8800288648565,tirtir,Prism Highlighter Duo #03 Purple Meteor,none,,,,,
8800288643690,tirtir,TIRTIR Ice Cooling Toner Pack Pads,shopee,1,,SGD 2026-08-01,https://shopee.sg/-TIRTIR-Ice-Cooling-Toner-Pack-Pads-(160ml-120-pads)-Instant-Cooling-Relief-Reduces-Swelling-Soothes-Sunburn-Menthol-Free-70mm-Pads-i.698318956.41667971826?extraParams=%7B%22display_model_id%22%3A286479158678%2C%22model_selection_logic%22%3A3%7D,
8800288643706,tirtir,TIRTIR Ice Cooling Water Drop Serum,shopee,1,,SGD 2026-08-01,https://shopee.sg/-TIRTIR-Ice-Cooling-Water-Drop-Serum-30ml-Instant-Cooling-Relief-Skin-Firming-Pore-Minimizing-Fresh-Finish-i.698318956.27990450057?extraParams=%7B%22display_model_id%22%3A281239003142%2C%22model_selection_logic%22%3A3%7D,
8809928137742,tirtir,Water Mellow Lip Balm - greeny apple,shopee,0.8333,13.20,SGD 2026-08-01,https://shopee.sg/-TIRTIR-Waterism-Mellow-Lip-Balm-3.2g-(Icy-Blue-Mauve-Berry-Peach-Lemony-Greeny-Apple)-i.698318956.29225793477?extraParams=%7B%22display_model_id%22%3A139235881213%2C%22model_selection_logic%22%3A3%7D,
8809928136158,tirtir,Waterism Glow Tint - Lip Plumper,shopee,1,,SGD 2026-08-01,https://shopee.sg/-TIRTIR-Waterism-Glow-Melting-Tint-4g-Lip-Plumper-3.3g-i.698318956.27653578279?extraParams=%7B%22display_model_id%22%3A157354489124%2C%22model_selection_logic%22%3A3%7D,
8809928136066,tirtir,Waterism Glow Tint #01 Mauve Rose,iherb,1.0,,SGD 2026-08-11,https://sg.iherb.com/pr/tirtir-waterism-glow-tint-01-mauve-rose-0-14-oz-4-g/150574,
8809928136073,tirtir,Waterism Glow Tint #02 Merry Coral,iherb,1.0,10.22,SGD 2026-08-11,https://sg.iherb.com/pr/tirtir-waterism-glow-tint-02-merry-coral-0-14-oz-4-g/150573,
8809928136080,tirtir,Waterism Glow Tint #03 Sand Mond,iherb,1.0,10.22,SGD 2026-08-11,https://sg.iherb.com/pr/tirtir-waterism-glow-tint-03-sand-mond-0-14-oz-4-g/150572,
8809928136097,tirtir,Waterism Glow Tint #04 Fig Peach,iherb,1.0,10.27,SGD 2026-08-11,https://sg.iherb.com/pr/tirtir-waterism-glow-tint-04-fig-peach-0-14-oz-4-g/150571,
8809928136134,tirtir,Waterism Glow Tint #08 Summer Pumpkin,iherb,1.0,10.24,SGD 2026-08-11,https://sg.iherb.com/pr/tirtir-waterism-glow-tint-08-summer-pumpkin-0-14-oz-4-g/150567,
8809928136141,tirtir,Waterism Glow Tint #09 Salmon Syrup,iherb,1.0,10.22,SGD 2026-08-11,https://sg.iherb.com/pr/tirtir-waterism-glow-tint-09-salmon-syrup-0-14-oz-4-g/150566,
8806194022826,tonymoly,I'm Mask Sheet 2025 Version - Rice,iherb,1.0,3.22,SGD 2026-08-11,https://sg.iherb.com/pr/tonymoly-i-m-rice-clear-skin-beauty-mask-sheet-1-sheet-0-74-oz-21-g/99504,
8806194070766,tonymoly,Houttuynia Cordata Cica Pore Freezing Pad 60 pads,none,,,,,
8809414862035,tonymoly,Pack Brush 1pc,none,,,,,
8806194071237,tonymoly,Eye Tone Strong Eyelash Serum 5g,none,,,,,
8809878840068,torhop,Saunan Heating Salt Mask 90g,none,,,,,
8809932661523,touch in sol,Vegan Again Black Eyelash Serum,none,,,,,
4550516485250,tsubaki,Tsubaki Premium Moist & Repair Conditioner 450ml,none,,,,,
4550516485830,tsubaki,Premium EX Damage Care & Repair Shampoo 450ml,none,,,,,
4550516485236,tsubaki,Tsubaki Premium Moist & Repair Shampoo 450ml,none,,,,,
4550516485632,tsubaki,Premium Volume & Repair Conditioner 450ml,none,,,,,
4550516485977,tsubaki,Premium EX Damage Care & Repair Conditioner Treatment 450ml,none,,,,,
4550516503381,tsubaki,Premium Cool & Repair Shampoo & Conditioner Set 450ml,none,,,,,
4550516491190,tsubaki,Premium EX Repair Hair Mask 180g,none,,,,,
4550516483782,tsubaki,Premium Treatment Hair Water 210ml,none,,,,,
8809647770664,unleasia,Glitterpedia Eye Palette N°2 All Of Brown,iherb,1.0,26.68,SGD 2026-08-11,https://sg.iherb.com/pr/unleashia-glitterpedia-eyeshadow-palette-no-2-all-of-brown-0-28-oz/135936,
8809647773474,unleasia,Niacinamide Banana Sun Serum 40ml,none,,,,,
8809647773900,unleasia,Two Step Zero Pore Overnight Bubble Mask 80ml,none,,,,,
8809647770657,unleasia,Glitterpedia Eye Palette N°1 All Of Glitter,iherb,1.0,20.05,SGD 2026-08-11,https://sg.iherb.com/pr/unleashia-glitterpedia-eyeshadow-palette-no-1-all-of-glitter-0-233-oz/133715,
8809647770671,unleasia,Glitterpedia Eye Palette N°3 All Of Coral Pink,none,,,,,
8809647770763,unleasia,Glitterpedia Eye Palette N°4 All Of Lavender Fog,none,,,,,
8809647770770,unleasia,Glitterpedia Eye Palette N°5 All Of Dusty Rose,none,,,,,
8809647770893,unleasia,Glitterpedia Eye Palette N°6 All Of Citrus,none,,,,,
8809647770909,unleasia,Glitterpedia Eye Palette N°7 All of Peach Ade,none,,,,,
8809647773795,unleasia,Glitterpedia Eye Palette N°8 All Of Dancing Swan,none,,,,,
8809647773887,unleasia,Glitterpedia Eye Palette N°9 All of Pink Glitter,none,,,,,
8809647773023,unleasia,A by Unleashia Moonlight Liquid Glitter #01 Shine Star,none,,,,,
8809647773030,unleasia,A by Unleashia Moonlight Liquid Glitter #02 Gold Star,none,,,,,
8809647773047,unleasia,A by Unleashia Moonlight Liquid Glitter #03 Peach Star,none,,,,,
8809647770954,unleasia,Shaper Pomade Eyebrow Fixer 8.5g,iherb,1.0,15.06,SGD 2026-08-11,https://sg.iherb.com/pr/unleashia-shaper-pomade-eyebrow-fixer-no1-clear-8-5-g/145735,
8809647770923,unleasia,Shaper Defining Eyebrow Pencil N°1 Oatmeal Brown,none,,,,,
8809647770930,unleasia,Shaper Defining Eyebrow Pencil N°2 Kraft Brown,iherb,1.0,13.98,SGD 2026-08-11,https://sg.iherb.com/pr/unleashia-shaper-defining-eyebrow-pencil-no-2-kraft-brown-0-025-g/133713,
8809647770947,unleasia,Shaper Defining Eyebrow Pencil N°3 Taupe Gray,none,,,,,
8809647772477,unleasia,Sunset Dazzle Gloss Balm No. 0 Wakiki,iherb,1.0,9.93,SGD 2026-08-11,https://sg.iherb.com/pr/unleashia-sunset-dazzle-gloss-balm-no-0-waikiki-10-g/153747,
8809647772484,unleasia,Sunset Dazzle Gloss Balm No. 1 Malibu,iherb,1.0,11.87,SGD 2026-08-11,https://sg.iherb.com/pr/unleashia-sunset-dazzle-gloss-balm-no-1-malibu-10-g/153746,
8809647772491,unleasia,Sunset Dazzle Gloss Balm No. 2 Bondi,iherb,1.0,9.93,SGD 2026-08-11,https://sg.iherb.com/pr/unleashia-sunset-dazzle-gloss-balm-no-2-bondi-10-g/153745,
8809647772507,unleasia,Sunset Dazzle Gloss Balm No. 3 Ibiza,iherb,1.0,9.93,SGD 2026-08-11,https://sg.iherb.com/pr/unleashia-sunset-dazzle-gloss-balm-no-3-ibiza-10-g/153748,
8809647772514,unleasia,Sunset Dazzle Gloss Balm No. 4 Bora Bora,iherb,1.0,9.93,SGD 2026-08-11,https://sg.iherb.com/pr/unleashia-sunset-dazzle-gloss-balm-no-4-bora-bora-10-g/153750,
8809647772521,unleasia,Sunset Dazzle Gloss Balm No. 5 Amalfi,iherb,1.0,18.26,SGD 2026-08-11,https://sg.iherb.com/pr/unleashia-sunset-dazzle-gloss-balm-no-5-amalfi-10-g/153749,
8809647773757,unleasia,Sunset Dazzle Gloss Balm No. 7 Rome,none,,,,,
8809647773788,unleasia,Sunset Dazzle Gloss Balm No. 10 Boston,none,,,,,
8809647773535,unleasia,Satin Wear Healthy-Green Cushion #20N Apricot,none,,,,,
8809647773542,unleasia,Satin Wear Healthy-Green Cushion #21W Creamer,none,,,,,
8809647773559,unleasia,Satin Wear Healthy-Green Cushion #22N Sienna,none,,,,,
8809647773566,unleasia,Satin Wear Healthy-Green Cushion #23N Nude Beach,none,,,,,
8809647773580,unleasia,Satin Wear Healthy-Green Cushion #25N Blush,none,,,,,
6974108368208,unny club,UNNY CLUB - Velvety Soft Hairline Filling Powder(dark brown),none,,,,,
6974108368215,unny club,UNNY CLUB - Velvety Soft Hairline Filling Powder(light brown),none,,,,,
8809539750651,unpa,Bubi Bubi Bubble Lip Scrub 10ml,none,,,,,
8801051289442,vdl,Cover Stain Perfecting Foundation 2025 Ver - #A01,none,,,,,
8801051289459,vdl,Cover Stain Perfecting Foundation 2025 Ver - #A02,none,,,,,
8801051289466,vdl,Cover Stain Perfecting Foundation 2025 Ver - #V02,none,,,,,
8809949506985,vdl,Cover Stain Perfecting Foundation 2025 Ver - #V03,none,,,,,
8801051489309,vdl,Cheek Stain Blusher #01 Bouncing Peach,none,,,,,
8801051489316,vdl,Cheek Stain Blusher #02 Favorite Lavender,none,,,,,
8801051489323,vdl,Cheek Stain Blusher #03 Like Beige,none,,,,,
8801051490923,vdl,"Cheek Stain Blusher #06 Hey, Gorgeous",none,,,,,
8801051248241,vdl,Cheek Stain Blusher #07 Misty Apricot,none,,,,,
8801051248234,vdl,Cheek Stain Blusher #08 Mauve Haze,none,,,,,
8809949525238,vdl,Cheek Stain Blusher #09 Flirting Pink,none,,,,,
8809949525245,vdl,Cheek Stain Blusher #10 Chillin Lilac,none,,,,,
8809949525252,vdl,Cheek Stain Blusher #11 Bohemian Pink,none,,,,,
8809949525269,vdl,Cheek Stain Blusher #12 Its Guava,none,,,,,
8809949496422,vdl,Cover Stain Perfecting Cushion #M01,none,,,,,
8809949496446,vdl,Cover Stain Perfecting Cushion #V02,none,,,,,
8809949496460,vdl,Cover Stain Perfecting Cushion #V03,none,,,,,
8801051695625,vdl,Color Correcting Primer Mint,none,,,,,
8801051700671,vdl,Color Correcting Primer Rose Quartz,none,,,,,
8801051707229,vdl,Color Correcting Primer Serenity,none,,,,,
8801051695045,vdl,Expert Color Primer For Eyes Original,none,,,,,
8801051695090,vdl,Expert Color Primer For Eyes Serenity,none,,,,,
8809949515444,vdl,Eyestain Essential Shadow Duo #01 Basic Brown,none,,,,,
8809949515451,vdl,Eyestain Essential Shadow Duo #02 Over Rose,none,,,,,
8809949515482,vdl,Eyestain Essential Shadow Duo #03 Bunny Peach,none,,,,,
8809949515499,vdl,Eyestain Essential Shadow Duo #04 Ginger Cat,none,,,,,
8809949515468,vdl,Eyestain Essential Shadow Duo #05 Mauve Affair,none,,,,,
8809949515475,vdl,Eyestain Essential Shadow Duo #06 Timeless Grey,none,,,,,
6977487730017,veecci,Freely Painted Multi-Use Hairline Liquid Eyebrow F02# Ash brown - 1.2ml,none,,,,,
6977487730024,veecci,Freely Painted Multi-Use Hairline Liquid Eyebrow F03# Tea Brown - 1.2ml,none,,,,,
6931354003987,veecci,Colorful Liquid Eyeliner / Smiling Aegyosal Eyeliner Aegyosal Eyeliner - 01# Chocolate Brown - 0.55ml,none,,,,,
6977487731663,veecci,Colorful Liquid Eyeliner / Smiling Aegyosal Eyeliner D01# Foggy Black - 0.6ml,none,,,,,
6977487731885,veecci,Colorful Liquid Eyeliner / Smiling Aegyosal Eyeliner D02# Chocolate Brown - 0.6ml,none,,,,,
6977487731892,veecci,Colorful Liquid Eyeliner / Smiling Aegyosal Eyeliner D03# Taupe Brown - 0.6ml,none,,,,,
6931611317765,veecci,6-Shade Multi-Use Face & Eye Palette S01# Grayish Pink Soft - 8g,none,,,,,
6931611317772,veecci,6-Shade Multi-Use Face & Eye Palette S02# Latte Cocoa - 8g,none,,,,,
6931611317789,veecci,6-Shade Multi-Use Face & Eye Palette S03# Sea Salt Bubbles - 8g,none,,,,,
6931611317970,veecci,6-Shade Multi-Use Face & Eye Palette S04# Pink Mist Velvet - 8g,none,,,,,
6977212290403,veecci,Artist 7-Color Eyeshadow Palette D01# Grey Pink Rose - 6.5g,none,,,,,
6977212290410,veecci,Artist 7-Color Eyeshadow Palette D02# Woody Walnut - 6.5g,none,,,,,
6977212290427,veecci,Artist 7-Color Eyeshadow Palette D03# Cinnamon Choco - 6.5g,none,,,,,
6931354003925,veecci,Freely Painted Liquid Eyebrow Pencil S01 Tea Brown - 0.55ml,none,,,,,
6931354003932,veecci,Freely Painted Liquid Eyebrow Pencil S02 Taupe Brown - 0.55ml,none,,,,,
6931354003949,veecci,Freely Painted Liquid Eyebrow Pencil S03 Cool Black - 0.55ml,none,,,,,
6977487732417,veecci,Lifelike Liquid Eyebrow Pencil 101# Light Brown - 0.45ml,none,,,,,
6977487732424,veecci,Lifelike Liquid Eyebrow Pencil 102# Grayish Brown - 0.45ml,none,,,,,
6977487732455,veecci,Lifelike Liquid Eyebrow Pencil 105# Natural Black - 0.45ml,none,,,,,
6977487730550,veecci,Shiny Vibrant Aegyo-Sal & Eyeshadow Palette M01# Brown - 4g,none,,,,,
6977487730567,veecci,Shiny Vibrant Aegyo-Sal & Eyeshadow Palette M02# Pink - 4g,none,,,,,
6976245295812,veecci,Essence Long-Lasting Air Cushion K01# Porcelain (Mini) - 4.5g,none,,,,,
6976245295799,veecci,Essence Long-Lasting Air Cushion K01# Porcelain - 10g,none,,,,,
6976245295829,veecci,Essence Long-Lasting Air Cushion K02# Ivory (Mini) - 4.5g,none,,,,,
6976245295805,veecci,Essence Long-Lasting Air Cushion K02# Ivory - 10g,none,,,,,
6977487730581,veecci,Silky Flowy 7-Color Concealer Palette N01# - 4.6g,none,,,,,
6973655322572,veecci,Soft Mist Oil-Control Setting Spray 100ml,none,,,,,
No barcode,vodana,Easy Up Hair Styler Set,none,,,,,
8809362251745,vodana,Glamwave Curling Iron 40mm #Pink,none,,,,,
8809362251912,vodana,Glamwave Curling Iron 36mm #Creamy Blue,none,,,,,
8809362254166,vodana,Pocket Mini Flat Iron #Ivoery Mood,none,,,,,
8809362251691,vodana,Softbar Flat Iron #Purple Lavender,none,,,,,
8809362255293,vodana,Glow W Styler,none,,,,,
8809362255705,vodana,Stage Up Volume Fixer,none,,,,,
8803463011420,VT,PDRN Reedle Shot Shampoo Treatment Duo Set 200ml (shampoo),none,0.5714,,,,
8803463011420,VT,PDRN Reedle Shot Shampoo Treatment Duo Set 200ml (Treatment),none,0.5714,,,,
8809559624031,VT,Cica Spot Patch,shopee,1,,SGD 2026-08-01,https://shopee.sg/-VT-Pro-Cica-Centella-Asiatica-Tiger-Clear-Spot-Patch-Pimple-Patch-Acne-Patch-Official-Flagship--i.168581560.29024031481?extraParams=%7B%22display_model_id%22%3A223728630627%2C%22model_selection_logic%22%3A2%7D,
8803463004286,VT,PDRN Essence 100 30ml,shopee,1,,SGD 2026-08-01,https://shopee.sg/-VT-PDRN-ESSENCE-100-30ml-100-000ppm-of-PDRN(98-)-Wrinkle-improvement-Brightening-Official-Flagship--i.168581560.24955612294?extraParams=%7B%22display_model_id%22%3A225944521321%2C%22model_selection_logic%22%3A3%7D,
8803463012816,VT,PDRN Capsule Cream 100 50ml,shopee,0.8,30.97,SGD 2026-07-29,https://shopee.sg/-VT-PDRN-Cream-100-50ml-Azulen-cream-revital-skin-wrinkle-improvement-Official-Flagship--i.168581560.24330269580?extraParams=%7B%22display_model_id%22%3A148625101592%2C%22model_selection_logic%22%3A3%7D,
8803463007201,VT,PDRN Essence Glow Sun Pact 10g,shopee,1,27.70,SGD 2026-07-29,https://shopee.sg/-VT-PDRN-Essence-Glow-Sun-pact-10g-SPF-50-PA-Plant-based-PDRN-sun-care-Official-Flagship--i.168581560.24880880459?extraParams=%7B%22display_model_id%22%3A226342264769%2C%22model_selection_logic%22%3A3%7D,
8803463020453,VT,Air Cloud Water Powder Sun Cushion,shopee,1,,SGD 2026-08-01,https://shopee.sg/-VT-Air-Cloud%E2%84%A2-WATER-POWDER-SUN-CUSION-Cooling-Blur-Finish-Sun-Cushion-Official-Flagship--i.168581560.53562350545?extraParams=%7B%22display_model_id%22%3A277703975761%2C%22model_selection_logic%22%3A2%7D,
8803463009762,VT,PDRN Reedle Shot Hair Ampoule 100dL 15ml,iherb,1.0,65.20,SGD 2026-08-11,https://sg.iherb.com/pr/vt-cosmetics-pdrn-reedle-shot-hair-ampoule-100dl-0-5-fl-oz-15-ml/155706,
8803463017491,VT,PDRN Reedle Shot Brush Hair Serum 100ml,shopee,1,,SGD 2026-08-01,https://shopee.sg/-VT-PDRN-Reedle-Shot-Brush-Hair-Serum-100ml-Scalp-Cooling-Hair-Loss-Care-Official-Flagship--i.168581560.29444834805?extraParams=%7B%22display_model_id%22%3A320945294579%2C%22model_selection_logic%22%3A3%7D,
8809695678363,VT,Reedle Shot 100 50ml,iherb,1.0,46.74,SGD 2026-08-11,https://sg.iherb.com/pr/vt-cosmetics-reedle-shot-100-1-69-fl-oz-50-ml/128671,
8803463007294,VT,Reedle Shot 100 Stick Pouch 2ml x 10 pcs,iherb,1.0,15.81,SGD 2026-08-11,https://sg.iherb.com/pr/vt-cosmetics-100-reedle-shot-10-count-2-ml-each/145369,
8809695678431,VT,Reedle Shot 300 50ml,iherb,1.0,55.49,SGD 2026-08-11,https://sg.iherb.com/pr/vt-cosmetics-reedle-shot-300-1-69-fl-oz-50-ml/140002,
8803463007300,VT,Reedle Shot 300 Stick Pouch 2ml x 10 pcs,iherb,1.0,16.35,SGD 2026-08-11,https://sg.iherb.com/pr/vt-cosmetics-300-reedle-shot-10-count-2-ml-each/145370,
8809695678448,VT,Reedle Shot 700 30ml,iherb,1.0,,SGD 2026-08-11,https://sg.iherb.com/pr/vt-cosmetics-reedle-shot-700-1-01-fl-oz-30-ml/155699,
8803463006037,VT,Reedle Shot 100 2 Step Mask 1.5g+25g,none,0.5714,,,,
8809559627490,VT,Cica Daily Soothing Mask 350g,iherb,1.0,33.33,SGD 2026-08-11,https://sg.iherb.com/pr/vt-cosmetics-cica-daily-soothing-beauty-mask-30-sheets-350-g/128665,
8803463012403,VT,PDRN Toner 250ml,shopee,1,,SGD 2026-07-29,https://shopee.sg/-VT-PDRN-Toner-250ml-Vegan-PDRN-Wild-ginseng-PDRN-Brightening-Care-Official-Flagship--i.168581560.26337543826?extraParams=%7B%22display_model_id%22%3A270368096418%2C%22model_selection_logic%22%3A3%7D,
8803463020040,VT,PDRN Cream 100 2026 ver - 50ml,shopee,0.6667,30.97,SGD 2026-07-29,https://shopee.sg/-VT-PDRN-Cream-100-50ml-Azulen-cream-revital-skin-wrinkle-improvement-Official-Flagship--i.168581560.24330269580?extraParams=%7B%22display_model_id%22%3A148625101592%2C%22model_selection_logic%22%3A3%7D,
8803463012199,VT,PDRN Reedle Shot Eye Lifter 15ml,shopee,1,,SGD 2026-08-01,https://shopee.sg/-VT-PDRN-Reedle-Shot-Vibrating-Eye-Lifter-15ml-Refill-Plant-based-Vegan-PDRN-Wrinkle-care-Eye-care-Official-Flagship--i.168581560.41157420224?extraParams=%7B%22display_model_id%22%3A265628828739%2C%22model_selection_logic%22%3A2%7D,
8803463010379,VT,PDRN Daily Mask 30,iherb,1.0,31.37,SGD 2026-08-11,https://sg.iherb.com/pr/vt-cosmetics-pdrn-daily-beauty-mask-30-sheets-350-g/155680,
8803463020187,VT,PDRN Air Cloud Sunscreen 50ml,shopee,0.8,,SGD 2026-08-01,https://shopee.sg/-VT-GWP-PDRN-Air-Cloud%E2%84%A2-Sunscreen-SPF-50-PA-2mL-Official-Flagship--i.168581560.40882427477?extraParams=%7B%22display_model_id%22%3A302768640181%2C%22model_selection_logic%22%3A3%7D,
8803463010515,VT,PDRN R5 Firming Ampoule 30ml,none,0.4,,,,
8803463012823,VT,PDRN Grinding Cleansing Balm 50ml,none,0.4,,,,
8803463004552,VT,Reedle Shot Vita-Light Eyecream 15ml,shopee,0.8333,,SGD 2026-08-01,https://shopee.sg/-VT-REEDLE-SHOT-VITA-LIGHT-Vibrating-Eye-Lifter-15ml-100-000-PPM-of-vitamin-B3-Brightening-Glow-Skin-Dark-Spot-Eye-Cream-i.168581560.25253822483?extraParams=%7B%22display_model_id%22%3A167998386689%2C%22model_selection_logic%22%3A3%7D,
8803463021474,VT,Air Cloud Balance Layer Sun Stick 14.5g,shopee,0.75,,SGD 2026-07-29,https://shopee.sg/-VT-Air-Cloud%E2%84%A2-BALANCE-LAYER-SUN-STICK-Weightless-Oil-Control-UV-Protection-Official-Flagship--i.168581560.54062338053?extraParams=%7B%22display_model_id%22%3A326070514071%2C%22model_selection_logic%22%3A3%7D,
8803463012458,VT,Cryo Ice Mask 30 sheets,shopee,0.6,,SGD 2026-08-01,https://shopee.sg/-VT-CRYO-ICE-Cooling-Mask-30ea-Soothing-Hydrating-Skin-Official-Flagship--i.168581560.28587932954?extraParams=%7B%22display_model_id%22%3A157872826240%2C%22model_selection_logic%22%3A2%7D,
8803463003487,VT,Vita-Light All In One 3step Mask 26g x 1,none,0.4286,,,,
8803463009496,VT,Reti-A Reedle Shot 100 2Step Hydrogel Mask Set 34.5g x 4,none,0.5556,,,,
8803463017934,VT,PDRN Hydrogel Eye Patch 60,shopee,0.8,,SGD 2026-08-01,https://shopee.sg/-VT-PDRN-Hydrogel-Eye-patch-60ea-Eye-Spa-Care-Wrinkle-Care-Official-Flagship--i.168581560.56057392714?extraParams=%7B%22display_model_id%22%3A330657443906%2C%22model_selection_logic%22%3A3%7D,
8803463019365,VT,Reedle Shot Hair Boosting Scaling Shampoo 500ml,shopee,1,,SGD 2026-08-01,https://shopee.sg/-VT-Reedle-Shot-Peptide-Hair-Boosting-Scaling-Shampoo-500ml-CICA-REEDLE-X-Peptide-Hair-Loss-Care-Scalp-Cleansing-Exfoliation-Official-Mall--i.168581560.54408715765?extraParams=%7B%22display_model_id%22%3A186380822701%2C%22model_selection_logic%22%3A3%7D,
8803463019372,VT,Reedle Shot Hair Boosting Scalp Pack 250ml,shopee,1,,SGD 2026-08-01,https://shopee.sg/-VT-Reedle-Shot-Peptide-Hair-Boosting-Scalp-Pack-250ml-CICA-REEDLE-X-Peptide-Hair-Loss-care-Hair-Nourishment-Official-Mall--i.168581560.49008729878?extraParams=%7B%22display_model_id%22%3A375773551249%2C%22model_selection_logic%22%3A2%7D,
8803463009779,VT,VT PDRN Reedle Shot Hair Ampoule 300dL 15ml,shopee,0.75,,SGD 2026-08-01,https://shopee.sg/-VT-PDRN-Reedle-Shot-Hair-Serum-100dL-300dL-700dL-Hair-loss-Thinning-Hair-Growth-Serum-Scalp-care-Official-Flagship--i.168581560.27616914273?extraParams=%7B%22display_model_id%22%3A246978805149%2C%22model_selection_logic%22%3A2%7D,
8803463012236,VT,VT Reedle Shot Foot Peeling Mask,shopee,0.6667,,SGD 2026-08-01,https://shopee.sg/-VT-Reedle-Shot-100-2Step-Mask-(50-100-300-700)-Skin-Condition-Improvement-All-in-One-Mask-Official-Flagship--i.168581560.24876067815?extraParams=%7B%22display_model_id%22%3A79414940325%2C%22model_selection_logic%22%3A3%7D,
8805301015454,w.dressroom,W.DRESSROOM - Deo Wash 500ml,none,,,,,
8805301015638,w.dressroom,Fast Fresh Foot Shampoo April Cotton,none,,,,,
8805301013214,w.dressroom,Perfume Body Wash #20,none,,,,,
8805301013221,w.dressroom,Perfume Body Wash #38,none,,,,,
8805301002812,w.dressroom,W.DRESSROOM - Moisturizing Perfume Hand Cream #49 peach blossom 74g,none,,,,,
8805301012439,w.dressroom,W.DRESSROOM - Moisturizing Perfume Hand Cream #514 may rose 74g,none,,,,,
8805301015720,w.dressroom,W.DRESSROOM - Moisturizing Perfume Hand Cream #07 green bergamot 74g,none,,,,,
6973625651411,watercome,Fresh Flavour Roll On Dew - Peach,none,,,,,
6973625651404,watercome,Fresh Flavour Roll On Dew - Rose,none,,,,,
6955988212195,watercome,Salicylic Acid Fragrance Shower Gel 400ml,none,,,,,
6973625656355,watercome,WATERCOME - Whitening Body Essence Oil 50ml,none,,,,,
6973625656171,watercome,Cleaning Fragrance Shower Gel - lime cedar,none,,,,,
6973625656157,watercome,Cleaning Fragrance Shower Gel - Lychee rose,none,,,,,
6973625656164,watercome,Cleaning Fragrance Shower Gel - velevet milk almond,none,,,,,
6973625651107,watercome,Alpha Hydroxy Acid (AHA) Fragrance Shower Gel - Orange,none,,,,,
6973625654146,watercome,Alpha Hydroxy Acid (AHA) Fragrance Shower Gel - Pomelo,none,,,,,
6973625654122,watercome,Fresh Flavour Roll On Dew - Pomelo,none,,,,,
6973625651428,watercome,Fresh Flavour Roll On Dew  - White Tea,none,,,,,
6955988218746,watercome,Icy Body Hair Removal Cream,none,,,,,
6955988217060,watercome,Soothing Intimate Hair Removal Cream,none,,,,,
6955988218883,watercome,5% Nicotinamide Essence Whitening Body Lotion - White Tea,none,,,,,
6955988218876,watercome,5% Nicotinamide Essence Whitening Body Lotion - Rose,none,,,,,
6973625654511,watercome,WATERCOME - Brightening Body Tone Up Cream 100g,none,,,,,
8809859970340,wellderma,WellDerma - Face & Body Ceramic Gua Sha,none,,,,,
8809929551325,whipped,WHIPPED Vegan Topping Body Butter Jojovender 190g,none,,,,,
8809929553206,whipped,Mugwort Tea Tree Vegan Cooling Hydration Sunscreen 50ml,none,,,,,
8809929553565,whipped,Peach Pear Vegan Yogurt Face Mask Cleanser 130g,none,,,,,
8809929550359,whipped,WHIPPED Vegan Topping Body Butter Muhwabutter 190g,none,,,,,
8809929551332,whipped,WHIPPED Vegan Topping Body Butter Yujamong 190g,none,,,,,
6970100671957,xixi,Fresh Oil Blotting Paper - green tea,none,,,,,
8809723789375,zeroid,Pimprove Foaming Cleanser 200ml,iherb,1.0,31.21,SGD 2026-08-11,https://sg.iherb.com/pr/zeroid-pimprove-foaming-cleanser-for-oily-troubled-skin-6-76-fl-oz-200-ml/159241,
8809048413016,zeroid,Soothing Lotion 200ml,iherb,1.0,34.15,SGD 2026-08-11,https://sg.iherb.com/pr/zeroid-soothing-lotion-for-sensitive-dry-skin-6-76-fl-oz-200-ml/159246,
8809620752533,foellie,Foellie - Inner Perfume #eau de ciel 83g,none,,,,,
8806182587641,the face shop,Daily Beauty Tool Oil Blotting Films 50 sheets,none,,,,,
4550516493590,fino,Premium Touch Hair Oil 70ml,none,,,,,
6978647801028,judydoll,Stay Shine Lipstick-#101 Airy Nude - 3g (holiday limited),none,0.3333,,,,
6975242802627,judydoll,HOT Pretty Blush Powder #43 Blueberry Night,none,0.4286,,,,
8809482366343,klavuu,Nourishing Care Lip Sleeping Pack - coconut,iherb,1.0,17.09,SGD 2026-08-11,https://sg.iherb.com/pr/klavuu-nourishing-care-lip-sleeping-pack-coconut-0-70-oz-20-g/115659,
8809517413653,medicube,Soyxidil 2in1 Treatment 265ml,shopee,0.75,,SGD 2026-07-21,https://shopee.sg/-medicube-official-Soyxidil-2in1-Treatment-i.140962220.11354172169?extraParams=%7B%22display_model_id%22%3A57415494785%2C%22model_selection_logic%22%3A3%7D,
8809747923571,missha,Vita C Plus Spot Correcting & Firming Ampoule 30ml,iherb,1.0,35.08,SGD 2026-08-11,https://sg.iherb.com/pr/missha-vita-c-plus-ascorbic-acid-spot-correcting-firming-ampoule-1-01-fl-oz-30-ml/113932,
8809487049685,nard,Perfect Styling Hair Fixer 200ml,none,0.4,,,,
8809981363720,nard,Revitalizing Sugar Body Scrub Lavender Musk,none,0.5,,,,
6944787721113,novo,Refreshing Roll-On Deodorant #2 english pear and freasia,none,,,,,
8809237074998,plu,plu - Body Scrub #rosemary herb 224g,none,,,,,
8809237074691,plu,plu - Body Scrub #Berry mix 224g,none,,,,,
4550516491565,shiseido,Sea Breeze Ice Towel Body Sheet Citrus Sherbet,none,,,,,
8806194022857,tonymoly,I'm Mask Sheet 2025 Version - Red Wine,iherb,1.0,2.90,SGD 2026-08-11,https://sg.iherb.com/pr/tonymoly-i-m-red-wine-pore-care-beauty-mask-sheet-1-sheet-0-74-oz-21-g/99455,
4550516485410,tsubaki,Premium Volume & Repair Shampoo 450ml,none,,,,,
6973274302351,veecci,Focus Freckled Pen 01# Black - 0.55ml,none,,,,,
6973274302368,veecci,Focus Freckled Pen 02# Brown - 0.55ml,none,,,,,
6973274302375,veecci,Focus Freckled Pen 03# Light Brown - 0.55ml,none,,,,,
6971053258622,judydoll,Oil-Control Matte Pressed Powder-#01 White Color - 4g,none,0.4444,,,,
8800253024684,milktouch,Jelly Fit Tinted Glow Tint 2026 Version - #06 Chericious,none,,,,,
8800290367591,peripera,Pure Blushed Sunshine Cheek #30 Soft Pink,none,,,,,
6975025855864,red chamber,Haruki Serenity Contour Powder #CP000 - 8g,none,,,,,
8809928136615,tirtir,Mask Fit Aura Silver Cushion #27N Camel,none,0.5714,,,,
8809928135908,tirtir,Mask Fit Red Cushion #37C Almond,shopee,0.6667,,SGD 2026-08-01,https://shopee.sg/-TIRTIR-Mask-Fit-Red-Semi-Matte-Finish-Long-Lasting-Full-Coverage-Cushion-18g-(20-basic-shades)-i.698318956.23384833702?extraParams=%7B%22display_model_id%22%3A39365337674%2C%22model_selection_logic%22%3A2%7D,
8809928137469,tirtir,Mask Fit Red Cushion #45W Chestnut,shopee,0.6667,,SGD 2026-08-01,https://shopee.sg/-TIRTIR-Mask-Fit-Red-Semi-Matte-Finish-Long-Lasting-Full-Coverage-Cushion-18g-(20-basic-shades)-i.698318956.23384833702?extraParams=%7B%22display_model_id%22%3A39365337674%2C%22model_selection_logic%22%3A2%7D,
8809928137452,tirtir,Mask Fit Red Cushion #45N Saddle Brown,none,0.5714,,,,
8809647773573,unleasia,Satin Wear Healthy-Green Cushion #24N Wind Storm,none,,,,,
8809652585659,fwee,Lip&Cheek Blurry Pudding Pot BS01 Cool 5g,shopee,0.75,,SGD 2026-08-01,https://shopee.sg/-fwee-Lip-Cheek-Blurry-Pudding-Pot-%E2%80%93-30-Shades-5g-i.1147332494.27607656010?extraParams=%7B%22display_model_id%22%3A241363240426%2C%22model_selection_logic%22%3A3%7D,
8809652585666,fwee,Lip&Cheek Blurry Pudding Pot BS02 Into 5g,shopee,0.75,,SGD 2026-08-01,https://shopee.sg/-fwee-Lip-Cheek-Blurry-Pudding-Pot-%E2%80%93-30-Shades-5g-i.1147332494.27607656010?extraParams=%7B%22display_model_id%22%3A241363240426%2C%22model_selection_logic%22%3A3%7D,
8809652582542,fwee,Lip&Cheek Blurry Pudding Pot CR02 Boy 5g,iherb,1.0,19.51,SGD 2026-08-11,https://sg.iherb.com/pr/fwee-lip-cheek-blurry-pudding-pot-cr02-boy-0-17-oz-5-g/143220,
8809652582566,fwee,Lip&Cheek Blurry Pudding Pot CR04 Seventeen 5g,shopee,0.75,,SGD 2026-08-01,https://shopee.sg/-fwee-Lip-Cheek-Blurry-Pudding-Pot-%E2%80%93-30-Shades-5g-i.1147332494.27607656010?extraParams=%7B%22display_model_id%22%3A241363240426%2C%22model_selection_logic%22%3A3%7D,
8809652582702,fwee,Lip&Cheek Blurry Pudding Pot MV03 Baddie 5g,iherb,1.0,16.91,SGD 2026-08-11,https://sg.iherb.com/pr/fwee-lip-cheek-blurry-pudding-pot-mv03-baddie-0-17-oz-5-g/143222,
8809652582504,fwee,Lip&Cheek Blurry Pudding Pot ND03 Without 5g,shopee,0.75,,SGD 2026-08-01,https://shopee.sg/-fwee-Lip-Cheek-Blurry-Pudding-Pot-%E2%80%93-30-Shades-5g-i.1147332494.27607656010?extraParams=%7B%22display_model_id%22%3A241363240426%2C%22model_selection_logic%22%3A3%7D,
8809652582511,fwee,Lip&Cheek Blurry Pudding Pot ND04 My 5g,iherb,1.0,19.51,SGD 2026-08-11,https://sg.iherb.com/pr/fwee-lip-cheek-blurry-pudding-pot-nd04-my-0-17-oz-5-g/143212,
8809652582580,fwee,Lip&Cheek Blurry Pudding Pot PK01 Baby 5g,iherb,1.0,19.51,SGD 2026-08-11,https://sg.iherb.com/pr/fwee-lip-cheek-blurry-pudding-pot-pk01-baby-0-17-oz-5-g/143214,
8809652582597,fwee,Lip&Cheek Blurry Pudding Pot PK02 Skirt 5g,shopee,0.75,,SGD 2026-08-01,https://shopee.sg/-fwee-Lip-Cheek-Blurry-Pudding-Pot-%E2%80%93-30-Shades-5g-i.1147332494.27607656010?extraParams=%7B%22display_model_id%22%3A241363240426%2C%22model_selection_logic%22%3A3%7D,
8809652582641,fwee,Lip&Cheek Blurry Pudding Pot RD02 Mule 5g,iherb,1.0,14.50,SGD 2026-08-11,https://sg.iherb.com/pr/fwee-lip-cheek-blurry-pudding-pot-rd02-mule-0-17-oz-5-g/143207,
8809652582672,fwee,Lip&Cheek Blurry Pudding Pot RD05 Greedy 5g,iherb,1.0,16.91,SGD 2026-08-11,https://sg.iherb.com/pr/fwee-lip-cheek-blurry-pudding-pot-rd05-greedy-0-17-oz-5-g/143205,
8809652582740,fwee,Lip&Cheek Blurry Pudding Pot RS02 Lyrics 5g,iherb,1.0,26.01,SGD 2026-08-11,https://sg.iherb.com/pr/fwee-lip-cheek-blurry-pudding-pot-rs02-lyrics-0-17-oz-5-g/143210,
8809652585703,fwee,Fingerlike Silicone Lip Brush Mini 13g,shopee,0.8333,9.81,SGD 2026-07-29,https://shopee.sg/-fwee-Fingerlike-Silicone-Lip-Brush-(Mini-Slim-Mini)-i.1147332494.29473652664?extraParams=%7B%22display_model_id%22%3A147647785985%2C%22model_selection_logic%22%3A3%7D,
8809652582856,fwee,3D Voluming Gloss - 21 Colors #B01 Vanilla 70%,none,0.375,,,,
8809652582825,fwee,3D Voluming Gloss - 21 Colors #A04 Aengdu 30%,none,0.375,,,,
8809652582887,fwee,3D Voluming Gloss - 21 Colors #B04 Aengdu 70%,none,0.375,,,,
8800312061391,fwee,Rose Obsession Stay-Fit Lip Tint - 18 Colors #GN02 Sweet Rose,shopee,0.7,12.20,SGD 2026-07-29,https://shopee.sg/(NEW-6-Colors)-fwee-Rose-Obsession-Stay-fit-Lip-Tint-(24-Colors)-i.1147332494.43017249138?extraParams=%7B%22display_model_id%22%3A149274990152%2C%22model_selection_logic%22%3A3%7D,
8800312061377,fwee,Rose Obsession Stay-Fit Lip Tint - 18 Colors #GW03 Coco Rose,shopee,0.7,12.20,SGD 2026-07-29,https://shopee.sg/(NEW-6-Colors)-fwee-Rose-Obsession-Stay-fit-Lip-Tint-(24-Colors)-i.1147332494.43017249138?extraParams=%7B%22display_model_id%22%3A149274990152%2C%22model_selection_logic%22%3A3%7D,
8800312061513,fwee,Rose Obsession Stay-Fit Lip Tint - 18 Colors #MC02 Sth Rose,shopee,0.7,12.20,SGD 2026-07-29,https://shopee.sg/(NEW-6-Colors)-fwee-Rose-Obsession-Stay-fit-Lip-Tint-(24-Colors)-i.1147332494.43017249138?extraParams=%7B%22display_model_id%22%3A149274990152%2C%22model_selection_logic%22%3A3%7D,
8800312063449,fwee,Smoothie Lip Balm - 18 Colors Avocado Coconut,shopee,0.7143,,SGD 2026-08-01,https://shopee.sg/fwee-Glowy-Smoothie-Lip-Balm-(18-Colors)-i.1147332494.28494478572?extraParams=%7B%22display_model_id%22%3A385704613195%2C%22model_selection_logic%22%3A3%7D,
8800312063272,fwee,Smoothie Lip Balm - 18 Colors #GC02 Acai Vanilla,shopee,0.625,,SGD 2026-08-01,https://shopee.sg/fwee-Glowy-Smoothie-Lip-Balm-(18-Colors)-i.1147332494.28494478572?extraParams=%7B%22display_model_id%22%3A385704613195%2C%22model_selection_logic%22%3A3%7D,
8800312063289,fwee,Smoothie Lip Balm - 18 Colors #GN01 Guava Crush,shopee,0.625,,SGD 2026-08-01,https://shopee.sg/fwee-Glowy-Smoothie-Lip-Balm-(18-Colors)-i.1147332494.28494478572?extraParams=%7B%22display_model_id%22%3A385704613195%2C%22model_selection_logic%22%3A3%7D,
8800312063319,fwee,Smoothie Lip Balm - 18 Colors #GN03 Peanut Butter Caramel,none,0.5556,,,,
8800312063395,fwee,Smoothie Lip Balm - 18 Colors #BW01 Lychee Peach,shopee,0.625,,SGD 2026-08-01,https://shopee.sg/fwee-Glowy-Smoothie-Lip-Balm-(18-Colors)-i.1147332494.28494478572?extraParams=%7B%22display_model_id%22%3A385704613195%2C%22model_selection_logic%22%3A3%7D,
8800312063371,fwee,Smoothie Lip Balm - 18 Colors #BN02 Watermelon Sorbet,shopee,0.625,,SGD 2026-08-01,https://shopee.sg/fwee-Glowy-Smoothie-Lip-Balm-(18-Colors)-i.1147332494.28494478572?extraParams=%7B%22display_model_id%22%3A385704613195%2C%22model_selection_logic%22%3A3%7D,
8800312061148,fwee,Long-Lasting Dual Coloring Stick Lip Liner - 6 Colors #01 Drawn To You,none,0.1818,,,,
8800312061155,fwee,Long-Lasting Dual Coloring Stick Lip Liner - 6 Colors #02 Lip Service,none,0.2,,,,
8800312061162,fwee,Long-Lasting Dual Coloring Stick Lip Liner - 6 Colors #03 TT YL,none,0.1818,,,,
8800312061179,fwee,Long-Lasting Dual Coloring Stick Lip Liner - 6 Colors #04 Spill Tea,none,0.1818,,,,
8800312061186,fwee,Long-Lasting Dual Coloring Stick Lip Liner - 6 Colors #05 Chocolate Box,none,0.1818,,,,
8800312061193,fwee,Long-Lasting Dual Coloring Stick Lip Liner - 6 Colors #06 Pretty Savage,none,0.1818,,,,
8800312063890,fwee,Lip Contour Stain - 7 Colors #01 Camelia,none,0.3333,,,,
8800312063906,fwee,Lip Contour Stain - 7 Colors #02 Babe,none,0.3333,,,,
8800312063913,fwee,Lip Contour Stain - 7 Colors #03 Teddy,none,0.3333,,,,
8800312063920,fwee,Lip Contour Stain - 7 Colors #04 Fever,none,0.3333,,,,
8800312063944,fwee,Lip Contour Stain - 7 Colors #07 MVP,none,0.3333,,,,
8800312067249,fwee,Post-Spa Airy SPF Tone Up Prep - 2 Colors #01 Airy Peach,none,0.5556,,,,
8800312068277,fwee,Post-Spa Airy SPF Tone Up Prep - 2 Colors #02  Airy Lavender,none,0.5556,,,,
8800312067645,fwee,Shaking Synergy Mist Powder Fixing 50ml,none,0.5,,,,
8809652583259,fwee,Cushion Glass Natural - 5 Colors 2024 Version - #1.5 Peach Glass,none,0.2857,,,,
8809652583266,fwee,Cushion Glass Natural - 5 Colors 2024 Version - #2 Nude Glass,none,0.2857,,,,
8809652583273,fwee,Cushion Glass Natural - 5 Colors 2024 Version - #03 Natural Glass,none,0.2857,,,,
8809652587738,fwee,Glitz Stone Highlighter - 12 Colors #HL01 Fever Garnet,none,0.5,,,,
8809652587745,fwee,Glitz Stone Highlighter - 12 Colors #HL02 Heroine Purple,none,0.5,,,,
8809652587752,fwee,Glitz Stone Highlighter - 12 Colors #HL03 Marine Baby,none,0.5,,,,
8809652587769,fwee,Glitz Stone Highlighter - 12 Colors #HL04 Queen Diamond,none,0.5,,,,
8809652587776,fwee,Glitz Stone Highlighter - 12 Colors #HL05 Lucky Clover,none,0.5,,,,
8809652587783,fwee,Glitz Stone Highlighter - 12 Colors #HL06 Bliss Shell,none,0.5,,,,
8809652587790,fwee,Glitz Stone Highlighter - 12 Colors #HL07 Ruby Reborn,none,0.5,,,,
8809652587813,fwee,Glitz Stone Highlighter - 12 Colors #HL08 Wish Moon,none,0.5,,,,
8809652587820,fwee,Glitz Stone Highlighter - 12 Colors #HL09 Love Quartz,none,0.5,,,,
8809652587837,fwee,Glitz Stone Highlighter - 12 Colors #HL10 Opal Blooming,none,0.5,,,,
8809652587844,fwee,Glitz Stone Highlighter - 12 Colors #HL11 Royal Topaz,none,0.5,,,,
8809652587851,fwee,Glitz Stone Highlighter - 12 Colors #HL12 Merry Aurora,none,0.5,,,,
6978647802339,judydoll,Depuffing Roller Primer 80g,shopee,0.75,,SGD 2026-08-01,https://shopee.sg/JUDYDOLL-Depuffing-Roller-Primer-%E6%BB%9A%E7%8F%A0%E5%A6%86%E5%89%8D%E4%B9%B3-Hydrating-Makeup-Base-Sensitive-Skin-Friendly-i.332457883.44911918336?extraParams=%7B%22display_model_id%22%3A341034486342%2C%22model_selection_logic%22%3A3%7D,
6976436770364,judydoll,Oil Control Primer #Icy Americano - 30g (new version),none,0.2857,,,,
4901008302980,canmake,Shading Powder 01 Danish Brown,none,,,,,
4901008313535,canmake,Shading Powder 05 Moon Greige,none,,,,,
4901008314747,canmake,Nose Shadow Maker - 01 Greige Yellow,none,,,,,
4901008314754,canmake,Nose Shadow Maker - 02 Grayish Pink,none,,,,,
8809581444423,missha,Cotton Contour - Baked Angel,none,,,,,
8809581444430,missha,Cotton Contour - Salted Hot Choco,none,,,,,
8809581444447,missha,Cotton Contour - Smoked Hazel,none,,,,,
8809581444416,missha,Cotton Contour - Sugar Toast,none,,,,,
8809900989284,clio,Pro Eye Palette Air - #01 Coral Studio,none,,,,,
8809900989291,clio,Pro Eye Palette Air - #02 Rose Connect,none,,,,,
8809900989307,clio,Pro Eye Palette Air - #03 Mute Library,none,,,,,
8809937593362,clio,Pro Eye Palette Air - #04 Pink Pairing,none,,,,,
8809447257051,dr. althea,345 Relief Serum 30ml,shopee,1,58.40,SGD 2026-07-29,https://shopee.sg/Dr.Althea-Acne-Relief-Dark-Spot-DUO-Brightening-Soothing-Synergy-Post-Acne-Care-345-Relief-Cream-50ml-Vitamin-C-Boosting-Serum-30ml-i.161712636.27570347112?extraParams=%7B%22display_model_id%22%3A425078471607%2C%22model_selection_logic%22%3A3%7D,
8809447256221,dr. althea,[Renew] 345 Relief Cream 50ml,iherb,1.0,40.58,SGD 2026-08-11,https://sg.iherb.com/pr/dr-althea-345-relief-cream-for-all-skin-types-1-69-fl-oz-50-ml/160012,
8809447256085,dr. althea,Aqua Marine Watery Cream 50ml,iherb,1.0,,SGD 2026-08-11,https://sg.iherb.com/pr/dr-althea-aqua-marine-watery-cream-for-all-skin-types-1-69-fl-oz-50-ml/156780,
8809447256122,dr. althea,345 Relief Cream Mist 60ml,shopee,1,,SGD 2026-08-01,https://shopee.sg/Dr.Althea-345-Relief-Cream-Mist-60ml-100ml-Deep-Moisturizing-Mist-Soothing-Hydrating-i.161712636.41315686462?extraParams=%7B%22display_model_id%22%3A286291558607%2C%22model_selection_logic%22%3A3%7D,
8809447257778,dr. althea,345 Relief Spot Powder,shopee,1,,SGD 2026-07-29,https://shopee.sg/Dr.Althea-Acne-Fighter-DUO-345-Relief-Cream-50ml-15-Calamine-Spot-Powder-15ml-i.161712636.43575120888?extraParams=%7B%22display_model_id%22%3A307036399855%2C%22model_selection_logic%22%3A3%7D,
8809447256412,dr. althea,"PDRN Reju 5000 Cream 20g (PDRN 5,000ppm)",iherb,1.0,34.21,SGD 2026-08-11,https://sg.iherb.com/pr/dr-althea-pdrn-reju-5000-cream-0-7-oz-20-g/159696,
8809447256184,dr. althea,Aqua Marine Jelly Mist 100ml,iherb,1.0,28.95,SGD 2026-08-11,https://sg.iherb.com/pr/dr-althea-aqua-marine-jelly-mist-for-all-skin-types-3-38-fl-oz-100-ml/159699,
8809447256191,dr. althea,Aqua Marine Deep Serum 30ml,iherb,1.0,15.25,SGD 2026-08-11,https://sg.iherb.com/pr/dr-althea-aqua-marine-deep-serum-1-01-fl-oz-30-ml/156781,
8809447256238,dr. althea,ABC Glow Whipped Serum 100ml,iherb,1.0,28.50,SGD 2026-08-11,https://sg.iherb.com/pr/dr-althea-abc-glow-whipped-serum-for-all-skin-types-3-38-fl-oz-100-ml/159798,
8809447255071,dr. althea,Pure Grinding Cleansing Balm 50ml,iherb,1.0,27.23,SGD 2026-08-11,https://sg.iherb.com/pr/dr-althea-pure-grinding-cleansing-balm-1-69-fl-oz-50-ml/147046,
8809447257815,dr. althea,345 Relief Milky Cleansing Oil 145ml,none,0.5,,,,
8809447255972,dr. althea,Aqua Glowing Sunscreen 45ml,shopee,1,19.83,SGD 2026-07-29,https://shopee.sg/Dr.Althea-Aqua-Glowing-Sunscreen-45ml-(SPF50-PA-)-i.161712636.25593318332?extraParams=%7B%22display_model_id%22%3A109450646794%2C%22model_selection_logic%22%3A3%7D,
8809447255989,dr. althea,Green Tea Fresh Sunscreen 45ml,shopee,1,24.88,SGD 2026-07-29,https://shopee.sg/Dr.Althea-Green-Tea-Fresh-Sunscreen-45ml-(SPF50-PA-)-i.161712636.24643308351?extraParams=%7B%22display_model_id%22%3A205936169832%2C%22model_selection_logic%22%3A3%7D,
8809447255804,dr. althea,Vita Glow Mask (28g*4EA),shopee,0.8,11.91,SGD 2026-07-29,https://shopee.sg/Dr.Althea-Vita-Glow-Mask-28g-Dewy-Radiance-Vitamin-C-Brightening-i.161712636.25217597058?extraParams=%7B%22display_model_id%22%3A285520588954%2C%22model_selection_logic%22%3A2%7D,
8809447255767,dr. althea,Aqua Blue Hydration Mask( 28g*4EA ),iherb,1.0,17.20,SGD 2026-08-11,https://sg.iherb.com/pr/dr-althea-aqua-blue-hydration-beauty-mask-4-sheets-0-99-oz-28-g-each/159697,
8809447256290,dr. althea,345 Cream Mask 4EA,iherb,1.0,15.28,SGD 2026-08-11,https://sg.iherb.com/pr/dr-althea-345-relief-cream-beauty-mask-4-sheets-0-88-oz-25-g-each/159800,
8809772785656,elroel,NO SEBUM BIG SUN STICK 19g,shopee,1,37.19,SGD 2026-07-29,https://shopee.sg/-Elroel-Official-No-Sebum-Big-Sun-Stick-SPF50-PA-Oil-Control-Cooling-Protection-19g-i.1466609182.27086542080?extraParams=%7B%22display_model_id%22%3A196080760734%2C%22model_selection_logic%22%3A3%7D,
8809772786028,elroel,ICE WATER SUN MIST 100ml,none,0.4,,,,
8809567708662,fully,LEMON VITA BUBBLE SERUM 95ml,none,,,,,
8809567709331,fully,LEMON VITA CAPSULE CREAM 90g,none,,,,,
8800345550329,fully,RICE PDRN GLOW BOOSTING SERUM 50ml,none,,,,,
8800345550435,fully,PORE PEPTIDE SEBUM MELTING CREAM TO OIL 50ml,none,,,,,
8809567708686,fully,LEMON VITA BUBBLE MASK CLEANSER 150ml,none,,,,,
8800345551364,fully,NO-SEBUM SUN STICK 23g,none,,,,,
8800345550725,fully,(4ea) PORE PEPTIDE SEBUM OUT TIGHTENING MASK,none,,,,,
8809567707207,fully,Green Tomato Clay Mask Cleanser 120ml,iherb,1.0,16.26,SGD 2026-08-11,https://sg.iherb.com/pr/fully-green-tomato-clay-mask-cleanser-4-05-fl-oz-120-ml/160636,
8809652582795,fwee,3D Voluming gloss 30% 01 Nude Vanila 5.3g,none,0.5,,,,
8809652582801,fwee,3D Voluming gloss 30% 02 Coral Sorbet 5.3g,none,0.5,,,,
8809652582818,fwee,3D Voluming gloss 30% 03 Pink Candy 5.3g,none,0.5,,,,
8809652582870,fwee,3D Voluming gloss 70% 03 Pink Candy 5.3g,none,0.5,,,,
8809652582849,fwee,3D Voluming gloss 30% 06 Rose Scotch 5.3g,none,0.5,,,,
8809652582863,fwee,3D Voluming gloss 70% 02 Coral Sorbet 5.3g,none,0.5,,,,
8809652582900,fwee,3D Voluming gloss 70% 06 Rose Scotch 5.3g,none,0.5,,,,
8800312061414,fwee,ROSE OBSESSION STAY-FIT LIP TINT GC01 BUNNY ROSE 3.5ml,shopee,0.6667,12.20,SGD 2026-07-29,https://shopee.sg/(NEW-6-Colors)-fwee-Rose-Obsession-Stay-fit-Lip-Tint-(24-Colors)-i.1147332494.43017249138?extraParams=%7B%22display_model_id%22%3A149274990152%2C%22model_selection_logic%22%3A3%7D,
8800312061490,fwee,ROSE OBSESSION STAY-FIT LIP TINT MN03 DRIED ROSE 4ml,shopee,0.6667,12.20,SGD 2026-07-29,https://shopee.sg/(NEW-6-Colors)-fwee-Rose-Obsession-Stay-fit-Lip-Tint-(24-Colors)-i.1147332494.43017249138?extraParams=%7B%22display_model_id%22%3A149274990152%2C%22model_selection_logic%22%3A3%7D,
8800312061445,fwee,ROSE OBSESSION STAY-FIT LIP TINT MW01 BAKED ROSE 4ml,shopee,0.6667,12.20,SGD 2026-07-29,https://shopee.sg/(NEW-6-Colors)-fwee-Rose-Obsession-Stay-fit-Lip-Tint-(24-Colors)-i.1147332494.43017249138?extraParams=%7B%22display_model_id%22%3A149274990152%2C%22model_selection_logic%22%3A3%7D,
8800312067621,fwee,SHAKING SYNERGY MIST SLUSHY COOLING 50ml,none,0.5,,,,
8800312061537,fwee,Spa Glowing UV Tone-Up Prep 01 Semi Dewy 35g,none,0.5,,,,
8800312066167,fwee,ALL-DAY COVER BLACK CUSHION 21N 13g,shopee,0.8571,,SGD 2026-08-01,https://shopee.sg/-Refill-Set-fwee-All-Day-Cover-Black-Cushion-(-Refill-13g-Puff-2ea)-i.1147332494.28945014785?extraParams=%7B%22display_model_id%22%3A401050117109%2C%22model_selection_logic%22%3A3%7D,
8800312066174,fwee,ALL-DAY COVER BLACK CUSHION 22N 13g,shopee,0.8571,,SGD 2026-08-01,https://shopee.sg/-Refill-Set-fwee-All-Day-Cover-Black-Cushion-(-Refill-13g-Puff-2ea)-i.1147332494.28945014785?extraParams=%7B%22display_model_id%22%3A401050117109%2C%22model_selection_logic%22%3A3%7D,
8800312066181,fwee,ALL-DAY COVER BLACK CUSHION 23N 13g,shopee,0.8571,,SGD 2026-08-01,https://shopee.sg/-Refill-Set-fwee-All-Day-Cover-Black-Cushion-(-Refill-13g-Puff-2ea)-i.1147332494.28945014785?extraParams=%7B%22display_model_id%22%3A401050117109%2C%22model_selection_logic%22%3A3%7D,
8800312061094,fwee,LONG-LASTING DUAL COLORING STICK EYE SHADOW 01 FIRST SIGHT (1.2g),none,0.1818,,,,
8800312061100,fwee,LONG-LASTING DUAL COLORING STICK EYE SHADOW 02 SOFT BLINK (1.2g),none,0.1818,,,,
8800312061117,fwee,LONG-LASTING DUAL COLORING STICK EYE SHADOW 03 DIFFERENT POV (1.2g),none,0.1818,,,,
8800312061124,fwee,LONG-LASTING DUAL COLORING STICK EYE SHADOW 04 PEEK A BOO (1.2g),none,0.1818,,,,
8800312061131,fwee,LONG-LASTING DUAL COLORING STICK EYE SHADOW 05 DEEP FOCUS (1.2g),none,0.1818,,,,
8800312063357,fwee,GLOWY SMOOTHIE TINTED LIP BALM GW03 PISTACHIO NUT (0.33 oz),none,0.4,,,,
8800312063326,fwee,GLOWY SMOOTHIE TINTED LIP BALM GW01 MANGO PEACH BLEND (0.33 oz),none,0.3636,,,,
8809652582832,fwee,3D Voluming gloss 30% 05 Move Currant 5.3g,none,0.5,,,,
8809652582894,fwee,3D Voluming gloss 70% 05 Move Currant 5.3g,none,0.5,,,,
8800312061049,fwee,3D VOLUMING GLOSS B12 CHERRY COLA 30% 5.3g,shopee,0.625,13.15,SGD 2026-07-29,https://shopee.sg/-fwee-Cola-Gloss_-3D-Voluming-Gloss-Cola-Edition-%E2%80%93-4-Shades-5.3g-i.1147332494.51055198586?extraParams=%7B%22display_model_id%22%3A415476418928%2C%22model_selection_logic%22%3A3%7D,
8800312061063,fwee,3D VOLUMING GLOSS B12 CHERRY COLA 70% 5.3g,shopee,0.625,13.15,SGD 2026-07-29,https://shopee.sg/-fwee-Cola-Gloss_-3D-Voluming-Gloss-Cola-Edition-%E2%80%93-4-Shades-5.3g-i.1147332494.51055198586?extraParams=%7B%22display_model_id%22%3A415476418928%2C%22model_selection_logic%22%3A3%7D,
8800312061384,fwee,ROSE OBSESSION STAY-FIT LIP TINT GN01 MY ROSE 3.5ml,shopee,0.6667,12.20,SGD 2026-07-29,https://shopee.sg/(NEW-6-Colors)-fwee-Rose-Obsession-Stay-fit-Lip-Tint-(24-Colors)-i.1147332494.43017249138?extraParams=%7B%22display_model_id%22%3A149274990152%2C%22model_selection_logic%22%3A3%7D,
8800312061360,fwee,ROSE OBSESSION STAY-FIT LIP TINT GW02 SPRING ROSE 3.5ml,shopee,0.6667,12.20,SGD 2026-07-29,https://shopee.sg/(NEW-6-Colors)-fwee-Rose-Obsession-Stay-fit-Lip-Tint-(24-Colors)-i.1147332494.43017249138?extraParams=%7B%22display_model_id%22%3A149274990152%2C%22model_selection_logic%22%3A3%7D,
8800312061506,fwee,ROSE OBSESSION STAY-FIT LIP TINT MC01 PETAL ROSE 4ml,shopee,0.6667,12.20,SGD 2026-07-29,https://shopee.sg/(NEW-6-Colors)-fwee-Rose-Obsession-Stay-fit-Lip-Tint-(24-Colors)-i.1147332494.43017249138?extraParams=%7B%22display_model_id%22%3A149274990152%2C%22model_selection_logic%22%3A3%7D,
8800312061520,fwee,ROSE OBSESSION STAY-FIT LIP TINT MC03 DUSTY ROSE 4ml,shopee,0.6667,12.20,SGD 2026-07-29,https://shopee.sg/(NEW-6-Colors)-fwee-Rose-Obsession-Stay-fit-Lip-Tint-(24-Colors)-i.1147332494.43017249138?extraParams=%7B%22display_model_id%22%3A149274990152%2C%22model_selection_logic%22%3A3%7D,
8800312061452,fwee,ROSE OBSESSION STAY-FIT LIP TINT MW02 BURNT ROSE 4ml,shopee,0.6667,12.20,SGD 2026-07-29,https://shopee.sg/(NEW-6-Colors)-fwee-Rose-Obsession-Stay-fit-Lip-Tint-(24-Colors)-i.1147332494.43017249138?extraParams=%7B%22display_model_id%22%3A149274990152%2C%22model_selection_logic%22%3A3%7D,
8800312067638,fwee,SHAKING SYNERGY MIST SPA GLOWING 50ml,none,0.5,,,,
8800312061544,fwee,Spa Glowing UV Tone-Up Prep 02 Wet Dewy 35g,none,0.5,,,,
8800312066150,fwee,ALL-DAY COVER BLACK CUSHION 19N 13g,shopee,0.8571,,SGD 2026-08-01,https://shopee.sg/-Refill-Set-fwee-All-Day-Cover-Black-Cushion-(-Refill-13g-Puff-2ea)-i.1147332494.28945014785?extraParams=%7B%22display_model_id%22%3A401050117109%2C%22model_selection_logic%22%3A3%7D,
8809704097741,growus,(Renewal) Damage Therapy Hair Treatment EX (GB) 220ml,none,,,,,
8809704097734,growus,(Renewal) Damage Therapy Hair Oil (GB) 65ml,none,,,,,
8809704095181,growus,(GB) Sea Salt Therapy Scalp Scaler 250g,none,,,,,
8809704095167,growus,Sea Salt Therapy Shampoo 500g,iherb,1.0,32.87,SGD 2026-08-11,https://sg.iherb.com/pr/growus-sea-salt-therapy-shampoo-17-63-fl-oz-500-g/159971,
8809704095211,growus,(GB) Algae Therapy Shampoo 500ml,none,,,,,
8809704091923,growus,Algae Therapy No-wash Treatment 150ml,none,,,,,
8809704097901,growus,(Renewal) Damage Therapy Shampoo EX (GB) 500ml,none,,,,,
8809704097727,growus,(Renewal) Damage Therapy No-wash Treatment EX (GB) 250ml,none,,,,,
8809704095501,growus,Damage Therapy No-wash Treatment Light Pure Soap 250ml,none,,,,,
8809704097673,growus,(Renewal) Damage Therapy Perfume Hand Cream_Due Rose 50ml,none,,,,,
8809704095389,growus,Damage Therapy Perfume Hand Cream_Sea Salt 50ml,none,,,,,
8809704097680,growus,(Renewal) Damage Therapy Perfume Hand Cream_True Me 50ml,none,,,,,
8809639150399,headspa7,NO-WASH SHAMPOO 100ml,none,,,,,
8809494543619,headspa7,TREATMENT PARANNUN BLACK HAIR PACK 200ml,none,,,,,
8809769670699,headspa7,TREATMENT ANTI-AJING 215ml,none,,,,,
8809494546023,headspa7,TREATMENT THE PREMIUM 210ml,none,,,,,
8809481760883,heimish,(renewal) Bulgarian Rose Hydrogel Eye Patch 60ea,iherb,1.0,17.15,SGD 2026-08-11,https://sg.iherb.com/pr/heimish-hydrogel-eye-patch-bulgarian-rose-water-60-patches/84588,
8809653321201,laundryou,Clean Face Gargle Gel-to-Foam Cleanser Strong 160ml,none,,,,,
8809985781742,narka,FRESH VEIL HAIR SEBUM MIST #COTTONY MORNING,none,,,,,
8809985780974,narka,FRESH SEBUM HAIR MASCARA 15g,none,,,,,
8809985781117,narka,CORE REBUILD HYPE FIT HAIR MASCARA,none,,,,,
8809985781650,narka,SUPER FIX EDGE HAIR WAND MASCARA,none,,,,,
8809985781674,narka,FRESH COOLING MATCHA-PDRN PACK SHAMPOO 500ml,none,,,,,
8809985780004,narka,CORE REBUILD STRAIGHT SLICK HAIR MILK #SUNSET HONEY 150ml,none,,,,,
8809985780295,narka,CORE REBUILD CREAMY VEIL HAIR MIST #SUNSET HONEY 80ml,none,,,,,
8809665595843,narka,CORE REBUILD GENTLE SHINE HAIR ESSENCE 30ml,none,,,,,
8809593900566,not4u,Clear Body Mist 200ml,none,,,,,
8809652580845,numbuzin,5ea) No.3 Tingle-Pore Softening Sheet Mask,iherb,1.0,16.15,SGD 2026-08-11,https://sg.iherb.com/pr/numbuzin-no-3-tingle-pore-softening-beauty-sheet-mask-5-sheets-0-91-fl-oz-27-ml-each/159999,
8809652582245,numbuzin,5ea) No.5 Glutathione Vitamin Concentrated Mask,iherb,1.0,16.15,SGD 2026-08-11,https://sg.iherb.com/pr/numbuzin-no-5-glutathione-vitamin-concentrated-beauty-mask-5-sheets-0-91-fl-oz-27-ml-each/160001,
8809652589091,numbuzin,5ea) No.1 Pantothenic B5 Hyaluronic Active Clear Mask,iherb,1.0,16.17,SGD 2026-08-11,https://sg.iherb.com/pr/numbuzin-no-1-pantothenic-b5-hyaluronic-active-clear-beauty-mask-5-sheets-0-87-fl-oz-26-ml-each/160008,
8800312065665,numbuzin,No.3 Bifida Bakuchiol Zero Pore Milky Moisturizer 150ml,none,0.375,,,,
8800312065702,numbuzin,No.3 No Filter Tone-Up Sun Serum 01Blur 50ml,shopee,0.625,,SGD 2026-07-30,https://shopee.sg/-Numbuzin-Official-No.5-Glutathione-Vitamin-Tone-up-Sun-Serum-i.358623637.40228935057?extraParams=%7B%22display_model_id%22%3A395586572966%2C%22model_selection_logic%22%3A3%7D,
8809652581781,numbuzin,No.5+ Glutathione Vitamin Concentrated Toner Pads 70pads,iherb,1.0,36.17,SGD 2026-08-11,https://sg.iherb.com/pr/numbuzin-no-5-glutathione-vitamin-concentrated-toner-pads-70-pads-6-08-fl-oz-180-ml/138426,
8809652581774,numbuzin,No.5+ Glutathione Vitamin Concentrated Serum 30ml,iherb,1.0,35.65,SGD 2026-08-11,https://sg.iherb.com/pr/numbuzin-no-5-glutathione-vitamin-concentrated-serum-1-01-fl-oz-30-ml/138428,
8800312061933,numbuzin,No.5 Glutathione Vitamin Tone-up Sun Serum 30ml,shopee,0.875,,SGD 2026-07-30,https://shopee.sg/-Numbuzin-Official-No.5-Glutathione-Vitamin-Tone-up-Sun-Serum-i.358623637.40228935057?extraParams=%7B%22display_model_id%22%3A395586572966%2C%22model_selection_logic%22%3A3%7D,
8809652581705,numbuzin,No.1 Clear Filter Sun Essence SPF50+ PA++++,shopee,1,,SGD 2026-08-01,https://shopee.sg/-Numbuzin-Official-No.1-Clear-Filter-Sun-Essence-SPF50-PA-50ml-i.358623637.23866915064?extraParams=%7B%22display_model_id%22%3A206720258421%2C%22model_selection_logic%22%3A3%7D,
8800312065672,numbuzin,No.3 Bifida Bakuchiol Exfoliating Toner Pads (70ea),none,0.4286,,,,
8800312066556,numbuzin,No.3 PHA Skin Prep Bubble Mask 90ml,shopee,1,,SGD 2026-08-01,https://shopee.sg/-Numbuzin-Official-No.3-PHA-Skin-Prep-Bubble-Mask-90ml-Makeup-ready-Pack-Pore-Care-Prep-i.358623637.48012659846?extraParams=%7B%22display_model_id%22%3A381098658157%2C%22model_selection_logic%22%3A3%7D,
8800312065733,numbuzin,(Global) No.3 Bifida Bakuchiol 50 Zero Pore Milky Toner 200ml,none,0.5,,,,
8800312065726,numbuzin,No.3 Bifida Bakuchiol Zero Pore Milky Toner Light 200ml,shopee,0.6667,,SGD 2026-07-30,https://shopee.sg/-Numbuzin-Official-No.3-Pore-Texture-Refining-Toner-200ml_Milky-Toner-Light-Daily-Pore-Refining-Flawless-Skin-Texture-i.358623637.43980107786?extraParams=%7B%22display_model_id%22%3A355792435069%2C%22model_selection_logic%22%3A3%7D,
8809652589732,numbuzin,No.3 Blue Bio-Retinol Pore Refining Serum 30ml,iherb,1.0,29.31,SGD 2026-08-11,https://sg.iherb.com/pr/numbuzin-no-3-blue-bio-retinol-pore-refining-serum-1-01-fl-oz-30-ml/156773,
8800312067966,numbuzin,No.5 radiance boosting capsule bubble mask 85ml,none,0.4286,,,,
8809652583204,numbuzin,No.5+ Glutathione Vitamin Concentrated Toner 200ml,iherb,1.0,31.45,SGD 2026-08-11,https://sg.iherb.com/pr/numbuzin-no-5-glutathione-vitamin-concentrated-toner-6-76-fl-oz-200-ml/141825,
8809652585055,numbuzin,No.5+ Vitamin Glutathione Dark Spot Laser 50ml,iherb,1.0,31.79,SGD 2026-08-11,https://sg.iherb.com/pr/numbuzin-no-5-vitamin-glutathione-dark-spot-laser-cream-1-69-fl-oz-50-ml/160006,
8809652583211,numbuzin,No.1 Pantothenic B5 Active Soothing Serum 50ml,iherb,1.0,31.60,SGD 2026-08-11,https://sg.iherb.com/pr/numbuzin-no-1-pantothenic-b5-active-soothing-serum-1-69-fl-oz-50-ml/160003,
8809652580135,numbuzin,No.1 Easy Peasy Cleansing Oil 200ml,iherb,1.0,33.67,SGD 2026-08-11,https://sg.iherb.com/pr/numbuzin-no-1-easy-peasy-cleansing-oil-6-76-fl-oz-200-ml/116679,
8809652583228,numbuzin,No.1 Pantothenic B5 Active Soothing Cream 80ml,iherb,1.0,39.00,SGD 2026-08-11,https://sg.iherb.com/pr/numbuzin-no-1-pantothenic-b5-active-soothing-cream-2-7-fl-oz-80-ml/141826,
8809652589398,numbuzin,No.1 Pantothenic Skincare 100 Powder 7g,iherb,1.0,21.67,SGD 2026-08-11,https://sg.iherb.com/pr/numbuzin-no-1-pantothenic-skincare-100-powder-0-24-oz-7-g/160007,
8809652581132,numbuzin,5ea) No.4 Icy Soothing Sheet Mask,iherb,1.0,16.15,SGD 2026-08-11,https://sg.iherb.com/pr/numbuzin-no-4-icy-soothing-beauty-sheet-mask-5-sheets-0-91-fl-oz-27-ml-each/160000,
8809652587653,numbuzin,(4EA) No.9 NAD Bio Lifting Full Cover Facial Mask (+GWP),iherb,1.0,24.92,SGD 2026-08-11,https://sg.iherb.com/pr/numbuzin-nad-bio-lifting-sil-full-face-beauty-mask-4-sheets/148081,
8809652589619,numbuzin,5ea) No.9 NAD Collagen Under Eye Patches,iherb,1.0,18.93,SGD 2026-08-11,https://sg.iherb.com/pr/numbuzin-no-9-nad-collagen-under-eye-patches-5-pairs/156778,
8809884772650,ongredients,Ongredients Bakuglow Capsule Lotion 150ml,none,,,,,
8809884771455,ongredients,Skin Barier Moisture Deep Cleanser 120ml,none,,,,,
8809884771424,ongredients,Skin Barrier Calming Softener 250ml,none,,,,,
8809884772254,ongredients,Skin Barrier Calming Lotion EX 150ml,none,,,,,
8809884772032,ongredients,Skin Barrier Glow Mist 100ml,none,,,,,
8809884772025,ongredients,Skin Barrier Radiant Cream 50ml,none,,,,,
8809743540710,round lab,*Renewal (10ea) 1025 DOKDO WARTER GEL MASK SHEET_30ml,shopee,0.6667,15.40,SGD 2026-08-02,https://shopee.sg/-ROUND-LAB-Official-1025-Dokdo-Hydrating-Water-Gel-Mask-30ml*10ea-Hydration-locking-Cooling-i.1309878867.24833928634?extraParams=%7B%22display_model_id%22%3A241258998131%2C%22model_selection_logic%22%3A3%7D,
8809657115479,round lab,(Renewal) 1025 DOKDO AMPULE_45g,none,0.4,,,,
8809738600238,round lab,(Renewal) Birch Juice Moisturizing Cleanser 150ml,shopee,0.8333,9.82,SGD 2026-08-02,https://shopee.sg/-ROUND-LAB-Official-Birch-Juice-Moisturizing-Cleanser-150ml-Soothing-Low-pH-Gel-Type-Cleanser-i.1309878867.28256191156?extraParams=%7B%22display_model_id%22%3A129012898720%2C%22model_selection_logic%22%3A3%7D,
8809738607343,round lab,(Renewal) 1025 DOKDO CLEANSING WATER_400ml,none,0.5,,,,
8809864769977,round lab,(Renewal) Birch Moisture Tone-Up Sunscreen 50ml,shopee,0.7143,11.47,SGD 2026-08-02,https://shopee.sg/-ROUND-LAB-Official-Birch-Juice-Moisturizing-Tone-up-Sunscreen-50ml-Natural-Skin-Adhering-Tone-Up-i.1309878867.28756189255?extraParams=%7B%22display_model_id%22%3A215264449364%2C%22model_selection_logic%22%3A3%7D,
8809624723157,round lab,BIRCH JUICE MOISTURIZING MASK_25ml (10ea),shopee,0.8333,,SGD 2026-08-01,https://shopee.sg/-Bundle-of-2-ROUND-LAB-Official-Birch-Juice-Moisturizing-Sunscreen-50ml-1025-Dokdo-Hydrating-Water-Gel-Mask-30ml*10ea-i.1309878867.44505035899?extraParams=%7B%22display_model_id%22%3A440461500345%2C%22model_selection_logic%22%3A3%7D,
8809750462708,round lab,*Renewal PINE CALMING CICA PAD_50pcs,shopee,0.8333,11.47,SGD 2026-08-02,https://shopee.sg/-ROUND-LAB-Official-Pine-Calming-Cica-Pad-50pcs-i.1309878867.25533928675?extraParams=%7B%22display_model_id%22%3A118412982924%2C%22model_selection_logic%22%3A3%7D,
8809849802408,round lab,(Renewal) PINE CALMING CICA BODY WASH_400ml,none,0.4286,,,,
8809738605677,round lab,(Renewal) Dokdo Cleansing Oil 200ml,shopee,0.8,11.17,SGD 2026-08-02,https://shopee.sg/-ROUND-LAB-Official-1025-Dokdo-Cleansing-Oil-200ml-Makeup-Remover-for-Sensitive-Skin-i.1309878867.28206191257?extraParams=%7B%22display_model_id%22%3A157393029321%2C%22model_selection_logic%22%3A3%7D,
8809738608364,round lab,(Renewal) 1025 DOKDO CLEANSER_150ml,shopee,0.8,9.90,SGD 2026-08-02,https://shopee.sg/-ROUND-LAB-Official-1025-Dokdo-Cleanser-150ml-Low-pH-Facial-Cleanser-for-Sensitive-Skin-i.1309878867.28206191214?extraParams=%7B%22display_model_id%22%3A215264449328%2C%22model_selection_logic%22%3A3%7D,
8809657114731,round lab,(Renewal) 1025 DOKDO TONER_200ml,shopee,0.8,8.32,SGD 2026-08-02,https://shopee.sg/-ROUND-LAB-Official-1025-Dokdo-Toner-200ml-Gentle-Exfoliating-Facial-Toner-i.1309878867.25233933028?extraParams=%7B%22display_model_id%22%3A139012898979%2C%22model_selection_logic%22%3A3%7D,
8809657114779,round lab,*Renewal 1025 DOKDO LOTION_200ml,shopee,0.8,11.40,SGD 2026-08-02,https://shopee.sg/-ROUND-LAB-Official-1025-Dokdo-Lotion-200ml-i.1309878867.27755942843?extraParams=%7B%22display_model_id%22%3A246240830120%2C%22model_selection_logic%22%3A3%7D,
8809782551814,round lab,ENG) Birch Juice Moisturizing Sun Cream 50ml,shopee,0.7143,,SGD 2026-08-01,https://shopee.sg/-ROUND-LAB-Official-Birch-Juice-Moisturizing-Sun-Serum-50ml-i.1309878867.52709897756?extraParams=%7B%22display_model_id%22%3A445873990558%2C%22model_selection_logic%22%3A3%7D,
8809962541857,round lab,CAMELLIA DEEP COLLAGEN FIRMING AMPOULE_30ml,shopee,1,15.10,SGD 2026-08-02,https://shopee.sg/-ROUND-LAB-Official-Camellia-Deep-Collagen-Firming-Ampoule-30ml-i.1309878867.43050830285?extraParams=%7B%22display_model_id%22%3A159183566886%2C%22model_selection_logic%22%3A3%7D,
8809962542212,round lab,CAMELLIA DEEP COLLAGEN FIRMING SUN SERUM 50ml,shopee,1,11.62,SGD 2026-08-02,https://shopee.sg/-ROUND-LAB-Official-Camellia-Deep-Collagen-Firming-Sun-Serum-50ml-UV-Defense-Makeup-Friendly-i.1309878867.41257008693?extraParams=%7B%22display_model_id%22%3A275594699601%2C%22model_selection_logic%22%3A3%7D,
8809875904459,round lab,*Renewal Birch Juice MOISTURIZING SUN STICK_19g,shopee,0.8571,18.40,SGD 2026-08-02,https://shopee.sg/-ROUND-LAB-Official-Birch-Juice-Moisturizing-Sun-Stick-19g-i.1309878867.28206191210?extraParams=%7B%22display_model_id%22%3A215264449324%2C%22model_selection_logic%22%3A3%7D,
8809657129247,round lab,1025 DOKDO PAD_70pcs,none,0.5,,,,
8809738600245,round lab,(Renewal) 1025 DOKDO CREAM_80ml,shopee,0.6,22.70,SGD 2026-08-02,https://shopee.sg/-Bundle-of-2-ROUND-LAB-Official-1025-Dokdo-Toner-200ml-Birch-Juice-Moisturizer-80ml-i.1309878867.28992158684?extraParams=%7B%22display_model_id%22%3A266741568949%2C%22model_selection_logic%22%3A3%7D,
8809657114632,round lab,(Renewal) 1025 DOKDO EYE CREAM_30ml,none,0.5,,,,
8809738600214,round lab,(Renewal) Birch Juice Moisturizing Toner 300ml,none,0.5,,,,
8809738600221,round lab,*Renewal Birch Juice Moisturizing Cream 80ml,shopee,0.6667,,SGD 2026-08-01,https://shopee.sg/-Bundle-of-3-ROUND-LAB-Official-1025-Dokdo-Cleanser-150ml-Birch-Juice-Moisturizing-Sunscreen-50ml-Birch-Juice-Moisturizer-80ml-i.1309878867.55105722512?extraParams=%7B%22display_model_id%22%3A287383068161%2C%22model_selection_logic%22%3A3%7D,
8809962541840,round lab,CAMELLIA DEEP COLLAGEN FIRMING CREAM_50ml,shopee,0.8333,11.62,SGD 2026-08-02,https://shopee.sg/-ROUND-LAB-Official-Camellia-Deep-Collagen-Firming-Sun-Serum-50ml-UV-Defense-Makeup-Friendly-i.1309878867.41257008693?extraParams=%7B%22display_model_id%22%3A275594699601%2C%22model_selection_logic%22%3A3%7D,
8809783326718,round lab,(Renewal) PINE CALMING CICA TONER_250ml,shopee,0.8333,11.17,SGD 2026-08-02,https://shopee.sg/-ROUND-LAB-Official-Pine-Calming-Cica-Toner-250ml-i.1309878867.29556189027?extraParams=%7B%22display_model_id%22%3A251258987230%2C%22model_selection_logic%22%3A3%7D,
8809783325667,round lab,(Renewal) PINE CALMING CICA AMPULE_30ml,shopee,0.6667,11.85,SGD 2026-08-02,https://shopee.sg/-ROUND-LAB-Official-Pine-Calming-Cica-Ampoule-30ml-i.1309878867.26556191097?extraParams=%7B%22display_model_id%22%3A223033734499%2C%22model_selection_logic%22%3A3%7D,
8809783325674,round lab,(Renewal) PINE CALMING CICA CREAM_50ml,shopee,0.8333,11.40,SGD 2026-08-02,https://shopee.sg/-ROUND-LAB-Official-Pine-Calming-Cica-Cream-50ml-i.1309878867.29306188807?extraParams=%7B%22display_model_id%22%3A256259004288%2C%22model_selection_logic%22%3A3%7D,
8809934860870,seapuri,(DE) Scalpy Hair Serum 20ml,shopee,0.8,58.14,SGD 2026-07-31,https://shopee.sg/-Seapuri-Official-Scalpy-Hair-Serum-Lashrum-Eyelash-Enhancing-Serum-Anti-Hair-Loss-Serum-20ml-Eyelash-Growth-and-Curling-i.1021843590.29269212285?extraParams=%7B%22display_model_id%22%3A257148925587%2C%22model_selection_logic%22%3A3%7D,
8809889552677,seapuri,Scalpy Root Serum 65ml,none,0.5,,,,
8809725625497,seapuri,(DE) Scalpy Bubble Tonic 100ml,iherb,1.0,24.07,SGD 2026-08-11,https://sg.iherb.com/pr/seapuri-scalpy-bubble-tonic-3-38-fl-oz-100-ml/155415,
8809958450262,seapuri,Scalpy Root Vital Shampoo 300ml,shopee,0.8,,SGD 2026-08-01,https://shopee.sg/-Seapuri-Official-Scalpy-Root-Vital-Volumising-Shampoo-For-Hair-Loss-Thinning-Thicker-Fuller-Hair-Root-Coating-for-Stronger-Hair-Polyphenol-Caffeine-Heartleaf-i.1021843590.45159584164?extraParams=%7B%22display_model_id%22%3A228278490786%2C%22model_selection_logic%22%3A2%7D,
8809958450279,seapuri,Scalpy Root Vital Treatment 150ml,shopee,0.8,,SGD 2026-08-01,https://shopee.sg/-Seapuri-Official-Scalpy-Root-Vital-Detangling-Thickening-Treatment-For-Hair-Loss-Thinning-Detangling-Thicker-Fuller-Hair-Caffeine-Rosemary-Biotin-i.1021843590.43932216655?extraParams=%7B%22display_model_id%22%3A396146809435%2C%22model_selection_logic%22%3A2%7D,
8809725624186,seapuri,Body Mist 200ml,iherb,1.0,22.43,SGD 2026-08-11,https://sg.iherb.com/pr/seapuri-body-mist-6-76-fl-oz-200-ml/155417,
8809889551489,seapuri,(DE) Lashrum Eyelash Enhancing Serum 10g,iherb,1.0,,SGD 2026-08-11,https://sg.iherb.com/pr/seapuri-lashrum-eyelash-enhancing-serum-0-34-oz-10-g/155416,
8809724701383,studio17,[Renewal]Pang Pang triangle puff,none,,,,,
8809724702151,studio17,Brush Fit Puff (5ea),none,,,,,
8809724701277,studio17,Portable lip brush 223 round,none,,,,,
8809724700881,studio17,Small blending eye brush 323,none,,,,,
8809724700232,studio17,Blending eye brush 712,none,,,,,
8809724700904,studio17,Eyebrow brush 352,none,,,,,
8809724700911,studio17,Screw brush 365,none,,,,,
8809724700195,studio17,Powder brush 812,none,,,,,
8809724700201,studio17,Foundation brush 823,none,,,,,
8809724700218,studio17,Blush brush 833,none,,,,,
8809724700225,studio17,Base eyeshadow brush 711,none,,,,,
8809724700867,studio17,Nose shading brush 445,none,,,,,
8800344070972,sungboon editor,(1ea) Silk Peptide EGF Gold Mask,none,,,,,
8800253027685,sungboon editor,Dead Sea Salt LHA Blackhead Melting Out Pad 65g(30pcs),none,,,,,
8800344072648,sungboon editor,Green Tomato NMN Pore Minimizing Cream 50ml,none,,,,,
8800344072617,sungboon editor,(1EA) Green Tomato NMN Pore Minimizing Ampoule Mask 23g,none,,,,,
8800344074611,sungboon editor,Silk Peptide EGF Intensive Ampoule 35ml,none,,,,,
8800344074857,sungboon editor,Silk Peptide EGF Intensive Cream 50ml,none,,,,,
8809684568309,sungboon editor,Green Tomato Deep Pore Cleansing Ultra Whipping Foam 120g,none,,,,,
8809684568750,sungboon editor,[60ea] Green Tomato Pore Peeling Jumbo Pad 180ml,iherb,1.0,31.07,SGD 2026-08-11,https://sg.iherb.com/pr/sungboon-editor-green-tomato-pore-peeling-jumbo-pad-60-pads-6-08-fl-oz-180-ml/149145,
8800253029023,sungboon editor,Silk Peptide EGF Intensive Eye Cream 30ml,none,,,,,
8800253022383,sungboon editor,(6EA) Deep Collagen Melting Patch,iherb,1.0,37.27,SGD 2026-08-11,https://sg.iherb.com/pr/sungboon-editor-deep-collagen-melting-patch-3-sets-0-016-oz-0-46-g-each/149150,
8809684563601,sungboon editor,(Renew) Deep Collagen Power Boosting Mask (37g*4ea),iherb,1.0,,SGD 2026-08-11,https://sg.iherb.com/pr/sungboon-editor-deep-collagen-power-boosting-beauty-mask-4-pack-1-30-oz-37-g-each/149151,
8809689630414,vivelab,Revive Therapy  Hair Scalp & Brow Ampoule 15ml,none,,,,,
8809689630865,vivelab,Recovery Clinic  Sensitive Scalp  SOS Solution  Hair Tonic 120 ml,none,,,,,
8809689630575,vivelab,Revive Therapy  Hair Scalp Enhancing  Foam 100ml,none,,,,,
8809689630087,vivelab,Revive Therapy  Hair Brow Lash Serum 10g,none,,,,,
8809689631060,vivelab,Revi Solution  Anti Hair Loss  Scalp Shampoo 500ml,none,,,,,
8809689631275,vivelab,Revi Solution  Anti Hair Loss  Scalp Protein Treatment 200ml,none,,,,,
8809689630858,vivelab,Recovery Clinic  Sensitive Scalp  SOS Solution  Essence 40ml,none,,,,,
