barcode,brand,product_name,iherb_price_sgd,iherb_url,iherb_seen_at,iherb_confidence,shopee_price_sgd,shopee_url,shopee_title,shopee_seen_at,shopee_confidence,match_source,confidence,price_sgd,seen_at,review_note
8809213807343,bbi@,Last Auto Gel Eyeliner 2025 Version #01 Noir,,,,,,,,,,none,,,,
8809213807350,bbi@,Last Auto Gel Eyeliner 2025 Version #02 Jazz,,,,,,,,,,none,,,,
8809213807367,bbi@,Last Auto Gel Eyeliner 2025 Version #03 Rose Brown,,,,,,,,,,none,,,,
8809213807374,bbi@,Last Auto Gel Eyeliner 2025 Version #04 Mellow Brown,,,,,,,,,,none,,,,
8809871387249,bbi@,Last Auto Gel Eyeliner 2025 Version #21 Mute Brown,,,,,,,,,,none,,,,
8809213807381,bbi@,Last Auto Gel Eyeliner 2025 Version #05 Soul Brown,,,,,,,,,,none,,,,
8809213807398,bbi@,Last Auto Gel Eyeliner 2025 Version #06 Choco Mousse,,,,,,,,,,none,,,,
8809213807404,bbi@,Last Auto Gel Eyeliner 2025 Version #07 Rose Burn,,,,,,,,,,none,,,,
8809213808869,bbi@,Last Auto Gel Eyeliner Beige Edition #11 Linen Beige,,,,,,,,,,none,,,,
8809213808883,bbi@,Last Auto Gel Eyeliner Beige Edition #13 Peanut Beige,,,,,,,,,,none,,,,
8809213809293,bbi@,Last Auto Gel Eyeliner Beige Edition #15 Salmon Beige,,,,,,,,,,none,,,,
8809871384347,bbi@,Last Auto Gel Eyeliner 2025 Version #16 Cool Beige,,,,,,,,,,none,,,,
8809213807411,bbi@,Last Auto Gel Eyeliner 2025 Version #08 Angel,,,,,,,,,,none,,,,
8809213807428,bbi@,Last Auto Gel Eyeliner 2025 Version #09 Rose Gold,,,,,,,,,,none,,,,
8809871384354,bbi@,Last Auto Gel Eyeliner 2025 Version #17 Pink Quartz,,,,,,,,,,none,,,,
8809871387256,bbi@,Last Auto Gel Eyeliner 2025 Version #22 Peach Pastel,,,,,,,,,,none,,,,
8809871384910,bbi@,Over Glaze #01 Peach Syrup,,,,,,,,,,none,,,,
8809871384927,bbi@,Over Glaze #02 Fig Syrup,,,,,,,,,,none,,,,
8809871384934,bbi@,Over Glaze #03 Grape Syrup,,,,,,,,,,none,,,,
8809871384941,bbi@,Over Glaze #04 Cherry Syrup,,,,,,,,,,none,,,,
8809871384958,bbi@,Over Glaze #05 Grapefruit Syrup,,,,,,,,,,none,,,,
8809871387744,bbi@,Over Glaze #09 Apricot Plop,,,,,,,,,,none,,,,
8800303330550,bbi@,Over Glaze #12 Apple Syrup,,,,,,,,,,none,,,,
8809871385450,bbi@,Last Velvet Lip Tint MLBB Edition #V47 Sweet Life,,,,,,,,,,none,,,,
8809871385467,bbi@,Last Velvet Lip Tint MLBB Edition #V48 Joyful Life,,,,,,,,,,none,,,,
8809871385474,bbi@,Last Velvet Lip Tint MLBB Edition #V49 Rosy Life,,,,,,,,,,none,,,,
8809871385481,bbi@,Last Velvet Lip Tint MLBB Edition #V50 Lonely Life,,,,,,,,,,none,,,,
8809871385498,bbi@,Last Velvet Lip Tint MLBB Edition #V51 Purple Life,,,,,,,,,,none,,,,
8800303330987,bbi@,Last Velvet Lip Tint MLBB Edition #V55 Cream Shot,,,,,,,,,,none,,,,
8800303330994,bbi@,Last Velvet Lip Tint MLBB Edition #V56 Double Shot,,,,,,,,,,none,,,,
8809213809828,bbi@,Ready To Wear Downy Cheek #01 Downy Pink,,,,,,,,,,none,,,,
8809213809835,bbi@,Ready To Wear Downy Cheek #02 Downy Peach,,,,,,,,,,none,,,,
8809213809842,bbi@,Ready To Wear Downy Cheek #03 Downy Apricot,,,,,,,,,,none,,,,
8809213809859,bbi@,Ready To Wear Downy Cheek #04 Downy Lavender,,,,,,,,,,none,,,,
8809213809866,bbi@,Ready To Wear Downy Cheek #05 Downy Coral,,,,,,,,,,none,,,,
8809871383234,bbi@,Ready To Wear Downy Cheek #06 Downy Fig,,,,,,,,,,none,,,,
8809871385375,bbi@,Ready To Wear Downy Cheek #07 Downy Angel,,,,,,,,,,none,,,,
8809871384804,bbi@,Eau Finger Puff 2 pcs,,,,,,,,,,none,,,,
8809213809323,bbi@,Ready To Wear Eye Palette #01 Nude Brush,,,,,,,,,,none,,,,
8809213809637,bbi@,Ready To Wear Eye Palette #02 Mood Brush,,,,,,,,,,none,,,,
8809871383913,bbi@,Ready To Wear Eye Palette Apricot Edition #05 Apricot Blush,,,,,,,,,,none,,,,
8809871384361,bbi@,Ready To Wear Eye Palette Respect Edition #06 Cool Standard,,,,,,,,,,none,,,,
8800303332868,bbi@,Nudy Lip Pencil #01 Nudy Beige,,,,,,,,,,none,,,,
8800303332875,bbi@,Nudy Lip Pencil #02 Nudy Salmon,,,,,,,,,,none,,,,
8800303332882,bbi@,Nudy Lip Pencil #03 Nudy Peach,,,,,,,,,,none,,,,
8800303332899,bbi@,Nudy Lip Pencil #04 Nudy Pink,,,,,,,,,,none,,,,
8800303332905,bbi@,Nudy Lip Pencil #05 Nudy Fig,,,,,,,,,,none,,,,
8800303332912,bbi@,Nudy Lip Pencil #06 Nudy Rosy,,,,,,,,,,none,,,,
8800303332929,bbi@,Nudy Lip Pencil #07 Nudy Toffee,,,,,,,,,,none,,,,
8809949529250,the face shop,Rice Water Bright Cleansing Facial Wipes 2026 Ver - 50 sheets,,,,,,,,,,none,,,,
8806173494637,the face shop,Soothing & Moisture Aloe Vera Soothing Gel 2026 Ver - 300ml,,,,,,,,,,none,,,,
8801051421521,the face shop,fmgt Lip Scrub,,,,,,,,,,none,,,,
8809949488250,the face shop,Inklasting Cushion Slim Fit New #N201,,,,,,,,,,none,,,,
8809949488267,the face shop,Inklasting Cushion Slim Fit New #V203,,,,,,,,,,none,,,,
8809949485044,the face shop,Ink Lasting Cushion Mesh Glow #V201 Apricot Beige,,,,,,,,,,none,,,,
8809949485068,the face shop,Ink Lasting Cushion Mesh Glow #V203 Natural Beige,,,,,,,,,,none,,,,
8809657125638,2an,Dual Cheek #01 Cotton Candy Violet,18.31,https://sg.iherb.com/pr/2an-dual-cheek-01-cotton-candy-violet-9-g/151818,2026-08-11,1.0,,,,,,iherb,1.0,18.31,2026-08-11,
8809657125645,2an,"Dual Cheek #02 Love, Rosy",18.30,https://sg.iherb.com/pr/2an-dual-cheek-02-love-rosy-9-g/151817,2026-08-11,1.0,,,,,,iherb,1.0,18.30,2026-08-11,
8809864754669,2an,Dual Cheek #06 Pink Petal,,,,,,,,,,none,,,,
8809864754652,2an,Dual Cheek #07 Peach Fizz,,,,,,,,,,none,,,,
8809864754645,2an,Dual Cheek #08 Nude Haze,,,,,,,,,,none,,,,
8800276310450,2an,Dual Cheek #09 Heart Balloon,,,,,,,,,,none,,,,
8809968209188,2an,Dual Cheek #10 Love Potion,,,,,,,,,,none,,,,
8800326571213,2an,Dual Cheek #21 Burnt Cinnamon,,,,,,,,,,none,,,,
8800326571220,2an,Dual Cheek #22 Fall in Rose,,,,,,,,,,none,,,,
8800316296409,2an,Dual Cheek #18 Dear Rose,,,,,,,,,,none,,,,
8809968200840,2an,Better Me Eye Palette #05 Dear Me,,,,,,,,,,none,,,,
8800276316377,2an,Better Me Eye Palette #13 Sand Pink,,,,,,,,,,none,,,,
8800276316384,2an,Better Me Eye Palette #14 Slush Pop,,,,,,,,,,none,,,,
8800326570315,2an,Better Me Eye Palette #19 Mellow Rose,,,,,,,,,,none,,,,
8800316298984,2an,Better Me Eye Palette #21 Blooming Pink,,,,,,,,,,none,,,,
8800316299349,2an,Better Me Eye Palette #22 Love Poem,,,,,,,,,,none,,,,
8859708501058,2p original,Oh My Blush Dot -#04,,,,,,,,,,none,,,,
8859708501065,2p original,Oh My Blush Dot -#06,,,,,,,,,,none,,,,
8859708501072,2p original,Oh My Blush Dot -#07,,,,,,,,,,none,,,,
8859708501096,2p original,Oh My Blush Dot -#09,,,,,,,,,,none,,,,
8859708501102,2p original,Oh My Blush Dot -#10,,,,,,,,,,none,,,,
8859708501454,2p original,Oh My Blush Dot -#14,,,,,,,,,,none,,,,
8859708501461,2p original,Oh My Blush Dot -#15,,,,,,,,,,none,,,,
6902395974734,3ce,Dual Effect Blushlighter #BEIGE HOUR - 4.3g,,,,,,,,,,none,,,,
6902395974710,3ce,Dual Effect Blushlighter #EARLY NOW - 4.3g,,,,,,,,,,none,,,,
6902395974697,3ce,Dual Effect Blushlighter #LAZY TALK - 4.3g,,,,,,,,,,none,,,,
6902395974758,3ce,Dual Effect Blushlighter #MIDDY HYPE - 4.8g,,,,,,,,,,none,,,,
6902395974727,3ce,Dual Effect Blushlighter #WHAT IF - 4.3g,,,,,,,,,,none,,,,
8809429958709,9wishes,Hydra Perfect Ampule Serum 30ml,,,,,,,,,,none,,,,
8809429959621,9wishes,White Tone-up Cream 50ml,,,,,,,,,,none,,,,
8809429954398,9wishes,9wishes - White Tone-Up Body Serum 150ml,,,,,,,,,,none,,,,
8806185740173,a'pieu,Aqua Peeling Disposable Plastic Cotton Swab (Mild),,,,,,,,,,none,,,,
8809530045503,a'pieu,A'pieu - Oily Hair Dry Powder 5g,,,,,,,,,,none,,,,
8809643538664,a'pieu,Mint Scalp Hair Vinegar 200ml,,,,,,,,,,none,,,,
8809581441224,a'pieu,Raspberry Hair Vinegar 200ml,,,,,,,,,,none,,,,
8806185788311,a'pieu,A'PIEU Soft Foot 30 Minute Peeling Socks 1pair 40ml,,,,,,,,,,none,,,,
8809530062616,a'pieu,Goblin Blackhead 3-Step Nose Pack 1 set 3pcs,,,,,,,,,,none,,,,
8800303336552,about tone,Blur Powder Pact #00 Clear,,,,,,,,,,none,,,,
8809213803383,about tone,Blur Powder Pact #02 Light,,,,,,,,,,none,,,,
8809213803406,about tone,Blur Powder Pact #03 Natural,,,,,,,,,,none,,,,
8809871380622,about tone,Blur Powder Pact #1.5 Cool Fair,,,,,,,,,,none,,,,
8809871380639,about tone,Blur Powder Pact #2.5 Ivory,,,,,,,,,,none,,,,
8809213803833,about tone,Powder Pact Puff Black,,,,,,,,,,none,,,,
8809871380578,about tone,Long Lasting Makeup Coating Fixer 30ml,,,,,,,,,,none,,,,
8809964171755,anaze,Janmuri Cara 8ml,,,,,,,,,,none,,,,
8809964171335,anaze,Mellow Cream 150ml,,,,,,,,,,none,,,,
8809611530133,anaze,Gyeol Essence,,,,,,,,,,none,,,,
8809964171311,anaze,Leave-in Collagen Serum Treatment 200ml,,,,,,,,,,none,,,,
8809964171243,anaze,Colure Blonde Hair Mask Pack C01,,,,,,,,,,none,,,,
8800307376509,anua,Kpop Demon Hunters Invisible Matte Finish Sunscreen 50ml,,,,,,,,,,none,,,,
8800307376516,anua,Kpop Demon Hunters Invisible Glow Finish Sunscreen Stick 18g,,,,,,https://shopee.sg/-Anua-Official-Kpop-Demon-Hunters-Invisible-Glow-Finish-Sunscreen-Stick-18g-SPF-50-PA-Moisturizing-Glow-Boost-i.1640496926.40730437543?extraParams=%7B%22display_model_id%22%3A138467396766%2C%22model_selection_logic%22%3A3%7D,Anua Official Kpop Demon Hunters Invisible Glow Finish Sunscreen Stick 18g SPF 50 PA Moisturizing Glow Boost,2026-07-31,0.6,shopee,0.6,,2026-07-31,
8800307377681,anua,Kpop Demon Hunters Rice Intensive Moisturizing Milk Mask  25ml,,,,,,,,,,none,,,,
8800287110117,a'pieu,Waterlock Tone-Up Sun Cushion Lavender 15g,,,,,,,,,,none,,,,
8800289469381,april skin,Carrotene Clarifying Serum 2026 Ver - 30ml,,,,,,,,,,none,,,,
8809517412670,april skin,Real Carrotene Acne Foam Cleanser 120ml,12.39,https://sg.iherb.com/pr/april-skin-real-carrotene-acne-foam-cleanser-4-05-fl-oz-120-ml/155409,2026-08-11,1.0,,,,,,iherb,1.0,12.39,2026-08-11,
8800256114337,april skin,Carrotene Clarifying Cream 60ml,,,,,,,,,,none,,,,
8800256119639,april skin,TXA Niacinamide Collagen 99 Capsule Gel Mask Set 30g x 4 sheets,17.49,https://sg.iherb.com/pr/april-skin-txa-niacinamide-collagen-99-capsule-gel-beauty-mask-4-sheets-1-05-oz-30-g-each/154400,2026-08-11,1.0,,,,,,iherb,1.0,17.49,2026-08-11,
8800240575274,april skin,Pink Aloe Pack Cleanser 120g,,,,,,,,,,none,,,,
8809557511586,april skin,Real Jelly Brush 1 pc,,,,,,,,,,none,,,,
8809557519940,april skin,Hero Cushion Set 2023 Ver - #21 Light Beige,,,,,,,,,,none,,,,
8809579370864,avajar,Perfect V Lifting Premium Plus Mask Set 14g x 5 pcs,,,,,,,,,,none,,,,
8809983770533,avajar,Perfect Lifting Daily Eye Patch 60 patches,,,,,,,,,,none,,,,
8809983770236,avajar,Rejuvenating Eye Wrinkle Control Mask Set 3g x 5 sheets,,,,,,,,,,none,,,,
8809983770113,avajar,avajar - Y Excillus Cleanser 100ml,,,,,,,,,,none,,,,
8809634610034,axis-y,Dark Spot Correcting Glow Serum 50ml,26.51,https://sg.iherb.com/pr/axis-y-dark-spot-correcting-glow-serum-1-69-fl-oz-50-ml/131194,2026-08-11,1.0,60.40,https://shopee.sg/-AXIS-Y-OFFICIAL-Dark-Spot-Correcting-Glow-Serum-50ml-Dual-Pack-i.1072606038.29822432032?extraParams=%7B%22display_model_id%22%3A242390397465%2C%22model_selection_logic%22%3A3%7D,AXIS Y OFFICIAL Dark Spot Correcting Glow Serum 50ml Dual Pack,2026-08-01,0.667,iherb,1.0,26.51,2026-08-11,
8809634610966,axis-y,Dark Spot Correcting Glow Cream 50ml,23.89,https://sg.iherb.com/pr/axis-y-dark-spot-correcting-glow-cream-1-69-fl-oz-50-ml/148967,2026-08-11,1.0,35.00,https://shopee.sg/-AXIS-Y-OFFICIAL-Dark-Spot-Correcting-Glow-Cream-50ml-2-Alpha-Arbutin-5-Niacinamide-i.1072606038.26555706719?extraParams=%7B%22display_model_id%22%3A246223084117%2C%22model_selection_logic%22%3A3%7D,AXIS Y OFFICIAL Dark Spot Correcting Glow Cream 50ml 2 Alpha Arbutin 5 Niacinamide,2026-08-01,0.6,iherb,1.0,23.89,2026-08-11,
8809634610959,axis-y,Dark Spot Correcting Glow Toner 125ml,25.68,https://sg.iherb.com/pr/axis-y-dark-spot-correcting-glow-toner-4-23-fl-oz-125-ml/148192,2026-08-11,1.0,35.00,https://shopee.sg/-AXIS-Y-OFFICIAL-Dark-Spot-Correcting-Glow-Toner-Glutathione-brightening-Lightweight-125ml-i.1072606038.26655710018?extraParams=%7B%22display_model_id%22%3A241223112021%2C%22model_selection_logic%22%3A3%7D,AXIS Y OFFICIAL Dark Spot Correcting Glow Toner Glutathione brightening Lightweight 125ml,2026-08-01,0.6,iherb,1.0,25.68,2026-08-11,
8809634610881,axis-y,Vegan Collagen Eye Serum 10ml,25.23,https://sg.iherb.com/pr/axis-y-vegan-collagen-eye-serum-0-33-fl-oz-10-ml/148962,2026-08-11,1.0,60.00,https://shopee.sg/-AXIS-Y-OFFICIAL-Vegan-Collagen-Eye-Serum-10ml-Dual-Pack-i.1072606038.25583897653?extraParams=%7B%22display_model_id%22%3A168323175686%2C%22model_selection_logic%22%3A3%7D,AXIS Y OFFICIAL Vegan Collagen Eye Serum 10ml Dual Pack,2026-08-01,0.625,iherb,1.0,25.23,2026-08-11,
8809634611178,axis-y,TXA 2.5% Intensive Brightening Cream 50ml,,,,,,,,,,none,,,,
8809634610096,axis-y,Sunday Morning Refreshing Cleansing Foam,16.11,https://sg.iherb.com/pr/axis-y-sunday-morning-refreshing-cleansing-foam-4-05-fl-oz-120-ml/140340,2026-08-11,1.0,,,,,,iherb,1.0,16.11,2026-08-11,
8809634610119,axis-y,Complete No-Stress Physical Sunscreen (V3) 50ml,30.26,https://sg.iherb.com/pr/axis-y-complete-no-stress-physical-sunscreen-spf-50-pa-version-3-1-69-fl-oz-50-ml/131197,2026-08-11,1.0,,,,,,iherb,1.0,30.26,2026-08-11,
8809634611505,axis-y,Kojic Yuzu Pack Cleanser 60g,,,,,,,,,,none,,,,
8809634610553,axis-y,Mini Dark Spot Correcting Glow Serum 5ml,,,,,,,,,,none,,,,
6973795915214,aztk,Jello Color Liquid Blush JC01# Sakura Milk Jelly - 5ml,,,,,,,,,,none,,,,
6973795915221,aztk,Jello Color Liquid Blush JC02# Blueberry Milkshake - 5ml,,,,,,,,,,none,,,,
6973795915245,aztk,Jello Color Liquid Blush JC04# Fig Coffee - 5ml,,,,,,,,,,none,,,,
6973795915252,aztk,Jello Color Liquid Blush JC05# White Peach Milk Tea - 5ml,,,,,,,,,,none,,,,
6973795915269,aztk,Jello Color Liquid Blush JC06# Guava Cream - 5ml,,,,,,,,,,none,,,,
6973795915276,aztk,Jello Color Liquid Blush JC07# Orange Ice Cream - 5ml,,,,,,,,,,none,,,,
6973795914552,aztk,MeltyKiss Jelly Gloss Lipstick MJ01# Honeydew Melon - 1.9g,,,,,,,,,,none,,,,
6973795914569,aztk,MeltyKiss Jelly Gloss Lipstick MJ02# Morning Tea - 1.9g,,,,,,,,,,none,,,,
6973795914576,aztk,MeltyKiss Jelly Gloss Lipstick MJ03# One Bite Apple - 1.9g,,,,,,,,,,none,,,,
6973795914583,aztk,MeltyKiss Jelly Gloss Lipstick MJ04# Caramel Rose - 1.9g,,,,,,,,,,none,,,,
6973795914590,aztk,MeltyKiss Jelly Gloss Lipstick MJ05# Clear Milk Coffee - 1.9g,,,,,,,,,,none,,,,
6973795915351,aztk,MeltyKiss Jelly Gloss Lipstick MJ08# Candied Apple - 1.9g,,,,,,,,,,none,,,,
6973795915672,aztk,MeltyKiss Jelly Gloss Lipstick MJ09# Sunset Tea - 1.9g,,,,,,,,,,none,,,,
6973795914200,aztk,Dual-Ended Perfect Pout Lip Liner N02# Almond Mocha - 200mg,,,,,,,,,,none,,,,
6973795914217,aztk,Dual-Ended Perfect Pout Lip Liner N03# Yuenyeung Milk Tea - 200mg,,,,,,,,,,none,,,,
6973795918680,aztk,Cloudtouch Mud Lipstick M01# Pomelo Red - 1.8g,,,,,,,,,,none,,,,
6973795918697,aztk,Cloudtouch Mud Lipstick M02# Sakura Pink - 1.8g,,,,,,,,,,none,,,,
6973795918703,aztk,Cloudtouch Mud Lipstick M03# Orange Red - 1.8g,,,,,,,,,,none,,,,
6973795918710,aztk,Cloudtouch Mud Lipstick M04# Cherry Pink - 1.8g,,,,,,,,,,none,,,,
6973795918727,aztk,Cloudtouch Mud Lipstick M05# Berry Red - 1.8g,,,,,,,,,,none,,,,
6973795918734,aztk,Cloudtouch Mud Lipstick M06# Dusty Red - 1.8g,,,,,,,,,,none,,,,
6973795917737,aztk,Luminous Lip Jello WM01# Guava Dream - 1.9g,,,,,,,,,,none,,,,
6973795917744,aztk,Luminous Lip Jello WM02# Soft Camellia - 1.9g,,,,,,,,,,none,,,,
6973795917751,aztk,Luminous Lip Jello WM03# Sunset Oolong - 1.9g,,,,,,,,,,none,,,,
6973795917768,aztk,Luminous Lip Jello WM04# Frosted Cinnamon - 1.9g,,,,,,,,,,none,,,,
6973795917775,aztk,Luminous Lip Jello WM05# Candied Apple - 1.9g,,,,,,,,,,none,,,,
6973795917782,aztk,Luminous Lip Jello WM06# Lotus Pudding - 1.9g,,,,,,,,,,none,,,,
6973795917799,aztk,Luminous Lip Jello WM07# Fairy Cascade (Shimmer) - 1.9g,,,,,,,,,,none,,,,
6973795917805,aztk,Luminous Lip Jello WM08# Amber Koi (Shimmer) - 1.9g,,,,,,,,,,none,,,,
6973795915702,aztk,Jelly Glow Cheek Balm GC01# Pink Purple - 3.8g,,,,,,,,,,none,,,,
6973795915726,aztk,Jelly Glow Cheek Balm GC03# Guava Pink - 3.8g,,,,,,,,,,none,,,,
6973795915733,aztk,Jelly Glow Cheek Balm GC04# Gray Pink - 3.8g,,,,,,,,,,none,,,,
6973795915740,aztk,Jelly Glow Cheek Balm GC05# Tomato Orange - 3.8g,,,,,,,,,,none,,,,
6973795915306,aztk,High Fit Color Corrector Pen BR01# Milk Tea Brown - 4.6g,,,,,,,,,,none,,,,
6973795917683,aztk,High Fit Color Corrector Pen C01# (03#) Orange Concealer - 5g,,,,,,,,,,none,,,,
6973795915313,aztk,High Fit Color Corrector Pen GY01# Coconut Grey - 4.6g,,,,,,,,,,none,,,,
6973795917669,aztk,High Fit Color Corrector Pen L01# Creamy White - 5g,,,,,,,,,,none,,,,
6973795917676,aztk,High Fit Color Corrector Pen L02# Cherry Blossom Pink - 5g,,,,,,,,,,none,,,,
6973795916778,aztk,Skin-Fit Essence Tinted Cream NA01# Tan - 35ml,,,,,,,,,,none,,,,
6973795916792,aztk,Skin-Fit Essence Tinted Cream OC01# Ivory - 30ml,,,,,,,,,,none,,,,
8809735510127,b:lab,Matcha Hydrating Foam Cleanser,12.05,https://sg.iherb.com/pr/b-lab-perfect-balance-matcha-hydrating-foam-cleanser-4-1-fl-oz-120-ml/131342,2026-08-11,1.0,,,,,,iherb,1.0,12.05,2026-08-11,
8809735510479,b:lab,Matcha Airyfit Sun Stick,15.29,https://sg.iherb.com/pr/b-lab-perfect-balance-matcha-airyfit-sun-stick-spf-50-pa-0-52-oz-15-g/155665,2026-08-11,1.0,,,,,,iherb,1.0,15.29,2026-08-11,
8809524370093,baren,baren - Foot Exfoliant Softener At-Home Kit (mist 100ml + foot file),,,,,,,,,,none,,,,
8809899460023,baren,baren - Foot Exfoliant Softener 100ml,,,,,,,,,,none,,,,
8809980444512,baren,baren - Shea Butter Sleeping Heel Patch 6 pcs,,,,,,,,,,none,,,,
8809928119403,baren,baren - Centella Deep Soothing Ritual Foot Mask 1 pair,,,,,,,,,,none,,,,
8809980442150,baren,baren - Apple Cider Vinegar Foot Shampoo 400ml,,,,,,,,,,none,,,,
8809524370208,baren,baren - Silky Finish Hydrating Foot Balm 40ml,,,,,,,,,,none,,,,
8809980448923,baren,baren - Sheabutter FGF Foot Cream 105ml,,,,,,,,,,none,,,,
8809953160081,beaund,Nmode Pro,,,,,,,,,,none,,,,
8809953160074,beaund,Slenway,,,,,,,,,,none,,,,
8809953160258,beaund,Eye Rejuv,,,,,,,,,,none,,,,
8809953160463,beaund,Booster Gel 120ml,,,,,,,,,,none,,,,
8809953160340,beaund,Lift Head Spa,,,,,,,,,,none,,,,
8801051454369,belif,Numero 10 Essence 75ml,32.51,https://sg.iherb.com/pr/belif-numero-10-essence-2-53-fl-oz-75-ml/141310,2026-08-11,1.0,,,,,,iherb,1.0,32.51,2026-08-11,
8809949520110,belif,Aqua Bomb Frozen Toner 300ml,,,,,,,,,,none,,,,
8809949520097,belif,Aqua Bomb Frozen Cream 50ml,,,,,,,,,,none,,,,
8809623940678,beplain,Mung Bean Cleansing Oil Jumbo,30.53,https://sg.iherb.com/pr/beplain-mung-bean-cleansing-oil-6-76-fl-oz-200-ml/121189,2026-08-11,1.0,,,,,,iherb,1.0,30.53,2026-08-11,
8809623940050,beplain,Mung Bean Ph-balanced Cleansing Foam 80ml,17.68,https://sg.iherb.com/pr/beplain-mung-bean-ph-balanced-cleansing-foam-2-7-fl-oz-80-ml/140283,2026-08-11,1.0,,,,,,iherb,1.0,17.68,2026-08-11,
8809623942214,beplain,Mung Bean Milk Peeling Gel 120ml,32.10,https://sg.iherb.com/pr/beplain-mung-bean-milk-peeling-gel-4-05-fl-oz-120-ml/132890,2026-08-11,1.0,,,,,,iherb,1.0,32.10,2026-08-11,
8809623942917,beplain,Mung Bean Pore Tight-up Serum 30ml,20.74,https://sg.iherb.com/pr/beplain-mung-bean-pore-tight-up-serum-1-01-fl-oz-30-ml/155921,2026-08-11,1.0,,,,,,iherb,1.0,20.74,2026-08-11,
8809623943631,beplain,Mung Bean Pore Tight-up Soothing Cream 60ml,30.98,https://sg.iherb.com/pr/beplain-mung-bean-pore-tight-up-soothing-cream-2-02-fl-oz-60-ml/149841,2026-08-11,1.0,,,,,,iherb,1.0,30.98,2026-08-11,
8809623944201,beplain,Mung Bean Cooling Moisture Sunscreen 50ml,,,,,,,,,,none,,,,
8809623941477,beplain,Mung Bean Pore Clay Mask 120ml,26.45,https://sg.iherb.com/pr/beplain-mung-bean-pore-clay-beauty-mask-4-05-fl-oz-120-ml/121403,2026-08-11,1.0,,,,,,iherb,1.0,26.45,2026-08-11,
8809623940005,beplain,Cicaful Ampoule 30ml,26.19,https://sg.iherb.com/pr/beplain-cicaful-ampoule-1-01-fl-oz-30-ml/106260,2026-08-11,1.0,,,,,,iherb,1.0,26.19,2026-08-11,
8809623942764,beplain,Sunmuse Tone Up & Correcting Matte Sunscreen 50ml,,,,,,,,,,none,,,,
8809623945079,beplain,B5 Hydrating Ampoule Mask Set 10 Sheets 24ml x 10,,,,,,,,,,none,,,,
8809623944089,beplain,Mung Bean Cooling & Slim Face Mask Set 20ml x 10,,,,,,,,,,none,,,,
8809623941514,beplain,Mung Bean Ph-balanced Cleansing Foam Mini 40ml,,,,,,,,,,none,,,,
8809623944614,beplain,Mung Bean Pore Clearing Filter Pad Mini 10,,,,,,,,,,none,,,,
8809623940340,beplain,Cicaful Calming Mask,,,,,,,,,,none,,,,
8801051459562,beyond,BEYOND - Total Recovery Creamy Body Wash 500ml,,,,,,,,,,none,,,,
8801051459586,beyond,BEYOND - Total Recovery Intense Body Emulsion 500ml,,,,,,,,,,none,,,,
8809949497955,beyond,BEYOND - Vital Glow Body Wash 500ml,,,,,,,,,,none,,,,
8809949497979,beyond,BEYOND - Vital Glow Body Emulsion 500ml,,,,,,,,,,none,,,,
8809949497993,beyond,BEYOND - Vital Glow Salt Body Scrub 500ml,,,,,,,,,,none,,,,
8801051106640,beyond,BEYOND - Deep Moisture Creamy Sugar Body Scrub 500g,,,,,,,,,,none,,,,
4901301413123,biore,Biore Cooling Body Mist 120ml,,,,,,,,,,none,,,,
4898888714241,biore,Biore UV Aqua Rich Watery Essence Sunscreen SPF 50+ PA++++ 70g,,,,,,,,,,none,,,,
4898888714203,biore,Biore UV Athlizm Protect Mist SPF 50+ PA++++ 70ml,,,,,,,,,,none,,,,
4901301421463,biore,Biore Cooling Sheets Unscented 92cm - 3 pcs,,,,,,,,,,none,,,,
4901301348418,biore,Biore Cold Body Wipes Fragrance Free - 20 pcs,,,,,,,,,,none,,,,
8809487042440,bouquet garni,Treatment - white must,,,,,,,,,,none,,,,
8809487042976,bouquet garni,Hair Serum - baby powder 100ml,,,,,,,,,,none,,,,
8809487042990,bouquet garni,Hair Serum - clean soap 100ml,,,,,,,,,,none,,,,
8809487042983,bouquet garni,Hair Serum - white musk 100ml,,,,,,,,,,none,,,,
8809487042433,bouquet garni,Shampoo - white musk 500ml,,,,,,,,,,none,,,,
8809487042556,bouquet garni,Shampoo - cherry blossom 500ml,,,,,,,,,,none,,,,
8809487042594,bouquet garni,Treatment - cherry blossom,,,,,,,,,,none,,,,
8809981361634,bouquet garni,Niche Perfume Hand Cream #001,,,,,13.99,https://shopee.sg/-Bouquet-Garni-Niche-Perfume-Hand-Cream-50ml-i.566561193.28883644681?extraParams=%7B%22display_model_id%22%3A208431796304%2C%22model_selection_logic%22%3A3%7D,Bouquet Garni Niche Perfume Hand Cream 50ml,2026-08-01,0.667,shopee,0.667,13.99,2026-08-01,
8809981361641,bouquet garni,Niche Perfume Hand Cream #026,,,,,13.99,https://shopee.sg/-Bouquet-Garni-Niche-Perfume-Hand-Cream-50ml-i.566561193.28883644681?extraParams=%7B%22display_model_id%22%3A208431796304%2C%22model_selection_logic%22%3A3%7D,Bouquet Garni Niche Perfume Hand Cream 50ml,2026-08-01,0.667,shopee,0.667,13.99,2026-08-01,
8809851345634,bouquet garni,BOUQUET GARNI - Moisture Body Oil White Musk 300g,,,,,,,,,,none,,,,
8809813190364,brmud,BRMUD - Relief Mud Gua Sha Mud Bar Soap 100g,,,,,,,,,,none,,,,
8809813190784,brmud,Relief Mud Mask Jumbo 200ml,,,,,,,,,,none,,,,
8809990379736,brmud,BRMUD Relief Mud Scrub Daily Wash 500ml,,,,,,,,,,none,,,,
8809813190715,brmud,BRMUD Relief Mud Bubble Bath Powder 50g,,,,,,,,,,none,,,,
8809813190326,brmud,BRMUD Relief Mud Secret Body Scrub 180g,,,,,,,,,,none,,,,
4901008314044,canmake,Plump Lip Care Scrub- clear,,,,,,,,,,none,,,,
8809777421924,cathydoll,Aqua Sun Body Sun Serum SPF 50+ PA++++ 140ml - cool up,,,,,,,,,,none,,,,
8858842017562,cathydoll,Intensive UV Lip Serum SPF 50+ PA++++ - peach,,,,,,,,,,none,,,,
8809971484503,celimax,Pore + Dark Spot Brightening cream 35ml,,,,,21.23,https://shopee.sg/Celimax-Pore-Dark-Spot-Brightening-Cream-Mask-4pcs-i.1629872719.54604637909?extraParams=%7B%22display_model_id%22%3A287332682379%2C%22model_selection_logic%22%3A3%7D,Celimax Pore Dark Spot Brightening Cream Mask 4pcs,2026-08-01,0.625,shopee,0.625,21.23,2026-08-01,
8809750465235,celimax,Pore+ Dark Spot Brightening Serum Mask Set (x10) (Bulk Box) 27ml,,,,,,,,,,none,,,,
8809875907412,celimax,Pore + Dark Spot Brightening Serum (x24) (Bulk Box) 30ml x 24,27.03,https://sg.iherb.com/pr/celimax-pore-dark-spot-brightening-serum-1-01-fl-oz-30-ml/131354,2026-08-11,1.0,,,,,,iherb,1.0,27.03,2026-08-11,
8809743546323,celimax,Pore + Dark Spot Brightening Pad (x30) (Bulk Box) 40 pads,22.07,https://sg.iherb.com/pr/celimax-pore-dark-spot-brightening-pad-40-pads-3-38-fl-oz-100-ml/131353,2026-08-11,1.0,,,,,,iherb,1.0,22.07,2026-08-11,
8809700320805,celimax,The Vita-A Retinol Shot Tightening Serum (x15) (Bulk Box) 30ml,21.58,https://sg.iherb.com/pr/celimax-retinol-shot-tightening-serum-1-01-fl-oz-30-ml/150393,2026-08-11,1.0,,,,,,iherb,1.0,21.58,2026-08-11,
8809700320812,celimax,The Vita-A Retinal Shot Tightening Booster (x30) (Bulk Box) 15ml,22.67,https://sg.iherb.com/pr/celimax-retinal-shot-tightening-booster-0-5-fl-oz-15-ml/150749,2026-08-11,1.0,,,,,,iherb,1.0,22.67,2026-08-11,
8809700321826,celimax,The Vita-A Retinal Shot Tightening 2-Step Gel Mask Set (x20) (Bulk Box) 39.5g x 4 sheets,,,,,,,,,,none,,,,
8809971489911,celimax,Oil Control Mattifying Sun Stick,,,,,,,,,,none,,,,
8800296556425,celimax,JIWOOGAE Cica Cool-Calming Gel Mask (x90) (Bulk Box) 34g,,,,,,,,,,none,,,,
8809463992707,celimax,Celimax JIWOOGAE One Step Body Brightening Pad (x24) (Bulk Box) 60 pcs x 24,,,,,,,,,,none,,,,
8809463992738,celimax,Celimax Ji Woo Gae Heartleaf BHA Body Mist (x32) (Bulk Box) 150ml x 32,,,,,,,,,,none,,,,
8809541379468,celimax,The Real Noni Acne Bubble Cleanse,25.17,https://sg.iherb.com/pr/celimax-noni-acne-cleanser-5-24-fl-oz-155-ml/156755,2026-08-11,1.0,16.00,https://shopee.sg/Celimax-The-Real-Noni-Acne-Bubble-Cleanser-155mL-i.1629872719.40069687451?extraParams=%7B%22display_model_id%22%3A296608562155%2C%22model_selection_logic%22%3A3%7D,Celimax The Real Noni Acne Bubble Cleanser 155mL,2026-08-01,0.625,iherb,1.0,25.17,2026-08-11,
8809086208131,cell fusion c,First Cooling Mask Set 27g x 5 sheets,17.60,https://sg.iherb.com/pr/cell-fusion-c-first-cooling-beauty-mask-5-sheets-0-95-oz-27-g-each/149530,2026-08-11,1.0,,,,,,iherb,1.0,17.60,2026-08-11,
8809694622558,cell fusion c,Cica Cooling Mask Set 27g x 5 sheets,13.19,https://sg.iherb.com/pr/cell-fusion-c-cica-cooling-beauty-mask-5-sheets-0-95-oz-27-g/149529,2026-08-11,1.0,,,,,,iherb,1.0,13.19,2026-08-11,
8809694623319,cell fusion c,Cooling Pad 70 pads,26.87,https://sg.iherb.com/pr/cell-fusion-c-cooling-pad-70-pads-6-08-fl-oz-180-ml/149527,2026-08-11,1.0,,,,,,iherb,1.0,26.87,2026-08-11,
8809694627362,cell fusion c,Cooling Gel Cream 50ml,,,,,,,,,,none,,,,
8800353360484,cell fusion c,Water Fit Cooling Sun Stick 20g,,,,,,,,,,none,,,,
8809694625627,cell fusion c,Cica Cooling Pad 70 pads,,,,,,,,,,none,,,,
8809694627133,cell fusion c,Cooling Skin Booster Serum 150ml,,,,,,,,,,none,,,,
8800353360002,cell fusion c,Cooling Peptide Ampoule 30ml,,,,,,,,,,none,,,,
8809694621278,cell fusion c,Low pH pHarrier Cleansing Water 500ml,,,,,,,,,,none,,,,
8809694625450,cell fusion c,Glass Skin Tone Up Cream 50ml,,,,,,,,,,none,,,,
8809694620011,cell fusion c,Laser Rejuvenation Cream 50ml,,,,,,,,,,none,,,,
8809517477846,cell fusion c,AC Deep Blemish Calming Cream 60ml,,,,,,,,,,none,,,,
8809694625030,cell fusion c,Laser UV Sunscreen 50ml,,,,,,,,,,none,,,,
8809694628116,cell fusion c,Aquatica Sun Spray 100ml,,,,,,,,,,none,,,,
8809694627232,cell fusion c,Aquatica Cooling Sunscreen 50ml,,,,,,,,,,none,,,,
8809694628659,cell fusion c,Skin Blemish Balm Intensive-#21 Natural Light,,,,,,,,,,none,,,,
8809694628666,cell fusion c,Skin Blemish Balm Intensive-#23 Signature Beige,,,,,,,,,,none,,,,
8809917321978,chasin' rabbits,All About Glow Cover Cushion #warm natural,,,,,,,,,,none,,,,
8809917321596,chasin' rabbits,All About Glow Tone Up Cream Plus 2026 Ver 50ml,,,,,,,,,,none,,,,
8809917322074,chasin' rabbits,All About Glow Tone Up Sun 70ml,,,,,,,,,,none,,,,
8805915717713,ckd,Retino Collagen Small Molecule 300 Pore & Elasticity Mask Set 5sheets,,,,,,,,,,none,,,,
8800290368031,clio,Kill Cover Founwear Cushion Set #19C Light,,,,,,,,,,none,,,,
8800290368024,clio,Kill Cover Founwear Cushion Set #19N Porcelain,,,,,,,,,,none,,,,
8800290368062,clio,Kill Cover Founwear Cushion Set #21C Lingerie,,,,,,,,,,none,,,,
8800290368055,clio,Kill Cover Founwear Cushion Set #21N Linen,,,,,,,,,,none,,,,
8800290368048,clio,Kill Cover Founwear Cushion Set #23N Ginger,,,,,,,,,,none,,,,
8800290369748,clio,Kill Cover Founwear Cushion Puff 1 pc,,,,,,,,,,none,,,,
8809598299719,clio,Kill Lash Superproof Mascara #01 Long Curling,24.37,https://sg.iherb.com/pr/clio-kill-lash-superproof-mascara-01-long-curling-0-24-oz-7-g/109180,2026-08-11,1.0,,,,,,iherb,1.0,24.37,2026-08-11,
8809598299726,clio,Kill Lash Superproof Mascara #02 Volume Curling,23.68,https://sg.iherb.com/pr/clio-kill-lash-superproof-mascara-02-volume-curling-0-24-oz-7-g/109179,2026-08-11,1.0,,,,,,iherb,1.0,23.68,2026-08-11,
8800255681250,clio,Sharp So Simple Waterproof Pencil Liner #01 Black,,,,,,,,,,none,,,,
8800255684749,clio,Sharp So Simple Waterproof Pencil Liner #03 Black Brown,,,,,,,,,,none,,,,
8800255681274,clio,Sharp So Simple Waterproof Pencil Liner #04 Dark Brown,15.60,https://sg.iherb.com/pr/clio-sharp-so-simple-waterproof-pencil-liner-04-dark-brown-0-004-oz-0-14-g/150293,2026-08-11,1.0,,,,,,iherb,1.0,15.60,2026-08-11,
8809937599869,clio,Sharp So Simple Waterproof Pencil Liner #06 Vanilla Beige,,,,,,,,,,none,,,,
8809937599876,clio,Sharp So Simple Waterproof Pencil Liner #07 Creamy Ivory,,,,,,,,,,none,,,,
8800290365573,clio,Kill Cover Mesh Blur Cushion Set #19C Light,,,,,,,,,,none,,,,
8800290365580,clio,Kill Cover Mesh Blur Cushion Set #19N Porcelain,,,,,,,,,,none,,,,
8800290365542,clio,Kill Cover Mesh Blur Cushion Set #21C Lingerie,,,,,,,,,,none,,,,
8800290365559,clio,Kill Cover Mesh Blur Cushion Set #21N Linen,,,,,,,,,,none,,,,
8800290365566,clio,Kill Cover Mesh Blur Cushion Set #23N Ginger,,,,,,,,,,none,,,,
8809544394512,clio,Kill Cover Airy-Fit Concealer #1.5-BP Fair,,,,,,,,,,none,,,,
8809544394529,clio,Kill Cover Airy-Fit Concealer #2-BP Lingerie,,,,,,,,,,none,,,,
8809544394536,clio,Kill Cover Airy-Fit Concealer #2.5-BY Ivory,,,,,,,,,,none,,,,
8809544394543,clio,Kill Cover Airy-Fit Concealer #3-BY Linen,,,,,,,,,,none,,,,
8809544394550,clio,Kill Cover Airy-Fit Concealer #3.5-BO Vanila,,,,,,,,,,none,,,,
8809544394567,clio,Kill Cover Airy-Fit Concealer #4-BO Ginger,,,,,,,,,,none,,,,
8800255680109,clio,Prism Highlighter 2025 Ver - #01 Gold Sheer,,,,,,,,,,none,,,,
8800255680116,clio,Prism Highlighter 2025 Ver - #02 Fairy Pink,,,,,,,,,,none,,,,
8800255680123,clio,Prism Highlighter 2025 Ver - #03 Frozen Crystal,,,,,,,,,,none,,,,
8800255680154,clio,Prism Highlighter 2025 Ver - #06 Violet Ruby,,,,,,,,,,none,,,,
8809751115542,clio,Prism Highlighter Duo #01 Cream Fizz,,,,,,,,,,none,,,,
8809751115559,clio,Prism Highlighter Duo #02 Lavender Voyage,,,,,,,,,,none,,,,
8800290367201,clio,Velvet Lip Pencil Set #09 Mocha Rose,,,,,,,,,,none,,,,
8800290367195,clio,Velvet Lip Pencil Set #10 Cozy Nude,,,,,,,,,,none,,,,
8800290367188,clio,Velvet Lip Pencil Set #11 Peach Cream,,,,,,,,,,none,,,,
8800290367171,clio,Velvet Lip Pencil Set #12 Blush Pink,,,,,,,,,,none,,,,
8809937590682,clio,Velvet Lip Pencil Set #02 Peach Beige,,,,,,,,,,none,,,,
8809900987501,clio,Crystal Glam Tint #01 Vintage Apple,16.62,https://sg.iherb.com/pr/clio-crystal-glam-tint-01-vintage-apple-0-11-oz-3-4-g/150308,2026-08-11,1.0,,,,,,iherb,1.0,16.62,2026-08-11,
8809900987525,clio,Crystal Glam Tint #03 Blushed Peach,13.92,https://sg.iherb.com/pr/clio-crystal-glam-tint-03-blushed-peach-0-11-oz-3-4-g/150309,2026-08-11,1.0,,,,,,iherb,1.0,13.92,2026-08-11,
8809900987532,clio,Crystal Glam Tint #04 Pale Plum,,,,,,,,,,none,,,,
8809900987549,clio,Crystal Glam Tint #05 Fresh Cherry,13.92,https://sg.iherb.com/pr/clio-crystal-glam-tint-05-fresh-cherry-0-11-oz-3-4-g/150288,2026-08-11,1.0,,,,,,iherb,1.0,13.92,2026-08-11,
8809900987556,clio,Crystal Glam Tint #06 Daily Mauve,13.95,https://sg.iherb.com/pr/clio-crystal-glam-tint-06-daily-mauve-0-11-oz-3-4-g/150294,2026-08-11,1.0,,,,,,iherb,1.0,13.95,2026-08-11,
8809900987570,clio,Crystal Glam Tint #08 Gentle Cinnamon,,,,,,,,,,none,,,,
8809949488045,cnp,AFTER-RAY Cooling Sunquid,,,,,,,,,,none,,,,
8809949487901,cnp,AFTER-RAY Watery Tone Up Sun,,,,,,,,,,none,,,,
8801051256697,code,Fix-On Primer In Pact #23 Natural,,,,,,,,,,none,,,,
8801051256703,code,Oil Cut Pact 8g,,,,,,,,,,none,,,,
8801051256710,code,Oil Cut Powder 6g,,,,,,,,,,none,,,,
8801051012484,code,Oil Cut Pink Beam Pact 8g,,,,,,,,,,none,,,,
8809556380893,coringco,Peach Whipping Tone Up Cream 50ml,,,,,,,,,,none,,,,
8809556384761,coringco,Jelly Curl Self Eyelash Perm Kit 1 set,,,,,,,,,,none,,,,
8809556381814,coringco,Pink Tweezer 1 pc,,,,,,,,,,none,,,,
8809556381760,coringco,Stainless Eyelash Tweezer 1 pc,,,,,,,,,,none,,,,
8809556383276,coringco,Toktok-Hara Pro Fit Tweezer 1 pc,,,,,,,,,,none,,,,
8809556383238,coringco,Toktok-Hara No Glue Eyelash #05 Filter,,,,,,,,,,none,,,,
8809556383450,coringco,Toktok-Hara No Glue Eyelash #06 Bold,,,,,,,,,,none,,,,
8809556383429,coringco,Toktok-Hara No Glue Eyelash #07 Muse,,,,,,,,,,none,,,,
8809556383443,coringco,Toktok-Hara No Glue Eyelash #08 Blossom,,,,,,,,,,none,,,,
8809556384259,coringco,Toktok-Hara No Glue Eyelash #12 Cats,,,,,,,,,,none,,,,
8809556384242,coringco,Toktok-Hara No Glue Eyelash #13 Maple,,,,,,,,,,none,,,,
8809556384136,coringco,Toktok-Hara No Glue Eyelash #14 Under Pop,,,,,,,,,,none,,,,
8809556384754,coringco,Toktok-Hara No Glue Eyelash #15 Under Chou,,,,,,,,,,none,,,,
8809556383634,coringco,Toktok-Hara No Glue Eyelash 2025 Version - #01 Cherry Coke,,,,,,,,,,none,,,,
8809556384112,coringco,Toktok-Hara No Glue Eyelash 2025 Version - #02 Pure,,,,,,,,,,none,,,,
8809416470559,cosrx,Oil Free Ultra Moisturizing Lotion with Birch Sap 100ml,26.53,https://sg.iherb.com/pr/cosrx-oil-free-ultra-moisturizing-lotion-with-birch-sap-3-38-fl-oz-100-ml/71622,2026-08-11,1.0,13.42,https://shopee.sg/-COSRX-100ml-Oil-free-Ultra-Moisturizing-Lotion-100ml-Birch-Sap-70.85-Hydrating-Moisturizing-moisturiser-i.116704504.1990610624?extraParams=%7B%22display_model_id%22%3A41877953770%2C%22model_selection_logic%22%3A3%7D,COSRX 100ml Oil free Ultra Moisturizing Lotion 100ml Birch Sap 70.85 Hydrating Moisturizing moisturiser,2026-08-01,0.615,iherb,1.0,26.53,2026-08-11,
8809598453302,cosrx,Poreless Clarifying Charcoal Mask Pink,,,,,,,,,,none,,,,
8809416470016,cosrx,Advanced Snail 92 All In One Cream 100g,25.95,https://sg.iherb.com/pr/cosrx-advanced-snail-92-all-in-one-cream-3-52-oz-100-g/70197,2026-08-11,1.0,,,,,,iherb,1.0,25.95,2026-08-11,
8809598456983,cosrx,The Peptide Collagen Hydrogel Eye Patch,35.21,https://sg.iherb.com/pr/cosrx-peptide-collagen-hydrogel-eye-patch-60-patches-2-99-oz-85-g/156782,2026-08-11,1.0,,,,,,iherb,1.0,35.21,2026-08-11,
8809416470511,cosrx,Low pH Good Morning Gel Cleanser 150ml,14.85,https://sg.iherb.com/pr/cosrx-low-ph-good-morning-gel-cleanser-5-07-fl-oz-150-ml/73954,2026-08-11,1.0,,,,,,iherb,1.0,14.85,2026-08-11,
8809416471112,cosrx,Salicylic Acid Daily Gentle Cleanser 150ml,,,,,,,,,,none,,,,
8809598454880,cosrx,The Alpha-Arbutin 2 Discoloration Care Serum 50ml,36.60,https://sg.iherb.com/pr/cosrx-the-alpha-arbutin-2-discolor-care-serum-1-69-fl-oz-50-ml/149899,2026-08-11,1.0,,,,,,iherb,1.0,36.60,2026-08-11,
8809598456242,cosrx,Ultra Light Invisible Sunscreen 50ml,,,,,,,,,,none,,,,
8809416470191,cosrx,Aloe Soothing Sun Cream 50ml,,,,,,,,,,none,,,,
8809598450622,cosrx,Hydrium Green Tea Aqua Soothing Gel Cream 50ml,37.10,https://sg.iherb.com/pr/cosrx-hydrium-green-tea-aqua-soothing-gel-cream-1-69-fl-oz-50-ml/101436,2026-08-11,1.0,,,,,,iherb,1.0,37.10,2026-08-11,
8809598450561,cosrx,AC Collection Blemish Spot Clearing Serum 40ml,,,,,,,,,,none,,,,
8809598457355,cosrx,Peptide 132 Ultra Perfect Hair Bonding Oil Serum 28ml,,https://sg.iherb.com/pr/cosrx-patented-peptide-132-ultra-perfect-hair-bonding-oil-serum-for-all-hair-types-0-94-fl-oz-28-ml/154298,2026-08-11,1.0,,https://shopee.sg/-COSRX-OFFICIAL-PEPTIDE-132-Bonding-Oil-Serum-28ml-Ultra-Perfect-Hair-Bonding-Oil-Serum-Hair-Gloss-Hair-Essence-i.116704504.24596167195?extraParams=%7B%22display_model_id%22%3A39926654490%2C%22model_selection_logic%22%3A3%7D,COSRX OFFICIAL PEPTIDE 132 Bonding Oil Serum 28ml Ultra Perfect Hair Bonding Oil Serum Hair Gloss Hair Essence,2026-07-28,0.75,iherb,1.0,,2026-08-11,
8809416470030,cosrx,AHA/BHA Clarifying Treatment Toner 150ml,17.86,https://sg.iherb.com/pr/cosrx-aha-bha-clarifying-treatment-toner-5-07-fl-oz-150-ml/73953,2026-08-11,1.0,,,,,,iherb,1.0,17.86,2026-08-11,
8809416470047,cosrx,AHA 7 Whitehead Power Liquid 100ml,22.20,https://sg.iherb.com/pr/cosrx-aha-7-whitehead-power-liquid-3-38-fl-oz-100-ml/70193,2026-08-11,1.0,,,,,,iherb,1.0,22.20,2026-08-11,
8809416470054,cosrx,BHA Blackhead Power Liquid 100ml,25.63,https://sg.iherb.com/pr/cosrx-bha-blackhead-power-liquid-3-38-fl-oz-100-ml/70192,2026-08-11,1.0,,,,,,iherb,1.0,25.63,2026-08-11,
8800311121591,cosrx,One Step Original Blemish Pore Clear Pad,,,,,,,,,,none,,,,
8809416470245,cosrx,Acne Pimple Master Patch 1 sheet,4.94,https://sg.iherb.com/pr/cosrx-acne-pimple-master-patch-24-patches/69968,2026-08-11,1.0,,,,,,iherb,1.0,4.94,2026-08-11,
8809598452350,cosrx,Advanced Snail Mucin Gel Cleanser 150ml,31.49,https://sg.iherb.com/pr/cosrx-advanced-snail-mucin-gel-cleanser-5-07-fl-oz-150-ml/107018,2026-08-11,1.0,,,,,,iherb,1.0,31.49,2026-08-11,
8809416470009,cosrx,Advanced Snail 96 Mucin Power Essence 100ml,22.89,https://sg.iherb.com/pr/cosrx-advanced-snail-96-mucin-power-essence-3-38-fl-oz-100-ml/77208,2026-08-11,1.0,,https://shopee.sg/-COSRX-OFFICIAL-Advanced-Snail-96-Mucin-Power-Essence-100ml-i.116704504.41370895930?extraParams=%7B%22display_model_id%22%3A271703496862%2C%22model_selection_logic%22%3A3%7D,COSRX OFFICIAL Advanced Snail 96 Mucin Power Essence 100ml,2026-08-01,0.875,iherb,1.0,22.89,2026-08-11,
8809598451070,cosrx,Advanced Snail Peptide Eye Cream 25ml,39.83,https://sg.iherb.com/pr/cosrx-advanced-snail-peptide-eye-cream-0-84-fl-oz-25-ml/99255,2026-08-11,1.0,,,,,,iherb,1.0,39.83,2026-08-11,
8809598455658,cosrx,The 6 Peptide Skin Booster,39.37,https://sg.iherb.com/pr/cosrx-the-6-peptide-skin-booster-serum-5-07-fl-oz-150-ml/131351,2026-08-11,1.0,,,,,,iherb,1.0,39.37,2026-08-11,
8800311121911,cosrx,The Vitamin C 13 Serum 20ml,,,,,,,,,,none,,,,
8809598454637,cosrx,The Niacinamide 15 Serum 20ml,,,,,,,,,,none,,,,
8809598454668,cosrx,The Hyaluronic Acid 3 Serum 20ml,34.48,https://sg.iherb.com/pr/cosrx-the-hyaluronic-acid-3-serum-0-67-fl-oz-20-ml/115264,2026-08-11,1.0,,https://shopee.sg/-COSRX-OFFICIAL-The-Hyaluronic-Acid-3-Serum-(20ml)-Hyaluronic-acid-3-Soothing-Booster-i.116704504.18502590260?extraParams=%7B%22display_model_id%22%3A190146708768%2C%22model_selection_logic%22%3A3%7D,COSRX OFFICIAL The Hyaluronic Acid 3 Serum (20ml) Hyaluronic acid 3 Soothing Booster,2026-08-01,0.625,iherb,1.0,34.48,2026-08-11,
8809598451926,cosrx,Hydrium Triple Hyaluronic Moisturizing Cleanser 150ml,23.90,https://sg.iherb.com/pr/cosrx-triple-hyaluronic-moisturizing-cleanser-5-07-fl-oz-150-ml/103745,2026-08-11,1.0,,,,,,iherb,1.0,23.90,2026-08-11,
8809598451896,cosrx,Full Fit Propolis Synergy Toner 150ml,24.47,https://sg.iherb.com/pr/cosrx-propolis-synergy-toner-5-07-fl-oz-150-ml/101445,2026-08-11,1.0,,,,,,iherb,1.0,24.47,2026-08-11,
8809598450820,cosrx,Full Fit Propolis Light Ampoule 30ml,37.83,https://sg.iherb.com/pr/cosrx-propolis-light-ampoule-1-01-fl-oz-30-ml/101434,2026-08-11,1.0,,https://shopee.sg/-COSRX-OFFICIAL-Full-Fit-Propolis-Light-Ampoule-30ml-1.01-fl.oz-i.116704504.14015514235?extraParams=%7B%22display_model_id%22%3A104371591028%2C%22model_selection_logic%22%3A3%7D,COSRX OFFICIAL Full Fit Propolis Light Ampoule 30ml 1.01 fl.oz,2026-08-01,0.6,iherb,1.0,37.83,2026-08-11,
8809598451032,cosrx,Full Fit Propolis Light Cream 65ml,33.89,https://sg.iherb.com/pr/cosrx-full-fit-propolis-light-cream-2-19-fl-oz-65-ml/101446,2026-08-11,1.0,,,,,,iherb,1.0,33.89,2026-08-11,
8800311121416,cosrx,5 PDRN B5 Vital Soothing Toner 280ml,,,,,,,,,,none,,,,
8800311121423,cosrx,5 PDRN Collagen Intense Vitalizing Serum 100ml,,,,,,,,,,none,,,,
8800311121058,cosrx,5 PDRN Collagen Vitalizing Hydrogel Eye Patch 60patches,,,,,,,,,,none,,,,
8809598450547,cosrx,AC Collection Calming Foam Cleanser 150ml,20.90,https://sg.iherb.com/pr/cosrx-ac-collection-calming-foam-cleanser-5-07-fl-oz-150-ml/87210,2026-08-11,1.0,,,,,,iherb,1.0,20.90,2026-08-11,
8809598450158,cosrx,AC Collection Calming Liquid Intensive 125ml,,,,,,,,,,none,,,,
8809598450912,cosrx,AC Collection Lightweight Soothing Moisturizer 80ml,29.37,https://sg.iherb.com/pr/cosrx-ac-collection-lightweight-soothing-moisturizer-2-7-fl-oz-80-ml/105234,2026-08-11,1.0,,,,,,iherb,1.0,29.37,2026-08-11,
8809598450165,cosrx,AC Collection Ultimate Spot Cream 30g,,,,,,,,,,none,,,,
8809598450981,cosrx,AC Collection Acne Patch,,,,,,,,,,none,,,,
8809598453159,cosrx,AC Collection Blemish Care Sheet Mask,,,,,,,,,,none,,,,
8809598453364,cosrx,Low pH Good Night Soft Peeling Gel,24.64,https://sg.iherb.com/pr/cosrx-low-ph-good-night-soft-peeling-gel-4-05-fl-oz-120-ml/110595,2026-08-11,1.0,,,,,,iherb,1.0,24.64,2026-08-11,
8809598457195,cosrx,Airy-Light Invisible Sun Stick,,,,,,,,,,none,,,,
8809598455405,cosrx,Aloe 54.2 Aqua Tone-Up Sunscreen 50ml,,,,,,,,,,none,,,,
8809598452572,cosrx,Advanced Snail Mucin Power Sheet Mask Set 10pcs,,,,,3.86,https://shopee.sg/-COSRX-Advanced-Snail-Mucin-Power-Sheet-Mask-1EA--i.116704504.11551546403?extraParams=%7B%22display_model_id%22%3A77354771201%2C%22model_selection_logic%22%3A3%7D,COSRX Advanced Snail Mucin Power Sheet Mask 1EA,2026-08-01,0.667,shopee,0.667,3.86,2026-08-01,
8809416470726,cosrx,Ultimate Nourishing Rice Overnight Spa Mask,22.01,https://sg.iherb.com/pr/cosrx-ultimate-nourishing-rice-overnight-spa-beauty-mask-2-02-fl-oz-60-ml/78051,2026-08-11,1.0,,,,,,iherb,1.0,22.01,2026-08-11,
8809598457331,cosrx,Peptide 132 Ultra Perfect Hair Bonding Shampoo 200ml,,https://sg.iherb.com/pr/cosrx-peptide-132-ultra-perfect-hair-bonding-shampoo-for-all-hair-types-6-76-fl-oz-200-ml/154297,2026-08-11,1.0,,,,,,iherb,1.0,,2026-08-11,
8809598457348,cosrx,Peptide 132 Ultra Perfect Hair Bonding Treatment 120ml,26.30,https://sg.iherb.com/pr/cosrx-peptide-132-ultra-perfect-hair-bonding-treatment-for-all-hair-types-4-05-fl-oz-120-ml/154299,2026-08-11,1.0,,,,,,iherb,1.0,26.30,2026-08-11,
8809598451766,cosrx,Low pH Good Morning Gel Cleanser Mini,,,,,,https://shopee.sg/-COSRX-OFFICIAL-MINI-Low-pH-Good-Morning-Gel-Cleanser-20ml-50ml-i.116704504.40929481115?extraParams=%7B%22display_model_id%22%3A370680345648%2C%22model_selection_logic%22%3A3%7D,COSRX OFFICIAL MINI Low pH Good Morning Gel Cleanser 20ml 50ml,2026-07-21,0.7,shopee,0.7,,2026-07-21,
8809598453661,cosrx,Salicyclic Acid Daily Gentle Cleanser Mini,,,,,,,,,,none,,,,
8809598453654,cosrx,Advanced Snail Mucin Gel Cleanser Mini,,,,,,,,,,none,,,,
8809447253770,"dear, a",Hydration Pink Tone Up Cream,,,,,,,,,,none,,,,
8809572894466,"dear, klairs",EGF Blue Youth Activating Drop 50ml,,,,,,,,,,none,,,,
8809572895463,"dear, klairs",EGF Blue Calming Toner Pad 60 pads,,,,,,,,,,none,,,,
8809572893018,"dear, klairs",Midnight Blue Clearing Water Cream 50g,22.03,https://sg.iherb.com/pr/dear-klairs-midnight-blue-clearing-water-cream-1-76-oz-50-g/146296,2026-08-11,1.0,,https://shopee.sg/-Klairs-Midnight-Blue-Clearing-Water-Gel-Cream-50g-i.10228730.27356655017?extraParams=%7B%22display_model_id%22%3A207689691364%2C%22model_selection_logic%22%3A3%7D,Klairs Midnight Blue Clearing Water Gel Cream 50g,2026-08-01,0.75,iherb,1.0,22.03,2026-08-11,
8809115023681,"dear, klairs",Midnight Blue Youth Activating Drop 20ml,44.54,https://sg.iherb.com/pr/dear-klairs-midnight-blue-youth-activating-drop-0-67-fl-oz-20-ml/79919,2026-08-11,1.0,,,,,,iherb,1.0,44.54,2026-08-11,
8809572891397,"dear, klairs",All-day Airy Sunscreen 50ml,,,,,13.48,https://shopee.sg/-Klairs-All-Day-Airy-Sunscreen-50ml-i.10228730.17362309406?extraParams=%7B%22display_model_id%22%3A154247679828%2C%22model_selection_logic%22%3A3%7D,Klairs All Day Airy Sunscreen 50ml,2026-07-29,0.833,shopee,0.833,13.48,2026-07-29,
8809572896699,"dear, klairs",Blue Supple Tone Up Sun Essence 50ml,,,,,,,,,,none,,,,
8809572890222,"dear, klairs",Sheet Mask 1pc Midnight Blue Calming 25ml,,,,,,,,,,none,,,,
8809572896842,"dear, klairs",Blue Peptide Gua Sha Multi Balm,,,,,,,,,,none,,,,
4903335102585,dejavu,Fiber Wig Ultra Long Mascara 1 Black,,,,,,,,,,none,,,,
4903335102615,dejavu,Lash Knockout Mascara Extra Volume Black,,,,,,,,,,none,,,,
4903335103018,dejavu,Lash Up Mascara Black,,,,,,,,,,none,,,,
4903335102646,dejavu,Keep Style Mascara Black 1 pc,,,,,,,,,,none,,,,
4903335103537,dejavu,Lasting-Fine Adhesive Eyeliner Short Brush Liquid Black Brown,,,,,,,,,,none,,,,
4903335103513,dejavu,Lasting-Fine Adhesive Eyeliner Short Brush Liquid Deep Black,,,,,,,,,,none,,,,
4903335111488,dejavu,Lasting-Fine Cream Pencil Dark Brown,,,,,,,,,,none,,,,
4903335111471,dejavu,Lasting-Fine Cream Pencil Real Black,,,,,,,,,,none,,,,
8809911696225,derma:b,Derma: B - Urea Foot Cream 80ml,,,,,,,,,,none,,,,
8809911696065,derma:b,Derma: B - DeoFresh Foot Shampoo #Cool Lime 477g,,,,,,,,,,none,,,,
8809911696485,derma:b,Derma: B - Mild Balancing Feminine Foam 150ml,,,,,,,,,,none,,,,
8809048415386,derma:b,Daily Moisture Body Oil - fresh peach,20.77,https://sg.iherb.com/pr/derma-b-daily-moisture-body-oil-fresh-peach-6-7-fl-oz-200-ml/95323,2026-08-11,1.0,,,,,,iherb,1.0,20.77,2026-08-11,
8809723781850,derma:b,Derma: B - CeraMD Repair Lotion 400ml,23.64,https://sg.iherb.com/pr/derma-b-ceramd-repair-lotion-13-5-fl-oz-400-ml/121674,2026-08-11,1.0,,,,,,iherb,1.0,23.64,2026-08-11,
8809723781867,derma:b,Derma: B - CeraMD Repair Cream 430ml,26.80,https://sg.iherb.com/pr/derma-b-ceramd-repair-cream-14-5-fl-oz-430-ml/121673,2026-08-11,1.0,,,,,,iherb,1.0,26.80,2026-08-11,
8809911693767,derma:b,Derma: B - Daily Moisture Body Wash #juicy mandarine 1119g,,,,,,,,,,none,,,,
8809048416444,derma:b,Derma: B - Daily Moisture Body Lotion 400ml,,,,,,,,,,none,,,,
8809911696133,derma:b,Derma: B - DeoFresh Cool Sheet Set 5 sheets,,,,,,,,,,none,,,,
8809911690568,derma:b,Derma: B - AC Control Body Mist 200ml,,,,,,,,,,none,,,,
6951286461129,derol,DEROL - Magic Hands Quick-drying Hairline Brush -#02 dark brown,,,,,,,,,,none,,,,
6951286460900,derol,DEROL - Hair Finishing Stick,,,,,,,,,,none,,,,
8809517476177,dewytree,AC Deep Calming Pore Pad 60 pads,,,,,,,,,,none,,,,
8809517477914,dewytree,AC Deep Moisture Barrier Calming Ampoule 60ml,,,,,,,,,,none,,,,
8809517477921,dewytree,AC Deep Moisture Barrier Calming Cream 60ml,,,,,,,,,,none,,,,
8809517477129,dewytree,AC Deep Calming Calamine Powder 2026 ver - 21g,,,,,,,,,,none,,,,
8809517477143,dewytree,AC Control Deep Green Calming Clay Gel Pore Pack 100ml,,,,,,,,,,none,,,,
8809517477785,dewytree,AC Deep Calming Mask Set 27g (1개로 나누기),,,,,,,,,,none,,,,
8809517473237,dewytree,Pick And Quick Calming Full Mask 30 pcs,,,,,,,,,,none,,,,
8809517476429,dewytree,Urban Shade Anti Pollution Sun 50ml,,,,,,,,,,none,,,,
8809517476481,dewytree,Urban Shade Cool Calming Sun Stick 2026 ver - 20g,,,,,,,,,,none,,,,
8809517478072,dewytree,Urban Shade Hyaluronic Lightweight Sunscreen 50ml,,,,,,,,,,none,,,,
8809517477990,dewytree,Tone Up Shade Green Tone Up Sun 40ml,,,,,,,,,,none,,,,
8809517477471,dewytree,Urban Shade Bule Tone Up Sun 40g,,,,,,,,,,none,,,,
8809517476498,dewytree,Urban Shade Cover & Fit Sun Cushion 2026 ver - 14g,,,,,,,,,,none,,,,
8809517477792,dewytree,AC Deep Blemish Calming Mask Set 27g x 10 sheets,,,,,,,,,,none,,,,
8809517478164,dewytree,AC Deep Pore Collagen Gel Mask Set 31g x 4 sheets,,,,,,,,,,none,,,,
4560119224736,diane,Diane - Moist Diane Extra Fresh & Hydrate Shampoo 450ml,,,,,,,,,,none,,,,
4560119224743,diane,Diane - Moist Diane Extra Fresh & Hydrate Treatment 450ml,,,,,,,,,,none,,,,
4580632118770,diane,Diane -  Diane Perfect Beauty Deep Night Moist Shampoo 450ml,,,,,,,,,,none,,,,
4580632118787,diane,Diane -  Diane Perfect Beauty Deep Night Moist Treatment 450ml,,,,,,,,,,none,,,,
8806133614860,dr. ceuracle,5 Alpha Control No Sebum Sun Lotion 50ml,,,,,,,,,,none,,,,
8806133615676,dr. ceuracle,Tea Tree Purifine Green Up Sun 50ml - New Ver,,,,,,,,,,none,,,,
8809844996591,dr. jart+,Cicapair Intensive Soothing Repair Serum 30ml,,,,,,,,,,none,,,,
8809844995082,dr. jart+,Porecting Solution Set 2023 Ver - 28g x 5 pcs,,,,,,,,,,none,,,,
8809844997802,dr. jart+,Rejuvenating Beauty Balm #01 Light,,,,,,,,,,none,,,,
8809844997819,dr. jart+,Rejuvenating Beauty Balm #02 Medium,,,,,,,,,,none,,,,
8809695365898,dr.G,pH Cleansing Gel Foam 200ml,22.23,https://sg.iherb.com/pr/dr-g-ph-cleansing-gel-foam-6-76-fl-oz-200-ml/140314,2026-08-11,1.0,,,,,,iherb,1.0,22.23,2026-08-11,
8809838651635,dr.G,Brightening Peeling Gel 120g,25.15,https://sg.iherb.com/pr/dr-g-brightening-peeling-gel-for-sensitive-skin-4-23-oz-120-g/140330,2026-08-11,1.0,,,,,,iherb,1.0,25.15,2026-08-11,
8809963508651,dr.G,R.E.D Blemish Clear Hyal Cica Soothing Serum 50ml,26.96,https://sg.iherb.com/pr/dr-g-r-e-d-blemish-clear-hyal-cica-soothing-serum-1-69-fl-oz-50-ml/157172,2026-08-11,1.0,,,,,,iherb,1.0,26.96,2026-08-11,
8809838652465,dr.G,R.E.D Blemish Clear Soothing Cream 70ml,42.78,https://sg.iherb.com/pr/dr-g-r-e-d-blemish-clear-soothing-cream-for-sensitive-skin-2-36-fl-oz-70-ml/140331,2026-08-11,1.0,,,,,,iherb,1.0,42.78,2026-08-11,
8809520467018,dr.G,R.E.D Blemish Clear Soothing Toner 300ml,34.44,https://sg.iherb.com/pr/dr-g-r-e-d-blemish-clear-soothing-toner-for-sensitive-skin-10-14-fl-oz-300-ml/140320,2026-08-11,1.0,,,,,,iherb,1.0,34.44,2026-08-11,
8809838651789,dr.G,R.E.D Blemish Soothing Up Sun 50ml,,,,,,,,,,none,,,,
8809963506732,dr.G,R.E.D Blemish For Men Calming All In One 150ml,,,,,,,,,,none,,,,
8809963502949,dr.G,Green Deep Pore Cleansing Balm 100g,,,,,,,,,,none,,,,
8809838651291,dr.G,Green Mild Up Sun+ Jumbo,,,,,,,,,,none,,,,
8809695361210,dr.G,Brightening Up Sun+ 35ml,,,,,,,,,,none,,,,
8809963509177,dr.G,R.E.D Blemish Cool Vita C Clear Mask Set,,,,,,,,,,none,,,,
8809844997192,dr.G,Cicapair Intensive Soothing Repair Serum Mask Set 25g x 5 pcs,,,,,,,,,,none,,,,
8809963506114,dr.G,RTX Into Peptishot Firming Neck Patch,,,,,,,,,,none,,,,
8809695360381,dr.G,R.E.D Blemish Oil Control Paper,,,,,,,,,,none,,,,
8809543253506,elizavecca,Cer-100 Hair Muscle Essence Oil,,,,,,,,,,none,,,,
8809543253513,elizavecca,Cer-100 Collagen Coating Hair A+ Muscle Fixer Spray,11.35,https://sg.iherb.com/pr/elizavecca-cer-100-collagen-coating-hair-a-muscle-fixer-spray-5-07-fl-oz-150-ml/149655,2026-08-11,1.0,,,,,,iherb,1.0,11.35,2026-08-11,
8809543253568,elizavecca,Milky Piggy Collagen Coating Protein Ion Injection 50ml,10.88,https://sg.iherb.com/pr/elizavecca-cer-100-collagen-coating-protein-ion-injection-1-69-fl-oz-50-ml/145517,2026-08-11,1.0,,,,,,iherb,1.0,10.88,2026-08-11,
8809543253544,elizavecca,Milky Piggy CER-100 Collagen Ceramide Coating Protein Treatment 100ml,,,,,,,,,,none,,,,
8809543253377,elizavecca,Cer-100 Collagen Coating Hair Muscle Shampoo,21.79,https://sg.iherb.com/pr/elizavecca-cer-100-collagen-coating-hair-a-muscle-shampoo-16-9-fl-oz-500-ml/142256,2026-08-11,1.0,,,,,,iherb,1.0,21.79,2026-08-11,
8809071369427,elizavecca,Milky Piggy Carbonated Bubble Clay Mask 100ml,17.79,https://sg.iherb.com/pr/elizavecca-milky-piggy-carbonated-bubble-clay-beauty-mask-3-53-oz-100-g/68346,2026-08-11,1.0,,,,,,iherb,1.0,17.79,2026-08-11,
8806334395322,enprani,Aloe Face & Body Waterproof Sun Cream 100ml,,,,,,,,,,none,,,,
8809908690243,entropy,Self Lash Perm Set 1 set,,,,,,,,,,none,,,,
8809908691493,entropy,One-Use Brow Bleach Set 2026 Ver - 4 pcs,,,,,,,,,,none,,,,
8809432532736,everydaze,Essential C's Konjac Jelly - peach,,,,,,,,,,none,,,,
8809432533290,everydaze,Essential C's Konjac Jelly - mango,,,,,,,,,,none,,,,
8809432533320,everydaze,Essential C's Konjac Jelly - green grape,,,,,,,,,,none,,,,
8806011817680,fation,Nosca9 Trouble Toning Repair Cream 70ml,,,,,,,,,,none,,,,
8806011816621,fation,NOSCA9 Spot Patch 2026 Ver 102 patches,,,,,,,,,,none,,,,
8806011816591,fation,Nosca9 Cleansing Gel 2026 Ver 200ml,,,,,,,,,,none,,,,
8806011817215,fation,Nosca9 Trouble Clear Toner 200ml,,,,,,,,,,none,,,,
8806011816553,fation,Nosca9 Trouble Serum 30ml,,,,,,,,,,none,,,,
8806011816881,fation,Nosca9 Trouble Cream 45ml,,,,,,,,,,none,,,,
8806011817642,fation,Nosca9 Trouble Toning Ampoule 15ml,,,,,,,,,,none,,,,
8806011818670,fation,Nosca9 Pore Enhancing Serum 30ml,,,,,,,,,,none,,,,
8806011817413,fation,FATION - Nosca9 Trouble Body Wash 490ml,,,,,,,,,,none,,,,
8806011818472,fation,Nosca9 Trouble Serum Mask 25ml,,,,,,,,,,none,,,,
4550516475961,fino,Premium Touch Shampoo 550ml,,,,,,,,,,none,,,,
4550516476074,fino,Premium Touch Conditioner 550ml,,,,,,,,,,none,,,,
4550516483836,fino,Premium Touch Hair Oil Serum Airy Smooth 70ml,,,,,,,,,,none,,,,
4550516493583,fino,Premium Touch Hair Mask 230g,,,,,,,,,,none,,,,
6941845853915,focallure,Transferproof Matte Lipstick #NU01 Brick Nude - 3.5g,,,,,,,,,,none,,,,
6941845853922,focallure,Transferproof Matte Lipstick #NU02 Pumpkin Nude - 3.5g,,,,,,,,,,none,,,,
6941845853939,focallure,Transferproof Matte Lipstick #NU03 Maple Nude - 3.5g,,,,,,,,,,none,,,,
6941845853946,focallure,Transferproof Matte Lipstick #NU04 Cinnamon Nude- 3.5g,,,,,,,,,,none,,,,
6941845853885,focallure,Transferproof Matte Lipstick #PK01 Coral Pink - 3.5g,,,,,,,,,,none,,,,
6941845853892,focallure,Transferproof Matte Lipstick #PK02 Figgy Pink - 3.5g,,,,,,,,,,none,,,,
6941845853908,focallure,Transferproof Matte Lipstick #PK03 Mauve Pink - 3.5g,,,,,,,,,,none,,,,
8800250591905,frankly,glow filter tone-up cream 50ml,,,,,,,,,,none,,,,
8801051245394,freshian,Egg-like Cushion #201,,,,,,,,,,none,,,,
8801051245400,freshian,Egg-like Cushion #203,,,,,,,,,,none,,,,
8801051245417,freshian,Egg-like Glow Cushion #201,,,,,,,,,,none,,,,
8801051245424,freshian,Egg-like Glow Cushion #203,,,,,,,,,,none,,,,
8809859771664,fullight,FLIMEAL Protein Bar Crunch - dark choco,,,,,,,,,,none,,,,
8809859771688,fullight,FLIMEAL Protein Bar Crunch - white choco,,,,,,,,,,none,,,,
8809859770049,fullight,FLIMEAL Protein Shake - dolce latte,,,,,,,,,,none,,,,
8809859770773,fullight,FLIMEAL Protein Shake - milk tea,,,,,,,,,,none,,,,
8809859772142,fullight,FLIMEAL Protein Shake - real chocolate,,,,,,,,,,none,,,,
8809859771701,fullight,FLIMEAL Protein Shake - pistachio,,,,,,,,,,none,,,,
8809859771114,fullight,FLIMEAL Protein Shake - strawberry,,,,,,,,,,none,,,,
4902806112856,gatsby,Gatsby - Ice Type Deodorant Body Wipes #unscented 30pcs,,,,,,,,,,none,,,,
8809893510731,genabelle,PDRN Glazed Lip Treatment,,,,,,,,,,none,,,,
8806135251025,genabelle,PDRN Vita Toning Ampoule 30ml,41.75,https://sg.iherb.com/pr/genabelle-pdrn-vita-toning-ampoule-1-01-fl-oz-30-ml/149111,2026-08-11,1.0,,,,,,iherb,1.0,41.75,2026-08-11,
8809893510755,genabelle,Glutathione Vita Glow Capsule Ampoule,,,,,,,,,,none,,,,
8809893510403,genabelle,Glutathione Vita Glow Spicule Shot,,,,,,,,,,none,,,,
8809893510823,genabelle,PDRN 3% Hyper Boost Ampoule 40ml,44.39,https://sg.iherb.com/pr/genabelle-pdrn-3-hyper-boost-ampoule-1-35-fl-oz-40-ml/153312,2026-08-11,1.0,,,,,,iherb,1.0,44.39,2026-08-11,
8809743543643,genabelle,Glutathione Brightening Ampoule Mask Set 25ml x 5 sheets,25.91,https://sg.iherb.com/pr/genabelle-glutathione-brightening-ampoule-beauty-mask-5-sheets-0-84-fl-oz-25-ml-each/149113,2026-08-11,1.0,,,,,,iherb,1.0,25.91,2026-08-11,
8809893510724,genabelle,PDRN 360 Rejuvenating Eye Mask 70 patches,,,,,,,,,,none,,,,
8809977270322,giverny,Milchak Cover Tone Up Sun Cushion Clear Beige 12g,,,,,,,,,,none,,,,
8809129647699,giverny,Milchak Matte Fit Cushion Set #21NW Light Beige,,,,,,,,,,none,,,,
8809129647705,giverny,Milchak Matte Fit Cushion Set #23NW Medium Beige,,,,,,,,,,none,,,,
8809129647491,giverny,Milchak Cover Cushion Set #21NW Light Beige,,,,,,,,,,none,,,,
8809129647507,giverny,Milchak Cover Cushion Set #23NW Medium beige,,,,,,,,,,none,,,,
8801051274240,glint,Highlighter #01 Dewy Moon,,,,,,,,,,none,,,,
8809949520981,glint,Highlighter #11 Rose Peach,,,,,,,,,,none,,,,
8801051493818,glint,Stick Highlighter #02 Milky Moon,,,,,,,,,,none,,,,
8801051285246,glint,Stick Highlighter #03 Rosy Moon,,,,,,,,,,none,,,,
6979297980132,gogotales,Velvet Secret Language Eyeshadow Palette #G01,,,,,,,,,,none,,,,
6979297980149,gogotales,Velvet Secret Language Eyeshadow Palette #G02,,,,,,,,,,none,,,,
6979297980156,gogotales,Velvet Secret Language Eyeshadow Palette #G03,,,,,,,,,,none,,,,
6979297980163,gogotales,Velvet Secret Language Eyeshadow Palette #G04,,,,,,,,,,none,,,,
6979297980170,gogotales,Velvet Secret Language Eyeshadow Palette #G05,,,,,,,,,,none,,,,
8800255689959,goodal,Green Tangerine Vita C 15 Dark Spot Care Ampoule 16g,,,,,,,,,,none,,,,
8809970759060,goodal,Green Tangerine Vita C Dark Spot Care Cream 50ml,,,,,,,,,,none,,,,
8800322107034,goodal,Heartleaf Soothing Cooling Sun Stick 2026 Ver - 19g,,,,,,,,,,none,,,,
8800322106808,goodal,Green Tangerine Vita C Toning Serum Cleanser 160ml,,,,,,,,,,none,,,,
8800290363944,goodal,Green Tangerine Vita C Dark Spot Care Pad Alpha 2025 Ver - 70 pads,,,,,,,,,,none,,,,
8809862288234,goodal,Green Tangerine Vita C Toner 300ml,,,,,,,,,,none,,,,
8800290365900,goodal,Green Tangerine Vita C Serum Mist 2025 Ver - 100ml,,,,,,,,,,none,,,,
8800290365917,goodal,Green Tangerine Vita C Dark Spot Care Eye Cream 2025 Ver - 30ml,,,,,,,,,,none,,,,
8809828413588,goodal,Green Tangerine Vita C Dark Spot Care Sun Serum 50ml,,,,,,,,,,none,,,,
8800255686668,goodal,Heartleaf Soothing Green Tone Up Sun Cream 50ml,,,,,,,,,,none,,,,
8809642612273,grafen,Root Booster Tonic 160ml,,,,,,,,,,none,,,,
8809642610262,grafen,Grafen Hinoki Shampoo 500ml,,,,,,,,,,none,,,,
8809642618671,grafen,Grafen Hinoki Hair Vinegar 210ml,,,,,,,,,,none,,,,
8809642618763,grafen,Hinoki Treatment 300ml,,,,,,,,,,none,,,,
8809638300351,grafen,Grafen Root Booster Shampoo 500ml,,,,,,,,,,none,,,,
8809642614857,grafen,Root Booster Scalp Enhancing Ampoule 50ml,,,,,,,,,,none,,,,
8809460444452,grafen,Remover Shampoo 500ml,,,,,,,,,,none,,,,
8809642618459,grafen,Damask Rose Hair Vinegar 210ml,,,,,,,,,,none,,,,
8809460441369,grafen,Jeju Sea Water Spray 210ml,,,,,,,,,,none,,,,
8809460441376,grafen,Pomade - Sea water,,,,,,,,,,none,,,,
8809321483491,graymelin,Astaxanthin Stemcell Serum 50ml,,,,,,,,,,none,,,,
8858842000458,hair it,Hair It - Silky Plus Volumizing Spray 40g,,,,,,,,,,none,,,,
8858842098035,hair it,Hair It - Hya Keratin Volumizing Spray 40g,,,,,,,,,,none,,,,
8809803583886,hanyul,Pure Artemisia Calming pH-Balancing Fluid,,,,,,,,,,none,,,,
8809532222186,haruharu wonder,Black Rice Night Knight Retinol Serum 20ml,,,,,,,,,,none,,,,
8809532221356,haruharu wonder,Black Rice Moisture 5.5 Soft Cleansing Gel 100ml,16.29,https://sg.iherb.com/pr/haruharu-wonder-black-rice-moisture-5-5-soft-cleansing-gel-unscented-3-38-fl-oz-100-ml/141828,2026-08-11,1.0,,https://shopee.sg/haruharu-wonder-Black-Rice-Moisture-5.5-Soft-Cleansing-Gel-i.1262932880.26321787989?extraParams=%7B%22display_model_id%22%3A178628005613%2C%22model_selection_logic%22%3A3%7D,haruharu wonder Black Rice Moisture 5.5 Soft Cleansing Gel,2026-08-01,0.857,iherb,1.0,16.29,2026-08-11,
8809532221349,haruharu wonder,Black Rice Moisture Cleansing Oil 2025 Ver - 150ml,28.52,https://sg.iherb.com/pr/haruharu-wonder-black-rice-moisture-cleansing-oil-unscented-5-07-fl-oz-150-ml/142258,2026-08-11,1.0,,https://shopee.sg/haruharu-wonder-Black-Rice-Moisture-Deep-Cleansing-Oil-150ml-i.1262932880.29401759987?extraParams=%7B%22display_model_id%22%3A197557749257%2C%22model_selection_logic%22%3A3%7D,haruharu wonder Black Rice Moisture Deep Cleansing Oil 150ml,2026-08-01,0.667,iherb,1.0,28.52,2026-08-11,
8809532221707,haruharu wonder,Black Rice Moisture Airyfit Sunscreen 50ml,,,,,,https://shopee.sg/haruharu-wonder-Black-Rice-Moisture-Airyfit-Daily-Sunscreen-i.1262932880.27001765109?extraParams=%7B%22display_model_id%22%3A255954806964%2C%22model_selection_logic%22%3A3%7D,haruharu wonder Black Rice Moisture Airyfit Daily Sunscreen,2026-08-01,0.714,shopee,0.714,,2026-08-01,
8809532222179,haruharu wonder,haruharu wonder - Black Bamboo Daily Smoothing Body Oil 200ml,,,,,,,,,,none,,,,
8809931830814,heveblue,Pot Pore Peptamin Hydro Collagen Mask Pack Set 7 sheets 35g x 7 sheets,,,,,,,,,,none,,,,
8809653247112,heveblue,Salmon Caring Centella Cream 100ml,24.81,https://sg.iherb.com/pr/heveblue-salmon-caring-centella-cream-3-38-fl-oz-100-ml/157156,2026-08-11,1.0,,,,,,iherb,1.0,24.81,2026-08-11,
8809971480024,heveblue,Black Yuja Bean Water Sun Essence 50ml,,,,,,,,,,none,,,,
8809653247129,heveblue,Salmon Caring Centella Toner 2026 ver - 200ml,27.27,https://sg.iherb.com/pr/heveblue-salmon-caring-centella-toner-6-76-fl-oz-200-ml/157152,2026-08-11,1.0,,,,,,iherb,1.0,27.27,2026-08-11,
8809931831934,heveblue,"Salmon Caring Newpair PDRN Booster 100,000 Shot Essence 1pc Set 2026 ver - 5ml",,,,,,,,,,none,,,,
8809653247143,heveblue,Salmon Caring Centella Ampoule 30ml,22.48,https://sg.iherb.com/pr/heveblue-salmon-caring-centella-ampoule-1-01-fl-oz-30-ml/157150,2026-08-11,1.0,,,,,,iherb,1.0,22.48,2026-08-11,
8809931830876,heveblue,Pot Pore Tightening Podo Ampoule 52ml,24.79,https://sg.iherb.com/pr/heveblue-pot-pore-tightening-podo-ampoule-1-75-fl-oz-52-ml/157158,2026-08-11,1.0,,,,,,iherb,1.0,24.79,2026-08-11,
8809931831606,heveblue,Phyton Squa Hyal Blue Tone Up Sun Cushion 15g,,,,,,,,,,none,,,,
8809864754188,house of hur,Weightless Sun Fluid 50ml,,,,,,,,,,none,,,,
8809968205951,house of hur,Moist Ampoule Blusher Mini #01 Nude Beige,,,,,,,,,,none,,,,
8809968205968,house of hur,Moist Ampoule Blusher Mini #02 Deep Plum,,,,,,,,,,none,,,,
8809968205975,house of hur,Moist Ampoule Blusher Mini #03 Rose Brown,,,,,,,,,,none,,,,
8809968205982,house of hur,Moist Ampoule Blusher Mini #04 Lavender Flush,,,,,,,,,,none,,,,
8809968205999,house of hur,Moist Ampoule Blusher Mini #05 Peach Coral,,,,,,,,,,none,,,,
8809968206002,house of hur,Moist Ampoule Blusher Mini #06 Cherry Blossom,,,,,,,,,,none,,,,
8809968209638,house of hur,Moist Ampoule Blusher Mini #07 Pink Rosie,,,,,,,,,,none,,,,
8809968209645,house of hur,Moist Ampoule Blusher Mini #08 Berry Purple,,,,,,,,,,none,,,,
8809968209652,house of hur,Moist Ampoule Blusher Mini #09 Ruby Red,,,,,,,,,,none,,,,
8809422539578,huxley,Huxley - Hair Oil Essence Moroccan Gardener 50ml,,,,,,,,,,none,,,,
8809422537413,huxley,Huxley - Moisture Shampoo Moroccan Gardener 300ml,,,,,,,,,,none,,,,
8809422537451,huxley,Huxley - Intense Moisture Treatment Moroccan Gardener 200ml,,,,,,,,,,none,,,,
8800326660627,huxley,Huxley - Hair Oil Essence Sunset Fog 50ml,,,,,,,,,,none,,,,
8809422535679,huxley,Hand Refresher Blue Medina Tangerine 55ml,,,,,,,,,,none,,,,
8809422535655,huxley,Hand Refresher Moroccan Gardener 55ml,,,,,,,,,,none,,,,
8809422539974,huxley,Body Oil Moroccan Gardener,,,,,,,,,,none,,,,
8809422536539,huxley,Body Oil Blue Medina Tangerine,,,,,,,,,,none,,,,
8800326660016,huxley,Huxley - Body Wash Moroccan Gardener 300ml,,,,,,,,,,none,,,,
8800326660061,huxley,Huxley - Body Wash Sunset Fog 300ml,,,,,,,,,,none,,,,
8809422536515,huxley,Huxley - Body Wash Blue Medina 300ml,,,,,,,,,,none,,,,
8800326660023,huxley,Huxley - Body Lotion Moroccan Gardener 300ml,,,,,,,,,,none,,,,
8800326660078,huxley,Huxley - Body Lotion Sunset Fog 300ml,,,,,,,,,,none,,,,
8809422536522,huxley,Huxley - Body Lotion Blue Medina 300ml,,,,,,,,,,none,,,,
8806190731555,i dew care,I DEW CARE - Tap Secret Mattifying Dry Shampoo Powder (medium brown),,,,,,,,,,none,,,,
8806190725288,i dew care,Timeout Blemish Patch Chin & Cheeks,,,,,,,,,,none,,,,
8809525934744,i'm from,Apricot Clear Sun Serum,,,,,,,,,,none,,,,
8809595050603,i'm from,Mugwort Mask,47.78,https://sg.iherb.com/pr/i-m-from-mugwort-beauty-mask-3-88-oz-110-g/90192,2026-08-11,1.0,,,,,,iherb,1.0,47.78,2026-08-11,
8806190727619,i'm meme,I'm Stick Shadow Glitter - #01 Autumn Champagne,,,,,,,,,,none,,,,
8806190727626,i'm meme,I'm Stick Shadow Glitter -#02 Spring Aurora,,,,,,,,,,none,,,,
8806190727640,i'm meme,I'm Stick Shadow Glitter - #04 Summer Purple,,,,,,,,,,none,,,,
8806190720658,i'm meme,I'M Oil Cut Pact,,,,,,,,,,none,,,,
8806190716040,i'm meme,I'm Stick Shadow Shimmer #01 Sugar Bling,,,,,,,,,,none,,,,
8806190716057,i'm meme,I'm Stick Shadow Shimmer #02 Peach Coronet,,,,,,,,,,none,,,,
8806190716064,i'm meme,I'm Stick Shadow Shimmer #03 Pink Charm,,,,,,,,,,none,,,,
8806190716071,i'm meme,I'm Stick Shadow Shimmer #04 Rose Cape,,,,,,,,,,none,,,,
8806190716088,i'm meme,I'm Stick Shadow Shimmer #005 Taupe Trinket,,,,,,,,,,none,,,,
8806190727633,i'm meme,I'm Stick Shadow Glitter - #03 Winter White,,,,,,,,,,none,,,,
8800294992805,innisfree,Green Tea Ceramide Milk Barrier Essence [160ml],,,,,,,,,,none,,,,
8800294980697,innisfree,Green Tea Panthenol Gel Cream 50ml,,,,,,,,,,none,,,,
8809843694108,innisfree,Green Tea Hyaluronic Glow Eye & Face Ball [10ml],,,,,,,,,,none,,,,
8809843675749,innisfree,Green Tea Hyaluronic Lotion 170ml,,,,,,,,,,none,,,,
8800294983414,innisfree,Daily UV Invisible Barrier Sun Serum,,,,,,,,,,none,,,,
8809843690834,innisfree,Green Tea Amino Hydrating Cleansing Foam,,,,,,,,,,none,,,,
8800294981243,innisfree,Green Tea Ceramide Mist,,,,,,,,,,none,,,,
8809843681047,innisfree,Green Tea Seed Hyaluronic Skin,,,,,,,,,,none,,,,
8809843690414,innisfree,Volcanic BHA Pore Cleansing Foam 150g,,,,,,,,,,none,,,,
8809843703879,innisfree,Cherry Blossom Glow Tone-Up Cream,,,,,,,,,,none,,,,
8800294981977,innisfree,Daily UV No Sebum Sun Powder,,,,,,,,,,none,,,,
8809843677989,innisfree,Intensive Long Lasting Sunscreen EX,,,,,,,,,,none,,,,
8809843678511,innisfree,No-Sebum Mineral Pact,,,,,,,,,,none,,,,
8809843680088,innisfree,Jeju Volcanic Oil Control Paper,,,,,,,,,,none,,,,
8809843680675,innisfree,Canola Honey Lip balm,,,,,,,,,,none,,,,
8809843678092,innisfree,My Perfumed Hand Cream #02 Fluffy Pink,,,,,,,,,,none,,,,
8809843678061,innisfree,My Perfumed Hand Cream #01 White Shirts,,,,,,,,,,none,,,,
8809843678085,innisfree,My Perfumed Hand Cream #03 Peach Cider,,,,,,,,,,none,,,,
8809800940125,isntree,Yam Root Vegan Milk Cleanser 220ml,32.22,https://sg.iherb.com/pr/isntree-yam-root-vegan-milk-cleanser-7-43-fl-oz-220-ml/122213,2026-08-11,1.0,,https://shopee.sg/Isntree-Yam-Root-Vegan-Milk-Cleanser-220ml-i.95103646.17047334778?extraParams=%7B%22display_model_id%22%3A97435561787%2C%22model_selection_logic%22%3A3%7D,Isntree Yam Root Vegan Milk Cleanser 220ml,2026-08-01,1.0,iherb,1.0,32.22,2026-08-11,
8809800942204,isntree,Onion Newpair B5 Ampoule 2026 Ver 50ml,,,,,,https://shopee.sg/Isntree-Onion-Newpair-B5-Ampoule-50ml-i.95103646.23237917735?extraParams=%7B%22display_model_id%22%3A231444570691%2C%22model_selection_logic%22%3A3%7D,Isntree Onion Newpair B5 Ampoule 50ml,2026-08-01,0.714,shopee,0.714,,2026-08-01,
8809783322635,isntree,Onion Newpair Gel Cream 50ml,30.42,https://sg.iherb.com/pr/isntree-onion-newpair-gel-cream-1-69-fl-oz-50-ml/122221,2026-08-11,1.0,,https://shopee.sg/Isntree-Onion-Newpair-Gel-Cream-50ml-i.95103646.12131534929?extraParams=%7B%22display_model_id%22%3A103217397063%2C%22model_selection_logic%22%3A3%7D,Isntree Onion Newpair Gel Cream 50ml,2026-08-01,1.0,iherb,1.0,30.42,2026-08-11,
8809800940729,isntree,Onion Newpair Spot Patch Skin Fit 15 patches,,,,,,https://shopee.sg/Isntree-Onion-Newpair-Spot-Patch-Skin-Fit-15ea-i.95103646.22165719536?extraParams=%7B%22display_model_id%22%3A188168084665%2C%22model_selection_logic%22%3A3%7D,Isntree Onion Newpair Spot Patch Skin Fit 15ea,2026-08-01,0.667,shopee,0.667,,2026-08-01,
8809800941252,isntree,Ultra-Low Molecular Hyaluronic Acid Zinc Cooling Pad 60 pads,,,,,,,,,,none,,,,
8809800940637,isntree,Ultra-Low Molecular Hyaluronic Acid Toner 300ml,27.84,https://sg.iherb.com/pr/isntree-ultra-low-molecular-hyaluronic-acid-toner-10-14-fl-oz-300-ml/140864,2026-08-11,1.0,18.00,https://shopee.sg/Isntree-Ultra-Low-Molecular-Hyaluronic-Acid-Toner-300ml-i.95103646.22613354888?extraParams=%7B%22display_model_id%22%3A203608133085%2C%22model_selection_logic%22%3A3%7D,Isntree Ultra Low Molecular Hyaluronic Acid Toner 300ml,2026-07-29,1.0,iherb,1.0,27.84,2026-08-11,
8809800940644,isntree,Ultra-Low Molecular Hyaluronic Acid Serum 50ml,28.53,https://sg.iherb.com/pr/isntree-ultra-low-molecular-hyaluronic-acid-serum-1-69-fl-oz-50-ml/140866,2026-08-11,1.0,,https://shopee.sg/Isntree-Ultra-Low-Molecular-Hyaluronic-Acid-Serum-30ml-50ml-i.95103646.23713366627?extraParams=%7B%22display_model_id%22%3A370082647582%2C%22model_selection_logic%22%3A3%7D,Isntree Ultra Low Molecular Hyaluronic Acid Serum 30ml 50ml,2026-08-01,0.875,iherb,1.0,28.53,2026-08-11,
8809686383566,isntree,Hyaluronic Acid Aqua Gel Cream New Ver 100ml,25.57,https://sg.iherb.com/pr/isntree-hyaluronic-acid-aqua-gel-cream-3-38-fl-oz-100-ml/101941,2026-08-11,1.0,17.00,https://shopee.sg/Isntree-Hyaluronic-Acid-Aqua-Gel-Cream-50ml-100ml-i.95103646.9205896761?extraParams=%7B%22display_model_id%22%3A72917339718%2C%22model_selection_logic%22%3A3%7D,Isntree Hyaluronic Acid Aqua Gel Cream 50ml 100ml,2026-07-29,0.667,iherb,1.0,25.57,2026-08-11,
8809686383559,isntree,Hyaluronic Acid Moist Cream 2022 Ver 100ml,24.75,https://sg.iherb.com/pr/isntree-hyaluronic-acid-moist-cream-3-38-fl-oz-100-ml/101942,2026-08-11,1.0,,https://shopee.sg/Isntree-Hyaluronic-Acid-Moist-Cream-100ml-i.95103646.5671802855?extraParams=%7B%22display_model_id%22%3A23626209816%2C%22model_selection_logic%22%3A3%7D,Isntree Hyaluronic Acid Moist Cream 100ml,2026-08-01,0.714,iherb,1.0,24.75,2026-08-11,
8809800942587,isntree,Hyaluronic Acid Airy Sun Stick 2026 Ver 22g,,,,,,,,,,none,,,,
8809686384204,isntree,Hyaluronic Acid Watery Sun Gel New Ver 50ml,,,,,,https://shopee.sg/Isntree-Hyaluronic-Acid-Watery-Sun-Gel-50ml-i.95103646.8706452259?extraParams=%7B%22display_model_id%22%3A23682527937%2C%22model_selection_logic%22%3A3%7D,Isntree Hyaluronic Acid Watery Sun Gel 50ml,2026-08-01,0.75,shopee,0.75,,2026-08-01,
8809800942402,isntree,Yam Root Vegan pH-Balancing Cleanser 120ml,,,,,,,,,,none,,,,
8809800942419,isntree,Yam Root Vegan Barrier Milky Toner 200ml,,,,,,https://shopee.sg/Isntree-Yam-Root-Vegan-Milk-Toner-200ml-i.95103646.21247591655?extraParams=%7B%22display_model_id%22%3A202404634863%2C%22model_selection_logic%22%3A3%7D,Isntree Yam Root Vegan Milk Toner 200ml,2026-08-01,0.625,shopee,0.625,,2026-08-01,
8809800942396,isntree,Yam Root Vegan Barrier Cream 80ml,,,,,,https://shopee.sg/Isntree-Yam-Root-Vegan-Milk-Cream-80ml-i.95103646.16585734298?extraParams=%7B%22display_model_id%22%3A212405025872%2C%22model_selection_logic%22%3A3%7D,Isntree Yam Root Vegan Milk Cream 80ml,2026-08-01,0.714,shopee,0.714,,2026-08-01,
8809783322642,isntree,Onion Newpair Essence Toner 2023 Ver 200ml,,,,,,,,,,none,,,,
8809686389391,isntree,Hyaluronic Acid Low pH Cleansing Foam 150ml,22.47,https://sg.iherb.com/pr/isntree-hyaluronic-acid-low-ph-cleansing-foam-5-07-fl-oz-150-ml/122242,2026-08-11,1.0,11.63,https://shopee.sg/Isntree-Hyaluronic-Acid-Low-pH-Cleansing-Foam-150ml-i.95103646.3473370435?extraParams=%7B%22display_model_id%22%3A73059370301%2C%22model_selection_logic%22%3A3%7D,Isntree Hyaluronic Acid Low pH Cleansing Foam 150ml,2026-07-29,1.0,iherb,1.0,22.47,2026-08-11,
8809800940774,isntree,Hyper Niacinamide 20 Serum 20ml,,,,,,https://shopee.sg/Isntree-Hyper-Niacinamide-20-Serum-20ml-i.95103646.22941893357?extraParams=%7B%22display_model_id%22%3A165881611660%2C%22model_selection_logic%22%3A3%7D,Isntree Hyper Niacinamide 20 Serum 20ml,2026-08-01,1.0,shopee,1.0,,2026-08-01,
8809517475460,isntree,Hi Amino All Cleansing Milk 200ml,,,,,,,,,,none,,,,
8809738592236,isntree,Green Tea Fresh Cleanser 120ml,19.36,https://sg.iherb.com/pr/isntree-green-tea-fresh-cleanser-4-05-fl-oz-120-ml/122243,2026-08-11,1.0,8.45,https://shopee.sg/Isntree-Green-Tea-Fresh-Cleanser-120ml-i.95103646.5697813041?extraParams=%7B%22display_model_id%22%3A111926303853%2C%22model_selection_logic%22%3A3%7D,Isntree Green Tea Fresh Cleanser 120ml,2026-07-29,1.0,iherb,1.0,19.36,2026-08-11,
8809800940200,isntree,Mugwort Calming Clay Mask New Ver 100ml,24.07,https://sg.iherb.com/pr/isntree-mugwort-calming-clay-beauty-mask-3-38-fl-oz-100-ml/115927,2026-08-11,1.0,,https://shopee.sg/Isntree-Mugwort-Calming-Clay-Mask-100ml-i.95103646.6173302316?extraParams=%7B%22display_model_id%22%3A73061379158%2C%22model_selection_logic%22%3A3%7D,Isntree Mugwort Calming Clay Mask 100ml,2026-08-01,0.714,iherb,1.0,24.07,2026-08-11,
8809236798093,isntree,Aloe Soothing Gel Moisture Type 150ml - New Ver,14.30,https://sg.iherb.com/pr/isntree-aloe-soothing-gel-moisture-type-5-07-fl-oz-150-ml/101943,2026-08-11,1.0,9.74,https://shopee.sg/Isntree-Aloe-Soothing-Gel-Moisture-Type-150ml-i.95103646.9607245729?extraParams=%7B%22display_model_id%22%3A63059847012%2C%22model_selection_logic%22%3A3%7D,Isntree Aloe Soothing Gel Moisture Type 150ml,2026-07-29,0.75,iherb,1.0,14.30,2026-08-11,
8809800942006,isntree,Onion Newpair Purple Tone Up Sun Cream,,,,,,,,,,none,,,,
8809800942617,isntree,Hyaluronic Acid Airy Body Sun Cream 150ml,,,,,,,,,,none,,,,
8809800941542,isntree,Onion Newpair Soothing Mask Set 25g x 5 sheets,,,,,,,,,,none,,,,
8809800940675,isntree,Ultra-low Molecular Hyaluronic Acid Mask Set 25g x 10 pcs,,,,,,,,,,none,,,,
8809800940231,isntree,Mugwort Calming Gauze Mask Set New Ver 23g x 10 sheets,,,,,,,,,,none,,,,
8809800940378,isntree,Mugwort Calming Clay Mask Mini 20ml,,,,,,,,,,none,,,,
8800302330674,isoi,Brightening Gel Mask 29g x 1 sheet,,,,,,,,,,none,,,,
8800302330025,isoi,Brightening Serum 2025 ver - 35ml,52.86,https://sg.iherb.com/pr/isoi-brightening-serum-1-18-fl-oz-35-ml/154843,2026-08-11,1.0,,,,,,iherb,1.0,52.86,2026-08-11,
8800302330285,isoi,Brightening Cream 2025 ver - 55ml,44.55,https://sg.iherb.com/pr/isoi-brightening-cream-1-85-fl-oz-55-ml/154845,2026-08-11,1.0,,,,,,iherb,1.0,44.55,2026-08-11,
8800302331534,isoi,Brightening Pack Cleansing Foam 125ml,,,,,,,,,,none,,,,
8800302330278,isoi,Brightening Tonic Essence 2025 ver - 130ml,34.70,https://sg.iherb.com/pr/isoi-brightening-tonic-essence-4-39-fl-oz-130-ml/154844,2026-08-11,1.0,,,,,,iherb,1.0,34.70,2026-08-11,
8809264729427,isoi,Brightening Lotion 90ml,,,,,,,,,,none,,,,
8809264741849,isoi,Bulgarian Rose Blemish Care Eye & Wrinkle Patch 90,26.98,https://sg.iherb.com/pr/isoi-blemish-care-eye-wrinkle-patch-90-patches/154854,2026-08-11,1.0,,,,,,iherb,1.0,26.98,2026-08-11,
8800302330650,isoi,Heartleaf Pore Mask 23ml x 1,,,,,,,,,,none,,,,
8809264725528,isoi,ACNI Dr. 1st Speedy Mask Set 20ml x 10,,,,,,,,,,none,,,,
8809264737675,isoi,Pore Tightening Anti Sebum Pad 60 sheets,,,,,,,,,,none,,,,
8809264730829,isoi,ACNI Dr. 1st Speedy Patch Set 60 pcs,,,,,,,,,,none,,,,
8809264737729,isoi,ISOI - K-Postbio Feminine Cleanser 100ml,,,,,,,,,,none,,,,
8809728081863,iunik,Beta-Glucan Barrier Ampoule Cleanser 120ml,,,,,,,,,,none,,,,
8809728081702,iunik,Centella Calming Daily Sun Water 120ml,,,,,,,,,,none,,,,
6974146262988,joocyee,12 Shades Eyeshadow Palette - 01 wooden pink,,,,,,,,,,none,,,,
6974146264661,joocyee,12 Shades Eyeshadow Palette - 04 cold apricot,,,,,,,,,,none,,,,
6978647805378,joocyee,12 Shades Eyeshadow Palette - 08 flowing satin,,,,,,,,,,none,,,,
6978647803770,joocyee,Hydrating Lip Oil,,,,,,,,,,none,,,,
6974146267327,joocyee,Aura Luminous Lip Gloss -#G05 Lavender Crystal - 4.5g,,,,,,,,,,none,,,,
6974146267334,joocyee,Aura Luminous Lip Gloss -#G06 Citrine Crystal - 4.5g,,,,,,,,,,none,,,,
6974146269307,joocyee,Aura Luminous Lip Gloss -#G07 Cold-Brewed Oolong - 4.5g,,,,,,,,,,none,,,,
6974146269314,joocyee,Aura Luminous Lip Gloss -#G08 Pink Peach - 4.5g,,,,,,,,,,none,,,,
6974146269321,joocyee,Aura Luminous Lip Gloss -#G09 Woody Fig - 4.5g,,,,,,,,,,none,,,,
6974146269338,joocyee,Aura Luminous Lip Gloss -#G10 Rich Amber Brown - 4.5g,,,,,,,,,,none,,,,
6974146269345,joocyee,Aura Luminous Lip Gloss -#G11 Light Orange Nude Almond - 4.5g,,,,,,,,,,none,,,,
6974146269352,joocyee,Aura Luminous Lip Gloss -#G12 Pink-Orange Guava - 4.5g,,,,,,,,,,none,,,,
6974146269369,joocyee,Aura Luminous Lip Gloss -#G13 Dewy Pink Rose - 4.5g,,,,,,,,,,none,,,,
6974146269666,joocyee,Aura Glazed Blush & Highlighter -#S240 Veil Nude - 5g,,,,,,,,,,none,,,,
6974146269673,joocyee,Aura Glazed Blush & Highlighter -#S241 Honeydew Mist - 5g,,,,,,,,,,none,,,,
6974146269680,joocyee,Aura Glazed Blush & Highlighter -#S242 Lavender Waltz - 5g,,,,,,,,,,none,,,,
6974146269697,joocyee,Aura Glazed Blush & Highlighter -#S243 Ripple Pink - 5g,,,,,,,,,,none,,,,
6974146262377,joocyee,Tortoise Shell Matte Blush B01 Caramel Ginkgo,,,,,,,,,,none,,,,
6974146262360,joocyee,Tortoise Shell Matte Blush B02 Raspberry Rum,,,,,,,,,,none,,,,
6974146262346,joocyee,Tortoise Shell Matte Blush N01 Rose Latte,,,,,,,,,,none,,,,
6974146262353,joocyee,Tortoise Shell Matte Blush N02 Camellia Latte,,,,,,,,,,none,,,,
6974146266283,joocyee,Double-Ended Lip Liner -#01 Taupe - 0.2g,,,,,,,,,,none,,,,
6974146266290,joocyee,Double-Ended Lip Liner -#02 Dusty Pink - 0.2g,,,,,,,,,,none,,,,
6974146261608,joocyee,New Smoky Glazed Gloss -#603 Oat Milk - 4g,,,,,,,,,,none,,,,
6974146261622,joocyee,New Smoky Glazed Gloss -#605 Woody Rosy - 4g,,,,,,,,,,none,,,,
6974146265743,joocyee,Brown Shade Velvet Rouge -#111 Leather Pink - 3g,,,,,,,,,,none,,,,
6974146265712,joocyee,Brown Shade Velvet Rouge -#122 Umber Brown - 3g,,,,,,,,,,none,,,,
6974146265699,joocyee,Brown Shade Velvet Rouge -#133 Freckle Brown - 3g,,,,,,,,,,none,,,,
6974146265729,joocyee,Brown Shade Velvet Rouge -#144 Smoky Brown - 3g,,,,,,,,,,none,,,,
6974146265767,joocyee,Brown Shade Velvet Rouge -#166 Wild Hawthorn - 3g,,,,,,,,,,none,,,,
6974146265705,joocyee,Brown Shade Velvet Rouge -#1990 Vintage Brown - 3g,,,,,,,,,,none,,,,
6978647803206,joocyee,4th-Generation Glazed Lip Gloss 20 Cherry Blossom Glow - 4g,,,,,,,,,,none,,,,
6978647803282,joocyee,4th-Generation Glazed Lip Gloss 26 Lilac Glow - 4g,,,,,,,,,,none,,,,
6978647803299,joocyee,4th-Generation Glazed Lip Gloss 60 Grape Glow - 4g,,,,,,,,,,none,,,,
6978647803220,joocyee,4th-Generation Glazed Lip Gloss 66 Oolong Glow - 4g,,,,,,,,,,none,,,,
6978647803244,joocyee,4th-Generation Glazed Lip Gloss 80 Moonlight Glow - 4g,,,,,,,,,,none,,,,
6978647803251,joocyee,4th-Generation Glazed Lip Gloss 82 Amber Glow - 4g,,,,,,,,,,none,,,,
6974146269802,joocyee,Matte Veil Lip Cream -#10 Milktea Nude - 4.1g,,,,,,,,,,none,,,,
6974146269826,joocyee,Matte Veil Lip Cream -#12 Oat Nude - 4.1g,,,,,,,,,,none,,,,
6974146269840,joocyee,Matte Veil Lip Cream -#37 Candy Pink - 4.1g,,,,,,,,,,none,,,,
6974146269857,joocyee,Matte Veil Lip Cream -#39 Rosy Pink - 4.1g,,,,,,,,,,none,,,,
6974146269864,joocyee,Matte Veil Lip Cream -#90 Caramel Brown - 4.1g,,,,,,,,,,none,,,,
6974146269888,joocyee,Matte Veil Lip Cream -#98 Toasted Coco - 4.1g,,,,,,,,,,none,,,,
6974146268867,joocyee,Long-Lasting Glossy Rouge -#1990 Vintage Brown - 3g,,,,,,,,,,none,,,,
6974146268614,joocyee,Long-Lasting Glossy Rouge -#500 Pink Ocean - 3g,,,,,,,,,,none,,,,
6974146266269,joocyee,Long-Lasting Glossy Rouge -#501 Rosy Pond - 3g,,,,,,,,,,none,,,,
6974146268638,joocyee,Long-Lasting Glossy Rouge -#502 Sun Bliss - 3g,,,,,,,,,,none,,,,
6974146268645,joocyee,Long-Lasting Glossy Rouge -#503 Diamond Sea - 3g,,,,,,,,,,none,,,,
6974146266252,joocyee,Long-Lasting Glossy Rouge -#504 Rose Glacier - 3g,,,,,,,,,,none,,,,
6974146268560,joocyee,Long-Lasting Glossy Rouge -#561 Naked Tea - 3g,,,,,,,,,,none,,,,
6974146268577,joocyee,Long-Lasting Glossy Rouge -#562 Flat White - 3g,,,,,,,,,,none,,,,
6974146266207,joocyee,Long-Lasting Glossy Rouge -#564 Peach Dew - 3g,,,,,,,,,,none,,,,
6974146268591,joocyee,Long-Lasting Glossy Rouge -#565 Crushed Chestnut - 3g,,,,,,,,,,none,,,,
6974146268843,joocyee,Long-Lasting Glossy Rouge -#567 Glitter Taupe - 3g,,,,,,,,,,none,,,,
6974146268850,joocyee,Long-Lasting Glossy Rouge -#568 Glowy Brown - 3g,,,,,,,,,,none,,,,
6978647805675,joocyee,Summer Fizz Mini Quad Eyeshadow,,,,,,,,,,none,,,,
6978647801448,joocyee,Mini Quad Eyeshadow 01 Naked Dune,,,,,,,,,,none,,,,
6978647801455,joocyee,Mini Quad Eyeshadow 02 Velvet Amber,,,,,,,,,,none,,,,
6978647801462,joocyee,Mini Quad Eyeshadow 03 Dusty Rose,,,,,,,,,,none,,,,
6978647801479,joocyee,Mini Quad Eyeshadow 04 Smoked Suede,,,,,,,,,,none,,,,
6974146264838,joocyee,Essence Skin Tint -#00 Fair - 40g,,,,,,,,,,none,,,,
6974146265057,joocyee,Essence Skin Tint -#01 Natural - 40g,,,,,,,,,,none,,,,
6974146265514,joocyee,New Airy-Wear Long-Lasting Foundation -#1CN Porcelain - 10ml,,,,,,,,,,none,,,,
6974146265545,joocyee,New Airy-Wear Long-Lasting Foundation -#2WG Medium Olive - 10ml,,,,,,,,,,none,,,,
6974146268423,joocyee,Airy Wear Double Sided Concealer #1,,,,,,,,,,none,,,,
6974146268430,joocyee,Airy Wear Double Sided Concealer #2,,,,,,,,,,none,,,,
6974146268447,joocyee,Airy Wear Double Sided Concealer #3,,,,,,,,,,none,,,,
6974146266023,joocyee,Long-Lasting Dewy Setting Spray - 75ml,,,,,,,,,,none,,,,
6974146263473,joocyee,Jelly Highlighter Glitter Stick -#H01 Moon Dust - 2g,,,,,,,,,,none,,,,
6974146263497,joocyee,Jelly Highlighter Glitter Stick -#H03 Sunbath - 2g,,,,,,,,,,none,,,,
6974146263503,joocyee,Jelly Highlighter Glitter Stick -#H04 Pink Silk - 2g,,,,,,,,,,none,,,,
6974146267358,joocyee,Liquid Blush L01 Milk Pink - 8g,,,,,,,,,,none,,,,
6974146267365,joocyee,Liquid Blush L02 Light Mauve - 8g,,,,,,,,,,none,,,,
6974146267372,joocyee,Liquid Blush L03 Delicate Berry - 8g,,,,,,,,,,none,,,,
6974146267389,joocyee,Liquid Blush L04 Grey Pink - 8g,,,,,,,,,,none,,,,
6974146267396,joocyee,Liquid Blush L05 Sweet Apricot - 8g,,,,,,,,,,none,,,,
6974146267402,joocyee,Liquid Blush L06 Oat Nude - 8g,,,,,,,,,,none,,,,
6974146260076,joocyee,Matte Highlighter Powder,,,,,,,,,,none,,,,
6978647802063,joocyee,2 in 1 Highlighter Pen,,,,,,,,,,none,,,,
6972786995938,judydoll,3D Curling Eyelash Iron Mascara (0° Classic and 6° Curling Basic) Classic-#01 Black - 2g,,,,,,,,,,none,,,,
6976436779121,judydoll,Portable Facial Palette-#02 Deep,,,,,,,,,,none,,,,
6976436778810,judydoll,Undereye Shadow Palette-#01 Lively Pink - 3.2g,,,,,,,,,,none,,,,
6978647804883,judydoll,Lip Scrub And Balm Duo - banana,,,,,,,,,,none,,,,
6975242804386,judydoll,Lip Oil - Peach Honey,,,,,,,,,,none,,,,
6975242806748,judydoll,3D Curling Eyelash Iron Mascara (0° Classic and 6° Curling Basic) 6°Curling Design-#01 Black - 2g,,,,,,,,,,none,,,,
6976436771170,judydoll,Mini Curling Eyelash Curler - 1pcs,,,,,,,,,,none,,,,
6975242806182,judydoll,Mascara Remover,,,,,,,,,,none,,,,
6976436773488,judydoll,Mini Makeup Palette-#02 Cool Tone Skin,,,,,,,,,,none,,,,
6976436776120,judydoll,Mini Makeup Palette-#03 Earthy Box,,,,,,,,,,none,,,,
6976436772573,judydoll,2 IN 1 Highlighter Contour Palette-#02 Wood - 9g,,,,,,,,,,none,,,,
6976436772580,judydoll,2 IN 1 Highlighter Contour Palette-#04 Blush Shadow - 9g,,,,,,,,,,none,,,,
6976436776212,judydoll,2 IN 1 Highlighter Contour Palette-#05 Feather Glow - 9g,,,,,,,,,,none,,,,
6978647804562,judydoll,Mini Collection Oil-Control Cushion,,,,,,,,,,none,,,,
6975043253413,judydoll,Mini Collection Velvety Matte Long-Wear Powder,,,,,,,,,,none,,,,
6978647804463,judydoll,Mini Collection Glowy Lip Gloss 01 Lychee Gin,,,,,,,,,,none,,,,
6978647804470,judydoll,Mini Collection Glowy Lip Gloss 02 Passion Fruit Rum,,,,,,,,,,none,,,,
6978647804487,judydoll,Mini Collection Glowy Lip Gloss 03 Cucumber Sparkling,,,,,,,,,,none,,,,
6978647803671,judydoll,Stay Shine Lipstick-#102 Effortless Nude - 3g,,,,,,,,,,none,,,,
6976436776496,judydoll,Stay Shine Lipstick-#103 Lively Nude - 3g,,,,,,,,,,none,,,,
6976436776502,judydoll,Stay Shine Lipstick-#104 Calm Nude - 3g,,,,,,,,,,none,,,,
6978647803725,judydoll,Stay Shine Lipstick-#109 Rose Quartz - 3g,,,,,,,,,,none,,,,
6978647803732,judydoll,Stay Shine Lipstick-#110 Sunstone Glow - 3g,,,,,,,,,,none,,,,
6978647803749,judydoll,Stay Shine Lipstick-#111 Ruby Bloom - 3g,,,,,,,,,,none,,,,
6978647803756,judydoll,Stay Shine Lipstick-#112 Rlush Garnet - 3g,,,,,,,,,,none,,,,
6976436779435,judydoll,Cushion Matte Lock Lip Cream-#N101 Milky Pink - 2.6 ml,,,,,,,,,,none,,,,
6976436779459,judydoll,Cushion Matte Lock Lip Cream-#N103 Hazel Sugar - 2.6ml,,,,,,,,,,none,,,,
6976436779626,judydoll,Cushion Matte Lock Lip Cream-#N12 Toffee Peach - 2.6 ml,,,,,,,,,,none,,,,
6976436779534,judydoll,Cushion Matte Lock Lip Cream-#G201 Maple Amber - 2.6ml,,,,,,,,,,none,,,,
6976436779541,judydoll,Cushion Matte Lock Lip Cream-#G202 Dusty Fig - 2.6ml,,,,,,,,,,none,,,,
6976436779558,judydoll,Cushion Matte Lock Lip Cream-#G203 Coco Mocha - 2.6ml,,,,,,,,,,none,,,,
6978647805552,judydoll,Cooling Lip Gloss-#01 Extra Iced Americano - 2.5g,,,,,,,,,,none,,,,
6978647805569,judydoll,Cooling Lip Gloss-#02 Rose Granita,,,,,,,,,,none,,,,
6978647805576,judydoll,Cooling Lip Gloss-#03 Walnut Ice Dew - 2.5g,,,,,,,,,,none,,,,
6978647805583,judydoll,Cooling Lip Gloss-#04 Lychee Ice Brew - 2.5g,,,,,,,,,,none,,,,
6978647805590,judydoll,Cooling Lip Gloss-#05 Frosted Honeydew,,,,,,,,,,none,,,,
6978647805606,judydoll,Cooling Lip Gloss-#06 Crystal Ice Pink - 2.5g,,,,,,,,,,none,,,,
6976436779343,judydoll,Peel Off Stain And Plumping Oil Duo-#01 Rosy Pearl,,,,,,,,,,none,,,,
6976436779350,judydoll,Peel Off Stain And Plumping Oil Duo-#02 Lavender Mist,,,,,,,,,,none,,,,
6976436779367,judydoll,Peel Off Stain And Plumping Oil Duo-#03 Cherry Spark,,,,,,,,,,none,,,,
6976436779374,judydoll,Peel Off Stain And Plumping Oil Duo-#04 Cinnamon Glow,,,,,,,,,,none,,,,
6976436779381,judydoll,Peel Off Stain And Plumping Oil Duo-#05 Coco Bronze,,,,,,,,,,none,,,,
6976436779299,judydoll,Liquid Blush Serum-#01 Fig - 5g,,,,,,,,,,none,,,,
6976436779305,judydoll,Liquid Blush Serum-#02 Pink Milk - 5g,,,,,,,,,,none,,,,
6976436779312,judydoll,Liquid Blush Serum-#03 Salmon - 5g,,,,,,,,,,none,,,,
6976436779329,judydoll,Liquid Blush Serum-#04 Rosewood - 5g,,,,,,,,,,none,,,,
6971053255454,judydoll,Pretty Blush Powder #35 Roasted Milktea,,,,,,,,,,none,,,,
6975242807691,judydoll,Pretty Blush Powder #41 Peach Milktea,,,,,,,,,,none,,,,
6975242802634,judydoll,Pretty Blush Powder #44 Milk Pink Tone,,,,,,,,,,none,,,,
6975242808780,judydoll,UV Sunscreen Makeup Cream-#01 Light Skin Tone - 40g,,,,,,,,,,none,,,,
6975242808797,judydoll,UV Sunscreen Makeup Cream-#02 Natural Tone - 40g,,,,,,,,,,none,,,,
6978647801400,judydoll,Shimmery Highlighting Powder 01,,,,,,,,,,none,,,,
6975242805178,judydoll,3 Pcs Finger Concealer Puff,,,,,,,,,,none,,,,
6975242802207,judydoll,3 Shade Eyebrow Powder - 2 Colors (2-3)-#02 Dark Brown - 2.7g,,,,,,,,,,none,,,,
6975242802214,judydoll,3 Shade Eyebrow Powder - 2 Colors (2-3)-#03 Beige - 2.7g,,,,,,,,,,none,,,,
6976436776618,judydoll,Precision Brow Mascara 01 Ash brown,,,,,,,,,,none,,,,
6976436776625,judydoll,Precision Brow Mascara 02 Natural brown,,,,,,,,,,none,,,,
6976436776632,judydoll,Precision Brow Mascara 03 Honey brown,,,,,,,,,,none,,,,
6978647802209,judydoll,Lock & Lift Tinted Brow Gel-#01 Clear - 7g,,,,,,,,,,none,,,,
6978647802216,judydoll,Lock & Lift Tinted Brow Gel-#02 Blonde - 7g,,,,,,,,,,none,,,,
6978647802223,judydoll,Lock & Lift Tinted Brow Gel-#03 Soft Brown - 7g,,,,,,,,,,none,,,,
6978647802230,judydoll,Lock & Lift Tinted Brow Gel-#04 Auburn - 7g,,,,,,,,,,none,,,,
6978647802247,judydoll,Lock & Lift Tinted Brow Gel-#05 Espresso - 7g,,,,,,,,,,none,,,,
6976436778469,judydoll,Double Under Eyeliner-#D01 Champagne Glow,,,,,,,,,,none,,,,
6976436778476,judydoll,Double Under Eyeliner-#D02 Soft Warm Nude,,,,,,,,,,none,,,,
6976436771576,judydoll,Skinny Liquid Eyeliner-#01 Black - 400mg,,,,,,,,,,none,,,,
6976436771583,judydoll,Skinny Liquid Eyeliner-#02 Dark Brown - 400mg,,,,,,,,,,none,,,,
6976436771415,judydoll,Slim Liquid Eyeliner-#01 Black - 400mg (new ver),,,,,,,,,,none,,,,
6976436771422,judydoll,Slim Liquid Eyeliner-#02 Deep Brown - 400mg (new ver),,,,,,,,,,none,,,,
6976436771439,judydoll,Slim Liquid Eyeliner-#03 Medium Brown - 400mg (new ver),,,,,,,,,,none,,,,
6976436771446,judydoll,Slim Liquid Eyeliner-#04 Gray Brown - 400mg (new ver),,,,,,,,,,none,,,,
6971053258639,judydoll,Oil-Control Matte Pressed Powder-#02 Light Skin Tone - 4g,,,,,,,,,,none,,,,
6943958906403,judydoll,Setting Spray Dewy - 50ml,,,,,,,,,,none,,,,
8809655950041,jumiso,All Day Vitamin Clean & Mild Facial Cleanser 150ml,,,,,,https://shopee.sg/Jumiso-All-Day-Vitamin-Clean-MIld-facial-cleanser-150-ml-i.713234950.13983184488?extraParams=%7B%22display_model_id%22%3A213243068923%2C%22model_selection_logic%22%3A3%7D,Jumiso All Day Vitamin Clean MIld facial cleanser 150 ml,2026-08-01,0.7,shopee,0.7,,2026-08-01,
8809655950416,jumiso,All Day Vitamin Glow Boost Facial Toner 125ml,21.91,https://sg.iherb.com/pr/jumiso-all-day-vitamin-glow-boost-facial-toner-4-22-fl-oz-125-ml/121690,2026-08-11,1.0,,https://shopee.sg/Jumiso-All-Day-Vitamin-Glow-boost-facial-toner-125ml-i.713234950.16273662690?extraParams=%7B%22display_model_id%22%3A98467368402%2C%22model_selection_logic%22%3A3%7D,Jumiso All Day Vitamin Glow boost facial toner 125ml,2026-08-01,1.0,iherb,1.0,21.91,2026-08-11,
8809186283854,jumiso,All Day Vitamin Brightening & Balancing Facial Serum 30ml,22.65,https://sg.iherb.com/pr/jumiso-all-day-vitamin-brightening-balancing-facial-serum-1-01-fl-oz-30-ml/114745,2026-08-11,1.0,,https://shopee.sg/Jumiso-All-Day-Vitamin-Brightening-Balancing-facial-serum-30ml-i.713234950.13483031839?extraParams=%7B%22display_model_id%22%3A39708675549%2C%22model_selection_logic%22%3A3%7D,Jumiso All Day Vitamin Brightening Balancing facial serum 30ml,2026-08-01,1.0,iherb,1.0,22.65,2026-08-11,
8809826718173,jung saem mool,Essential Mool Ultra Setting Fixer Mini,,,,,,,,,,none,,,,
8809826712591,jung saem mool,Sun Sual Ice Sun Stick 16g,,,,,,,,,,none,,,,
8809826712669,jung saem mool,BeginS Lip Care color Oil - pink soda,,,,,,,,,,none,,,,
8809826716698,jung saem mool,Salon.zip Volume Styling Hair Shadow - Natural brown,,,,,,https://shopee.sg/-Salon.zip-Volume-Styling-Hair-Shadow-i.1005621654.42262515580?extraParams=%7B%22display_model_id%22%3A243732556741%2C%22model_selection_logic%22%3A3%7D,Salon.zip Volume Styling Hair Shadow,2026-08-01,0.75,shopee,0.75,,2026-08-01,
8809826716681,jung saem mool,Salon.zip Volume Styling Hair Shadow - Natural black,,,,,,https://shopee.sg/-Salon.zip-Volume-Styling-Hair-Shadow-i.1005621654.42262515580?extraParams=%7B%22display_model_id%22%3A243732556741%2C%22model_selection_logic%22%3A3%7D,Salon.zip Volume Styling Hair Shadow,2026-08-01,0.75,shopee,0.75,,2026-08-01,
8809826714656,jung saem mool,JUNG SAEM MOOL Salon.zip Scalp Renewing Hair Tonic 150ml,,,,,,https://shopee.sg/-Salon.zip-Scalp-Renewing-Hair-Tonic-i.1005621654.29017708550?extraParams=%7B%22display_model_id%22%3A242036217294%2C%22model_selection_logic%22%3A3%7D,Salon.zip Scalp Renewing Hair Tonic,2026-08-01,0.6,shopee,0.6,,2026-08-01,
8809826716452,jung saem mool,Salon.zip Volume Styling Hair Fixer,,,,,,https://shopee.sg/-Salon.zip-Volume-Styling-Hair-Shadow-i.1005621654.42262515580?extraParams=%7B%22display_model_id%22%3A243732556741%2C%22model_selection_logic%22%3A3%7D,Salon.zip Volume Styling Hair Shadow,2026-08-01,0.714,shopee,0.714,,2026-08-01,
8809467639523,jung saem mool,Essential Skin Nuder Cushion - Fair light,,,,,,,,,,none,,,,
8809826712645,jung saem mool,Essential Skin Nuder Cushion -  N-Light,,,,,,,,,,none,,,,
8809467639530,jung saem mool,Essential Skin Nuder Cushion -  #19 Light,,,,,,,,,,none,,,,
8809467639547,jung saem mool,Essential Skin Nuder Cushion - #21 Medium,,,,,,,,,,none,,,,
8809467630186,jung saem mool,Essential Skin Nuder Cushion - Medium Deep,,,,,,,,,,none,,,,
8809467638410,jung saem mool,Magnetic Edge Puff,,,,,,,,,,none,,,,
8809467634160,jung saem mool,Essential Mool Micro Fitting Mist,,,,,,https://shopee.sg/JUNGSAEMMOOL-Essential-Mool-Micro-Fitting-Mist-120ml-i.1005621654.22773220227?extraParams=%7B%22display_model_id%22%3A98748089014%2C%22model_selection_logic%22%3A3%7D,JUNGSAEMMOOL Essential Mool Micro Fitting Mist 120ml,2026-08-01,0.714,shopee,0.714,,2026-08-01,
8809826710580,jung saem mool,Essential Mool Cream Mini,,,,,,,,,,none,,,,
8809467639264,jung saem mool,Skin Setting Pore Cealer,,,,,,,,,,none,,,,
8809467638151,jung saem mool,Skin Nuder Pact Clear - Light,,,,,,,,,,none,,,,
8809467639226,jung saem mool,Skin Nuder Pact Satin - Satin Nude,,,,,,,,,,none,,,,
8809467638588,jung saem mool,Masterclass Powder Brush,,,,,,https://shopee.sg/JUNGSAEMMOOL-Masterclass-Powder-Brush-i.1005621654.25150357916?extraParams=%7B%22display_model_id%22%3A39513156100%2C%22model_selection_logic%22%3A3%7D,JUNGSAEMMOOL Masterclass Powder Brush,2026-08-01,0.75,shopee,0.75,,2026-08-01,
8809826710245,jung saem mool,Skin Nuder Cover Layer Cushion - Fair Light,,,,,,,,,,none,,,,
8809826710306,jung saem mool,Skin Nuder Cover Layer Cushion - N Light,,,,,,,,,,none,,,,
8809826710252,jung saem mool,Skin Nuder Cover Layer Cushion - Light,,,,,,,,,,none,,,,
8809826710269,jung saem mool,Skin Nuder Cover Layer Cushion - Medium,,,,,,,,,,none,,,,
8809826711099,jung saem mool,Skin Nuder Cover Layer Cushion - Medium Deep,,,,,,,,,,none,,,,
8809826711815,jung saem mool,Pro-Lasting Finish Powder Pact Bare Blur,,,,,,https://shopee.sg/JUNGSAEMMOOL-Pro-lasting-Finish-Powder-(Bare-blur)-i.1005621654.22273185960?extraParams=%7B%22display_model_id%22%3A186895080959%2C%22model_selection_logic%22%3A3%7D,JUNGSAEMMOOL Pro lasting Finish Powder (Bare blur),2026-08-01,0.75,shopee,0.75,,2026-08-01,
8809826716629,jung saem mool,Pro-Lasting Finish Powder Pact Sheer Lavender,,,,,42.00,https://shopee.sg/JUNGSAEMMOOL-Pro-lasting-Finish-Powder-Pact-i.1005621654.22947697932?extraParams=%7B%22display_model_id%22%3A225430563987%2C%22model_selection_logic%22%3A3%7D,JUNGSAEMMOOL Pro lasting Finish Powder Pact,2026-07-29,0.625,shopee,0.625,42.00,2026-07-29,
8809826716612,jung saem mool,Pro-Lasting Finish Powder Pact Sheer Pink,,,,,42.00,https://shopee.sg/JUNGSAEMMOOL-Pro-lasting-Finish-Powder-Pact-i.1005621654.22947697932?extraParams=%7B%22display_model_id%22%3A225430563987%2C%22model_selection_logic%22%3A3%7D,JUNGSAEMMOOL Pro lasting Finish Powder Pact,2026-07-29,0.625,shopee,0.625,42.00,2026-07-29,
8809826717084,jung saem mool,Artist Cushion Blush Bubbly Pink,,,,,,,,,,none,,,,
8809826717053,jung saem mool,Artist Cushion Blush Coral Halo,,,,,,,,,,none,,,,
8809826717039,jung saem mool,Artist Cushion Blush Dewy Coral,,,,,,,,,,none,,,,
8809826717077,jung saem mool,Artist Cushion Blush Lavender Pink,,,,,,,,,,none,,,,
8809826717091,jung saem mool,Artist Cushion Blush Odd Mauve,,,,,,,,,,none,,,,
8809826717046,jung saem mool,Artist Cushion Blush Peach Nectar,,,,,,,,,,none,,,,
8809826717022,jung saem mool,Artist Cushion Blush Ruddy Beige,,,,,,,,,,none,,,,
8809826717060,jung saem mool,Artist Cushion Blush Rare Rose,,,,,,,,,,none,,,,
8809695240508,k-secret,SEOUL 1988 Serum : Retinal Liposome 2% + Black Ginseng 30ml,23.10,https://sg.iherb.com/pr/k-secret-seoul-1988-serum-retinal-liposome-2-black-ginseng-1-01-fl-oz-30-ml/153117,2026-08-11,1.0,,,,,,iherb,1.0,23.10,2026-08-11,
8809695240560,k-secret,SEOUL 1988 Cleansing Oil : Pine Cica 1% + Probiotics 200ml,,https://sg.iherb.com/pr/k-secret-seoul-1988-cleansing-oil-pine-cica-1-probiotics-6-76-fl-oz-200-ml/153114,2026-08-11,1.0,,,,,,iherb,1.0,,2026-08-11,
8809695240584,k-secret,SEOUL 1988 Cream : Retinal Liposome 1% + Fermented Rice 50ml,26.97,https://sg.iherb.com/pr/k-secret-seoul-1988-cream-retinal-liposome-1-fermented-rice-1-69-fl-oz-50-ml/153112,2026-08-11,1.0,,,,,,iherb,1.0,26.97,2026-08-11,
8809695240676,k-secret,SEOUL 1988 Advanced Shot : Retinal Liposome 12% + Black Rice 15ml,,,,,,,,,,none,,,,
8809695240577,k-secret,SEOUL 1988 Eye Cream : Retinal Liposome 4% + Fermented Bean 30ml,22.63,https://sg.iherb.com/pr/k-secret-seoul-1988-eye-cream-retinal-liposome-4-fermented-bean-1-01-fl-oz-30-ml/153110,2026-08-11,1.0,,,,,,iherb,1.0,22.63,2026-08-11,
8809695240188,k-secret,Eye Gel Patches Instant Relief,22.10,https://sg.iherb.com/pr/k-secret-eye-gel-patches-instant-relief-60-patches/153118,2026-08-11,1.0,,,,,,iherb,1.0,22.10,2026-08-11,
8809695240195,k-secret,Eye Gel Patches Advanced Regenerating,22.10,https://sg.iherb.com/pr/k-secret-eye-gel-patches-advanced-regenerating-60-patches/153115,2026-08-11,1.0,,,,,,iherb,1.0,22.10,2026-08-11,
8809695241079,k-secret,SEOUL 1988 Retinal Glow Eye Patch : RETI-NAD + Turmeric,,,,,,,,,,none,,,,
8809695240706,k-secret,SEOUL 1988 Sleeping Mask : Collagen Complex 7 + Red Bean 60ml,,,,,,,,,,none,,,,
8809888882744,keyth,Perfumed Hand Cream #At her apartment,22.46,https://sg.iherb.com/pr/keyth-perfumed-hand-cream-at-her-apartment-2-36-fl-oz-70-ml/153031,2026-08-11,1.0,,,,,,iherb,1.0,22.46,2026-08-11,
8809888882720,keyth,Perfumed Hand Cream #Dropped pearl of dragon,,,,,,,,,,none,,,,
8809888882768,keyth,Perfumed Hand Cream #Hipnotic fog,,,,,,,,,,none,,,,
8809888882751,keyth,Perfumed Hand Cream #Epic Fleur,30.31,https://sg.iherb.com/pr/keyth-perfumed-hand-cream-epic-fleur-2-36-fl-oz-70-ml/153032,2026-08-11,1.0,,,,,,iherb,1.0,30.31,2026-08-11,
8809888882737,keyth,Perfumed Hand Cream #So black oud,26.27,https://sg.iherb.com/pr/keyth-perfumed-hand-cream-so-black-oud-2-36-fl-oz-70-ml/153033,2026-08-11,1.0,,,,,,iherb,1.0,26.27,2026-08-11,
8809482367432,klavuu,Actress Backstage Eyelash Booster Serum 10g,,,,,,,,,,none,,,,
4987072066447,kobayashi,Kobayashi - Lingerie Soap 120ml,,,,,,,,,,none,,,,
4971710578164,kose,Suncut Tone Up UV Essence Sunblock SPF 50+ PA++++ (yellow lemon),,,,,,,,,,none,,,,
4971710313673,kose,Fresh Care Dry Shampoo Sheet,,,,,,,,,,none,,,,
4971710394269,kose,Peanuts Snoopy S Carat Deodorant Cool Body Sheet #summer floral 20pcs,,,,,,,,,,none,,,,
8809450981233,lagom,Cellup Micro Foam Cleanser 2025 Ver - 120ml,19.43,https://sg.iherb.com/pr/lagom-cellup-micro-foam-cleanser-4-05-fl-oz-120-ml/148225,2026-08-11,1.0,,,,,,iherb,1.0,19.43,2026-08-11,
8809450981240,lagom,Cellup Gel To Water Cleanser 2025 Ver - 170ml,27.35,https://sg.iherb.com/pr/lagom-cellup-gel-to-water-cleanser-5-74-fl-oz-170-ml/148224,2026-08-11,1.0,,,,,,iherb,1.0,27.35,2026-08-11,
8809450981660,lagom,Cellus Sun Gel Plus 40ml,,,,,,,,,,none,,,,
No barcode,laneige,Lip Sleeping Mask EX Mini 3g,,,,,,,,,,none,,,,
No barcode,laneige,Water Sleeping Mask Mini,,,,,,https://shopee.sg/LANEIGE-Water-Sleeping-Mask-70ml-70ml-i.63665185.23654208985?extraParams=%7B%22display_model_id%22%3A39347655160%2C%22model_selection_logic%22%3A3%7D,LANEIGE Water Sleeping Mask 70ml 70ml,2026-08-01,0.6,shopee,0.6,,2026-08-01,
No barcode,laneige,Lip Sleeping Mask Gummy Bear Mini 3g,,,,,,,,,,none,,,,
No barcode,laneige,Lip Sleeping Mask Mango Mini 3g,,,,,,,,,,none,,,,
No barcode,laneige,Lip Sleeping Mask Sweet Candy Mini 3g,,,,,,,,,,none,,,,
8809925198319,laneige,Lip Glowy Balm Sweet Candy,,,,,,,,,,none,,,,
8809925198333,laneige,Lip Glowy Balm Berry,,,,,,,,,,none,,,,
8809803573061,laneige,Water Bank Blue Hyaluronic Gel Cream 50ml,,,,,,https://shopee.sg/LANEIGE-Water-Bank-Blue-Hyaluronic-Intensive-Cream-50ml-50ml-i.63665185.25364649021?extraParams=%7B%22display_model_id%22%3A197326472984%2C%22model_selection_logic%22%3A3%7D,LANEIGE Water Bank Blue Hyaluronic Intensive Cream 50ml 50ml,2026-08-01,0.75,shopee,0.75,,2026-08-01,
8809925196353,laneige,Water Sleeping Mask 70ml,,,,,,https://shopee.sg/LANEIGE-Water-Sleeping-Mask-70ml-70ml-i.63665185.23654208985?extraParams=%7B%22display_model_id%22%3A39347655160%2C%22model_selection_logic%22%3A3%7D,LANEIGE Water Sleeping Mask 70ml 70ml,2026-08-01,1.0,shopee,1.0,,2026-08-01,
8809925206342,laneige,Water Bank Gentle Gel Cleanser 250ml,,,,,,,,,,none,,,,
8809803540087,laneige,Water Bank Blue Hyaluronic Essence Toner - Normal to Dry Skin,,,,,,,,,,none,,,,
8809803540070,laneige,Water Bank Blue Hyaluronic Essence Toner - Combination to Oily Skin,,,,,,,,,,none,,,,
8809925200623,laneige,Water Bank Aqua Facial,,,,,,https://shopee.sg/-LANEIGE-Official-Water-Bank-Aqua-Facial-30ml-i.63665185.44028005241?extraParams=%7B%22display_model_id%22%3A385459947084%2C%22model_selection_logic%22%3A3%7D,LANEIGE Official Water Bank Aqua Facial 30ml,2026-08-01,0.667,shopee,0.667,,2026-08-01,
8809803540025,laneige,Water Bank Blue Hyaluronic Serum 50ml,,,,,,https://shopee.sg/LANEIGE-Water-Bank-Blue-Hyaluronic-Serum-50ml-50ml-i.63665185.20302102923?extraParams=%7B%22display_model_id%22%3A106597866391%2C%22model_selection_logic%22%3A3%7D,LANEIGE Water Bank Blue Hyaluronic Serum 50ml 50ml,2026-08-01,1.0,shopee,1.0,,2026-08-01,
8809925133297,laneige,Bouncy & Firm Sleeping Mask 60ml,,,,,,,,,,none,,,,
8800283655209,laneige,Neo Cushion The Matte 2026 Ver - #21W Warm Beige,,,,,,,,,,none,,,,
8800283655223,laneige,Neo Cushion The Matte 2026 Ver - #25C Cool Tan,,,,,,,,,,none,,,,
8809925198296,laneige,Lip Glowy Balm Blueberry,,,,,,,,,,none,,,,
8809925198326,laneige,Lip Glowy Balm Gummy Bear,,,,,,,,,,none,,,,
8809925198289,laneige,Lip Glowy Balm Mango,,,,,,,,,,none,,,,
8809925198302,laneige,Lip Glowy Balm Vanilla,,,,,,,,,,none,,,,
8809331319957,lebelage,Mega Cooling Sun Cushion,,,,,,,,,,none,,,,
4903301333296,lion,Ban Refreshing Premium Sheet Cool Type Cool Citrus - 30 pcs,,,,,,,,,,none,,,,
8858842026144,lipit,Umbrella Sun Balm SPF 50+ PA++++ - icy grape,,,,,,,,,,none,,,,
6979478348430,litology,98% High Purity PDRN Hydrating Purifying Cleansing Gel 100g,,,,,,,,,,none,,,,
6978647800731,litology,Blackhead Removal Shovel,,,,,,,,,,none,,,,
6978647801134,litology,98% High Purity PDRN Hydrating Essence Toner 50ml,,,,,,,,,,none,,,,
6979478343664,litology,98% High Purity PDRN Revival Lifting Essence Cream 15g,,,,,,,,,,none,,,,
6978647801103,litology,98% High Purity PDRN Hydrating Essence Mask,,,,,,,,,,none,,,,
6972884782782,litology,98% High Purity PDRN Blackhead Removal Nose Strip 30pcs,,,,,,,,,,none,,,,
4550516493736,ma cherie,Ma Cherie Moisture Shampoo,,,,,,,,,,none,,,,
4550516493750,ma cherie,Ma Cherie Moisture Conditioner,,,,,,,,,,none,,,,
4550516494054,ma cherie,Ma Cherie Hair Gelee EX F Soft Wave,,,,,,,,,,none,,,,
4550516493996,ma cherie,Ma Cherie Perfect Shower EX F Smooth,,,,,,,,,,none,,,,
4550516493835,ma cherie,Ma Cherie Hair Oil Mask EX F,,,,,,,,,,none,,,,
4902806127881,mandom,Gatsby Powdered Oil Clear Paper,,,,,,,,,,none,,,,
6926891828186,maogeping,Fantasy Bloom Dewy Crystal Gloss 104,,,,,,,,,,none,,,,
6926891828346,maogeping,Fantasy Bloom Glow Cheek Stick - 101,,,,,,,,,,none,,,,
6926891828353,maogeping,Fantasy Bloom Glow Cheek Stick - 102,,,,,,,,,,none,,,,
6926891828155,maogeping,Fantasy Bloom Dewy Crystal Gloss 101,,,,,,,,,,none,,,,
6926891828162,maogeping,Fantasy Bloom Dewy Crystal Gloss 102,,,,,,,,,,none,,,,
6926891828179,maogeping,Fantasy Bloom Dewy Crystal Gloss 103,,,,,,,,,,none,,,,
6926891828193,maogeping,Fantasy Bloom Dewy Crystal Gloss 105,,,,,,,,,,none,,,,
6926891824379,maogeping,Astral Glory Long-Lasting Cushion Foundation-#701 - 14g,,,,,,,,,,none,,,,
6926891824386,maogeping,Astral Glory Long-Lasting Cushion Foundation-#702 - 14g,,,,,,,,,,none,,,,
6926891818880,maogeping,Luxury Caviar Flawless Cushion Liquid Foundation SPF30 PA+++-#801 - 14g,,,,,,,,,,none,,,,
6926891818897,maogeping,Luxury Caviar Flawless Cushion Liquid Foundation SPF30 PA+++-#802 - 14g,,,,,,,,,,none,,,,
6926891824164,maogeping,Luminous Light Veiling Pressed Powder (11.5g)-#801 - 11.5g,,,,,,,,,,none,,,,
6926891824171,maogeping,Luminous Light Veiling Pressed Powder (11.5g)-#802 - 11.5g,,,,,,,,,,none,,,,
6926891819856,maogeping,3D Light Contour Pressed Powder Palette,,,,,,,,,,none,,,,
6926891821767,maogeping,Gauzy Magic Blush-#801 - 3.5g,,,,,,,,,,none,,,,
6926891821774,maogeping,Gauzy Magic Blush-#802 - 3.5g,,,,,,,,,,none,,,,
6926891821781,maogeping,Gauzy Magic Blush-#803 - 3.5g,,,,,,,,,,none,,,,
6926891821811,maogeping,Gauzy Magic Blush-#806 - 3.5g,,,,,,,,,,none,,,,
6926891824355,maogeping,Gauzy Magic Blush-#814 - 3.5g,,,,,,,,,,none,,,,
6926891824362,maogeping,Gauzy Magic Blush-#818 - 3.5g,,,,,,,,,,none,,,,
6926891824713,maogeping,Luminous Transparent Loose Powder-#801 (Black Wing Edition) - 8g,,,,,,,,,,none,,,,
6926891820395,maogeping,Luminous Colorful Loose Powder-#801 - 6.5g,,,,,,,,,,none,,,,
6926891820401,maogeping,Luminous Colorful Loose Powder-#802 - 6.5g,,,,,,,,,,none,,,,
6926891824652,maogeping,Feathery Air Matte Lip Glaze-#801 - 6.5ml,,,,,,,,,,none,,,,
6926891824669,maogeping,Feathery Air Matte Lip Glaze-#802 - 6.5ml,,,,,,,,,,none,,,,
6926891824676,maogeping,Feathery Air Matte Lip Glaze-#803 - 6.5ml,,,,,,,,,,none,,,,
6926891824683,maogeping,Feathery Air Matte Lip Glaze-#804 - 6.5ml,,,,,,,,,,none,,,,
6926891824690,maogeping,Feathery Air Matte Lip Glaze-#805 - 6.5ml,,,,,,,,,,none,,,,
6926891824706,maogeping,Feathery Air Matte Lip Glaze-#806 - 6.5ml,,,,,,,,,,none,,,,
6926891824751,maogeping,Feathery Air Matte Lip Glaze-#807 - 6.5ml,,,,,,,,,,none,,,,
6926891826052,maogeping,Celestial Radiance Eyeshadow-#S801 - 2.5g,,,,,,,,,,none,,,,
6926891826069,maogeping,Celestial Radiance Eyeshadow-#S802 - 2.5g,,,,,,,,,,none,,,,
6926891826076,maogeping,Celestial Radiance Eyeshadow-#S803 - 2.5g,,,,,,,,,,none,,,,
6926891826083,maogeping,Celestial Radiance Eyeshadow-#S804 - 2.5g,,,,,,,,,,none,,,,
6926891826090,maogeping,Celestial Radiance Eyeshadow-#S805 - 2.5g,,,,,,,,,,none,,,,
6926891824485,maogeping,Fresh Makeup UV Primer SPF50+/PA+++ 30ml,,,,,,,,,,none,,,,
6926891824959,maogeping,Ivory Skin Primer Cream,,,,,,,,,,none,,,,
6926891827271,maogeping,Perfecting Radiance Primer Cream-#811 - 30ml,,,,,,,,,,none,,,,
8809510000812,marshique,Wrinkle Repair Forehead Line Patch 2026 Ver - 15 patches,,,,,,,,,,none,,,,
8809510000614,marshique,Wrinkle Repair Frown Line Patch 2026 Ver - 60 patches,,,,,,,,,,none,,,,
8809510000652,marshique,Wrinkle Repair Smile Line Patch 2026 Ver - 60 patches,,,,,,,,,,none,,,,
8809510001116,marshique,Line Lifting Hydrogel Jawline Patch 3 patches,,,,,,,,,,none,,,,
8809510001215,marshique,Enriched Makeup Fixing Sealer 9.5ml,,,,,,,,,,none,,,,
8809510000621,marshique,Enriched Lash Serum Black 7.5ml,,,,,,,,,,none,,,,
8809510001086,marshique,Enriched Lash Serum Intense #01 Black,,,,,,,,,,none,,,,
8809510000676,marshique,Enriched Lash Serum Intense #02 Brown,,,,,,,,,,none,,,,
8809510000775,marshique,Enriched Lash Serum Intense #03 Ash,,,,,,,,,,none,,,,
8809510000874,marshique,Enriched Lash & Brow Self Perm Kit 1 set,,,,,,,,,,none,,,,
8809510000034,marshique,Enriched Lash & Brow Serum 7.5g,,,,,,,,,,none,,,,
8809744060088,masil,8 Seconds Salon Super Mild Hair Mask,,,,,,,,,,none,,,,
8809744060057,masil,8 Seconds Liquid Hair Mask,,,,,,,,,,none,,,,
8809744060033,masil,9 Protein Perfume Silk Balm,,,,,,,,,,none,,,,
8809744060439,masil,5 Probiotics Apple Vinegar Shampoo,,,,,,,,,,none,,,,
8809744060392,masil,5 Probiotics Color Radiance Shampoo,,,,,,,,,,none,,,,
8809744060415,masil,5 Probiotics Perfect Volume Shampoo,,,,,,,,,,none,,,,
8800361911142,maxclinic,Sunkill Mineral UV Sun Powder,,,,,,,,,,none,,,,
8800366241060,medicube,Vanilla Hair Body Fragrance Mist Mini 100ml,,,,,,,,,,none,,,,
8800256115532,medicube,PDRN PINK EXOSOME SHOT SERUM 2000 30ml,26.82,https://sg.iherb.com/pr/medicube-pdrn-pink-collagen-exosome-shot-serum-2000-1-01-fl-oz-30-ml/154372,2026-08-11,1.0,,,,,,iherb,1.0,26.82,2026-08-11,
8800256113101,medicube,PDRN PINK HYALURONIC MOISTURIZING CREAM 50ml,,,,,,,,,,none,,,,
8800289478772,medicube,PDRN PINK COLLAGEN GLOW JELLY MIST SERUM 100ml,26.23,https://sg.iherb.com/pr/medicube-pdrn-pink-collagen-glow-jelly-mist-serum-3-38-fl-oz-100-ml/160152,2026-08-11,1.0,,https://shopee.sg/-medicube-official-PDRN-Pink-Collagen-Glow-Jelly-Mist-Serum-i.140962220.56051713247?extraParams=%7B%22display_model_id%22%3A425938014088%2C%22model_selection_logic%22%3A3%7D,medicube official PDRN Pink Collagen Glow Jelly Mist Serum,2026-08-01,0.778,iherb,1.0,26.23,2026-08-11,
8809517413936,medicube,Red Clear Cica Body Mist 200ml,,,,,,,,,,none,,,,
8800256108053,medicube,PDRN PINK PEPTIDE SERUM 30ml,26.82,https://sg.iherb.com/pr/medicube-pdrn-pink-peptide-serum-1-01-fl-oz-30-ml/150469,2026-08-11,1.0,,,,,,iherb,1.0,26.82,2026-08-11,
8800289468674,medicube,(US) AGE-R BOOSTER PRO X2 WHITE,,,,,,,,,,none,,,,
8800256113217,medicube,COLLAGEN NIGHT WRAPPING MASK,31.85,https://sg.iherb.com/pr/medicube-collagen-night-wrapping-mask-2-53-fl-oz-75-ml/150472,2026-08-11,1.0,,,,,,iherb,1.0,31.85,2026-08-11,
8800289461552,medicube,COLLAGEN GLOW SUNSCREEN 50ml,,,,,,,,,,none,,,,
8800240576608,medicube,COLLAGEN FIRMING SUNCREAM 50ml,,,,,,,,,,none,,,,
8800256114665,medicube,2024 ZERO PORE PAD 2.0,28.79,https://sg.iherb.com/pr/medicube-zero-pore-pad-2-0-70-pads/155731,2026-08-11,1.0,,,,,,iherb,1.0,28.79,2026-08-11,
8800289467240,medicube,ZERO PORE ONE DAY PEPTIDE SERUM 30ml,,,,,,,,,,none,,,,
8809981334928,medicube,ONE DAY EXOSOME SHOT PORE SERUM 2000 30ml,28.06,https://sg.iherb.com/pr/medicube-one-day-exosome-shot-2000-1-01-fl-oz-30-ml/148693,2026-08-11,1.0,,,,,,iherb,1.0,28.06,2026-08-11,
8800289477416,medicube,KOJIC ACID TURMERIC NIACINAMIDE SERUM 30ml,,,,,,,,,,none,,,,
8800289474859,medicube,KOJIC ACID TURMERIC NIGHT WRAPPING MASK 75ml,34.77,https://sg.iherb.com/pr/medicube-kojic-acid-turmeric-night-wrapping-beauty-mask-2-53-fl-oz-75-ml/154356,2026-08-11,1.0,,,,,,iherb,1.0,34.77,2026-08-11,
8809982769866,medicube,DEEP VITA C CAPSULE CREAM 55g,32.90,https://sg.iherb.com/pr/medicube-deep-vita-c-capsule-cream-1-94-oz-55-g/148697,2026-08-11,1.0,,,,,,iherb,1.0,32.90,2026-08-11,
8800240579838,medicube,DEEP LIFTING PEPTIDE EYE CREAM FOR FACE 30ml,,,,,,,,,,none,,,,
8800240575298,medicube,Zero Foam Cleanser 120ml,14.44,https://sg.iherb.com/pr/medicube-zero-foam-cleanser-4-23-oz-120-g/152020,2026-08-11,1.0,22.50,https://shopee.sg/-medicube-official-Zero-Foam-Cleanser-i.140962220.3852781407?extraParams=%7B%22display_model_id%22%3A51024625875%2C%22model_selection_logic%22%3A3%7D,medicube official Zero Foam Cleanser,2026-07-30,0.6,iherb,1.0,14.44,2026-08-11,
8800240567330,medicube,Zero Pore Cream 2.0 50ml,25.61,https://sg.iherb.com/pr/medicube-zero-pore-cream-2-0-1-69-fl-oz-50-ml/150884,2026-08-11,1.0,,,,,,iherb,1.0,25.61,2026-08-11,
8809960356767,medicube,Zero Pore Blackhead Mud Mask 100g,,,,,,https://shopee.sg/-medicube-official-Zero-Pore-Blackhead-Mud-Mask-i.140962220.26753692578?extraParams=%7B%22display_model_id%22%3A247803844766%2C%22model_selection_logic%22%3A3%7D,medicube official Zero Pore Blackhead Mud Mask,2026-08-01,0.714,shopee,0.714,,2026-08-01,
8800289462719,medicube,PDRN PINK PEPTIE SERUM ULTRA LIGHT 30ml,,,,,,,,,,none,,,,
8800256115365,medicube,PDRN PINK ONE DAY SERUM 1.5ml x 10pcs,,,,,,,,,,none,,,,
8800256119042,medicube,PDRN PINK PEPTIDE EYE CREAM 30ml,25.01,https://sg.iherb.com/pr/medicube-pdrn-pink-peptide-eye-cream-1-01-fl-oz-30-ml/154377,2026-08-11,1.0,,,,,,iherb,1.0,25.01,2026-08-11,
8800256114320,medicube,TRIPLE COLLAGEN TONER 4.0 140ml,17.44,https://sg.iherb.com/pr/medicube-triple-collagen-toner-4-73-fl-oz-140-ml/150879,2026-08-11,1.0,,,,,,iherb,1.0,17.44,2026-08-11,
8809981339206,medicube,COLLAGEN GLOW BOOSTER SERUM 15ml,25.94,https://sg.iherb.com/pr/medicube-collagen-glow-booster-serum-0-50-fl-oz-15-ml/154361,2026-08-11,1.0,,,,,,iherb,1.0,25.94,2026-08-11,
8800256112227,medicube,COLLAGEN JELLY CREAM 50ml,21.36,https://sg.iherb.com/pr/medicube-collagen-jelly-cream-1-69-fl-oz-50-ml/150470,2026-08-11,1.0,,,,,,iherb,1.0,21.36,2026-08-11,
8800256114313,medicube,TRIPLE COLLAGEN CREAM 4.0 50ml,,,,,,,,,,none,,,,
8809517411352,medicube,RED FOAM CLEANSER 2020 230ml,,,,,,,,,,none,,,,
8800289479991,medicube,HYPOCHLOROUS ACID DAILY FACIAL SPRAY 125ml,,,,,,,,,,none,,,,
8800256119226,medicube,ZERO PORE CLEARING CAPSULE CLEANSING FOAM,,,,,,,,,,none,,,,
8800256119141,medicube,Hyaluronic Multi Peptide Serum 30ml,,,,,,,,,,none,,,,
8800289477423,medicube,Hyaluronic ceramide Jelly cream 50ml,22.76,https://sg.iherb.com/pr/medicube-hyaluronic-ceramide-jelly-cream-1-69-fl-oz-50-ml/156767,2026-08-11,1.0,,,,,,iherb,1.0,22.76,2026-08-11,
8800289477478,medicube,Hyaluronic moisturizing capsule cream 55g,39.72,https://sg.iherb.com/pr/medicube-hyaluronic-moisturizing-capsule-cream-1-94-oz-55-g/156766,2026-08-11,1.0,,https://shopee.sg/-medicube-official-Hyaluronic-Moisturizing-Capsule-Cream-i.140962220.43873094444?extraParams=%7B%22display_model_id%22%3A301878043007%2C%22model_selection_logic%22%3A3%7D,medicube official Hyaluronic Moisturizing Capsule Cream,2026-07-30,0.667,iherb,1.0,39.72,2026-08-11,
8800289475023,medicube,KOJIC ACID TURMERIC RESURFACING TONER 250ml,,,,,,,,,,none,,,,
8800289479588,medicube,KOJIC ACID TURMERIC VITA CAPSULE CREAM 53g,,,,,,,,,,none,,,,
8800289479977,medicube,DEEP VITA C CAPSULE SERUM 30ml,,,,,,,,,,none,,,,
8800240566944,medicube,DEEP VITA C AMPOULE,,,,,,https://shopee.sg/-medicube-official-Deep-Vita-C-Ampoule-i.140962220.3737810427?extraParams=%7B%22display_model_id%22%3A148768008741%2C%22model_selection_logic%22%3A3%7D,medicube official Deep Vita C Ampoule,2026-07-21,0.75,shopee,0.75,,2026-07-21,
8800256115167,medicube,Zero Pore Toner 250ml,,https://sg.iherb.com/pr/medicube-zero-pore-toner-8-45-fl-oz-250-ml/154369,2026-08-11,1.0,,,,,,iherb,1.0,,2026-08-11,
8800256114283,medicube,Zero Pore Serum 2.0 37ml,21.01,https://sg.iherb.com/pr/medicube-zero-pore-serum-2-0-1-25-fl-oz-37-ml/150877,2026-08-11,1.0,,,,,,iherb,1.0,21.01,2026-08-11,
8800256115556,medicube,One Day Exosome Shot Pore Ampoule 25000 13ml,,,,,,,,,,none,,,,
8800256114610,medicube,Zero Pore Blackhead Cleansing Oil 205ml,23.30,https://sg.iherb.com/pr/medicube-zero-pore-blackhead-deep-cleansing-oil-6-93-fl-oz-205-ml/150876,2026-08-11,1.0,,,,,,iherb,1.0,23.30,2026-08-11,
8809517411345,medicube,Red Foam Cleanser 120ml,,,,,,https://shopee.sg/-medicube-official-7.7-Special-Red-Foam-Cleanser-120ml-1-1-i.140962220.47263098916?extraParams=%7B%22display_model_id%22%3A421133901392%2C%22model_selection_logic%22%3A3%7D,medicube official 7.7 Special Red Foam Cleanser 120ml 1 1,2026-07-21,0.667,shopee,0.667,,2026-07-21,
8800289473159,medicube,PDRN Pink Niacinamide Whip Cleanser,,,,,,,,,,none,,,,
8800256119332,medicube,Zero Pore Moisture Sun Serum 50ml,,,,,,https://shopee.sg/-medicube-official-Zero-Pore-Moisture-Sun-Serum-i.140962220.41450700416?extraParams=%7B%22display_model_id%22%3A265198735708%2C%22model_selection_logic%22%3A2%7D,medicube official Zero Pore Moisture Sun Serum,2026-07-30,0.714,shopee,0.714,,2026-07-30,
8800366240575,medicube,PDRN Pink Tone Up Sun Cream 50ml,,,,,,,,,,none,,,,
8800256114603,medicube,Kojic Acid Turmeric Brightening Gel Mask Set 28g x 4,,https://sg.iherb.com/pr/medicube-kojic-acid-turmeric-brightening-gel-beauty-mask-4-sheets-0-98-oz-28-g-each/154371,2026-08-11,1.0,,,,,,iherb,1.0,,2026-08-11,
8800256113057,medicube,Deep Vita C Glutathione Brightening Mask 27ml x 1,3.53,https://sg.iherb.com/pr/medicube-deep-vita-c-glutathione-brightening-beauty-mask-1-sheet-0-91-fl-oz-27-ml/154368,2026-08-11,1.0,,,,,,iherb,1.0,3.53,2026-08-11,
8800240569969,medicube,Zero Pore Cooling Mask 27g,3.50,https://sg.iherb.com/pr/medicube-zero-pore-cooling-beauty-mask-1-sheet-0-95-oz-27-g/154365,2026-08-11,1.0,,,,,,iherb,1.0,3.50,2026-08-11,
8809517411741,medicube,Collagen Lifting Mask 27g,3.51,https://sg.iherb.com/pr/medicube-collagen-lifting-beauty-mask-1-sheet-0-95-oz-27-g/154354,2026-08-11,1.0,,,,,,iherb,1.0,3.51,2026-08-11,
8800289466441,medicube,PDRN Pink Caffeine Collagen Eye Patch 60,,,,,,https://shopee.sg/-medicube-official-PDRN-Caffeine-Collagen-Eye-Patch-i.140962220.50159552208?extraParams=%7B%22display_model_id%22%3A410844683273%2C%22model_selection_logic%22%3A3%7D,medicube official PDRN Caffeine Collagen Eye Patch,2026-08-01,0.625,shopee,0.625,,2026-08-01,
8809960355425,medicube,Pore Brush 20g,,,,,,,,,,none,,,,
8800289470455,medicube,PDRN Lip Sleeping Mask 10g,19.28,https://sg.iherb.com/pr/medicube-pdrn-lip-sleeping-mask-0-35-oz-10-g/154370,2026-08-11,1.0,,,,,,iherb,1.0,19.28,2026-08-11,
8800289475221,medicube,AGE-R Booster Pro Mini Plus Pink 1 Set (English ver),,,,,,,,,,none,,,,
8800256114979,medicube,AGE-R PDRN Booster Gel 300ml,,,,,,https://shopee.sg/-medicube-official-AGE-R-PDRN-Booster-Gel-300ml-Gel-PDRN-Booster-AGE-R-300ml-i.140962220.42919638413?extraParams=%7B%22display_model_id%22%3A281607465357%2C%22model_selection_logic%22%3A3%7D,medicube official AGE R PDRN Booster Gel 300ml Gel PDRN Booster AGE R 300ml,2026-08-01,0.833,shopee,0.833,,2026-08-01,
8800289479519,medicube,Kojic Acid Turmeric Vita Brightening Body Wash 400ml,,,,,,,,,,none,,,,
8800289461408,medicube,Kojic Acid Turmeric Body Peel Shot 280ml,,,,,,,,,,none,,,,
8809936587119,medicube,Red Acne Body Wash 2023 ver - 400g,29.95,https://sg.iherb.com/pr/medicube-red-acne-body-wash-14-1-oz-400-g/150875,2026-08-11,1.0,,,,,,iherb,1.0,29.95,2026-08-11,
8800289479885,medicube,Hypochlorous Acid Body Peel Shot 280ml,,,,,,,,,,none,,,,
8800289479502,medicube,Hypochlorous Acid Daily Facial Spray Mini,,,,,,,,,,none,,,,
8800289461972,medicube,Rosemary PDRN Scalp Serum 20ml,,,,,,,,,,none,,,,
8800289461965,medicube,Rosemary PDRN Cooling Thickening Shampoo 400ml,,,,,,https://shopee.sg/-medicube-official-Rosemary-PDRN-Cooling-Thickening-Shampoo-400ml-i.140962220.44329136618?extraParams=%7B%22display_model_id%22%3A330621455884%2C%22model_selection_logic%22%3A3%7D,medicube official Rosemary PDRN Cooling Thickening Shampoo 400ml,2026-08-01,0.857,shopee,0.857,,2026-08-01,
8800289461989,medicube,Rosemary PDRN Hair & Scalp Conditioner 250ml,,,,,,,,,,none,,,,
8800289467448,medicube,Rosemary PDRN Damage Care Hair Mask 200ml,,,,,,,,,,none,,,,
8800289468049,medicube,Deoxyribose Scalp Serum,,,,,,,,,,none,,,,
8809517413646,medicube,Soyxidil Shampoo 490ml,,,,,,,,,,none,,,,
8800256112487,medicube,Soymint Scaling Shampoo 490ml,,,,,,,,,,none,,,,
8809731950224,mediflower,MediFlower - Secret Toc Inner Feminine Deodorant 10ml,,,,,,,,,,none,,,,
8809941820393,medipeel,Peptide 9 Bio Sun Stick Pro Renewed - 19g,,,,,,,,,,none,,,,
8809409346502,medipeel,Derma Maison Aloe Balancing Treatment Jumbo 500ml,,,,,,,,,,none,,,,
8809941826234,medipeel,Premium Peptide Naite 1500 Shot Neck Patch 1.0 3.5g x 4 patches,,,,,,,,,,none,,,,
8809941826159,medipeel,MEDIPEEL - EGF Scaling Moisture Foot Cream 2.0 130g,,,,,,,,,,none,,,,
6944750415766,meifubao,Five Treasure Elastic Firming Essence 40ml,,,,,,,,,,none,,,,
6944750467727,meifubao,Five Treasure Moisturizing Cleansing Lotion 100g,,,,,,,,,,none,,,,
6944750415742,meifubao,Five Treasure Elastic Firming Skin Toner 120g,,,,,,,,,,none,,,,
6944750415759,meifubao,Five Treasure Elastic Firming Lotion 100ml,,,,,,,,,,none,,,,
6944750493061,meifubao,Five Treasure Elastic Firming Cream 30g,,,,,,,,,,none,,,,
6944750492323,meifubao,Hydration Revitalizing Firming Mask,,,,,,,,,,none,,,,
8809751070971,melixir,Vegan Airfit Sunscreen,,,,,,,,,,none,,,,
4901301406095,merit,Merit Day+ Dry Shampoo Sheets - Verbena & Lemon,,,,,,,,,,none,,,,
8809510680175,merzy,The First Gel Eyeliner #G1 Black Moon,,,,,,,,,,none,,,,
8809510681936,merzy,The First Gel Eyeliner #G11 Charcoal Brown,,,,,,,,,,none,,,,
8809510681943,merzy,The First Gel Eyeliner #G12 Sienna Brown,,,,,,,,,,none,,,,
8809510681950,merzy,The First Gel Eyeliner #G13 Amber Brown,,,,,,,,,,none,,,,
8809510681967,merzy,The First Gel Eyeliner #G14 Crimson,,,,,,,,,,none,,,,
8809510680199,merzy,The First Gel Eyeliner #G2 Dutch Brown,,,,,,,,,,none,,,,
8809510680205,merzy,The First Gel Eyeliner #G3 Amber Bronze,,,,,,,,,,none,,,,
8809510680212,merzy,The First Gel Eyeliner #G4 Gold Label,,,,,,,,,,none,,,,
8809510680229,merzy,The First Gel Eyeliner #G5 Rosy Burgundy,,,,,,,,,,none,,,,
8809510680359,merzy,The First Gel Eyeliner #G6 Soft Brown,,,,,,,,,,none,,,,
8800253025513,milktouch,Black Peel Off Lip Tattoo #01 Black Cherry,,,,,,,,,,none,,,,
8800253025544,milktouch,Black Peel Off Lip Tattoo #02 Black Plum,,,,,,,,,,none,,,,
8800253025520,milktouch,Black Peel Off Lip Tattoo #03 Black Apple,,,,,,,,,,none,,,,
8800253025537,milktouch,Black Peel Off Lip Tattoo #04 Black Apricot,,,,,,,,,,none,,,,
8800253025551,milktouch,Black Peel Off Lip Tattoo #05 Black Fig,,,,,,,,,,none,,,,
8800253022154,milktouch,Jelly Fit Tinted Glow Tint #07 Autumn Peach,,,,,,,,,,none,,,,
8800253024660,milktouch,Jelly Fit Tinted Glow Tint #08 Rosy Breeze,,,,,,,,,,none,,,,
8800253024646,milktouch,Jelly Fit Tinted Glow Tint #10 Fallen Coco,,,,,,,,,,none,,,,
8800253024653,milktouch,Jelly Fit Tinted Glow Tint 2025 Version - #09 Pine Mauve,,,,,,,,,,none,,,,
8809581452343,missha,All-around Safe Block Waterproof Sun Milk SPF50+ PA++++ 70ml 2018 New Version - 70ml,,,,,,,,,,none,,,,
8809747962624,missha,Vita C Plus Sleeping Pack Cream 50ml,,,,,,,,,,none,,,,
8800287117598,missha,Vita C Plus Ascorbic Acid Spot Clear Melting Gel Wash 120g,,,,,,,,,,none,,,,
8809643525169,missha,Vita C Plus Brightening Toner 200ml,32.84,https://sg.iherb.com/pr/missha-vita-c-plus-ascorbic-acid-brightening-toner-6-76-fl-oz-200-ml/105783,2026-08-11,1.0,,,,,,iherb,1.0,32.84,2026-08-11,
8809747957057,missha,All-Around Safe Block Essence Sun Mist 80ml,,,,,,,,,,none,,,,
8809747957101,missha,Safe Block RX Rosy Tone Up Sun Cushion 12g,,,,,,,,,,none,,,,
8809747945078,missha,Time Revolution Night Repair Ampoule Mask 30g,,,,,,,,,,none,,,,
8809581458611,missha,Cell Renew Snail Sleeping Mask 110ml,32.72,https://sg.iherb.com/pr/missha-cell-renew-snail-sleeping-beauty-mask-3-71-fl-oz-110-ml/85013,2026-08-11,1.0,,,,,,iherb,1.0,32.72,2026-08-11,
8806185793124,missha,M Perfect Cover BB Cream SPF42 PA+++ #23 Natural Beige,20.16,https://sg.iherb.com/pr/missha-m-perfect-cover-b-b-cream-spf-42-pa-no-23-natural-beige-1-69-fl-oz-50-ml/79051,2026-08-11,1.0,,,,,,iherb,1.0,20.16,2026-08-11,
8809530064955,missha,M Perfect Cover BB Cream SPF42 PA+++ #25 Warm Beige,20.16,https://sg.iherb.com/pr/missha-m-perfect-cover-b-b-cream-spf-42-pa-no-25-warm-beige-1-69-fl-oz-50-ml/98360,2026-08-11,1.0,,,,,,iherb,1.0,20.16,2026-08-11,
8806185735131,missha,M Perfect Cover BB Cream SPF42 PA+++ #29 Caramel Beige,,https://sg.iherb.com/pr/missha-m-perfect-cover-b-b-cream-spf-42-pa-no-29-caramel-beige-1-69-fl-oz-50-ml/98356,2026-08-11,1.0,,,,,,iherb,1.0,,2026-08-11,
8809732914812,mixsoon,Bean Cleansing Oil 100ml,,,,,,,,,,none,,,,
8809732911880,mixsoon,Bean Essence 30ml,29.46,https://sg.iherb.com/pr/mixsoon-bean-essence-1-01-fl-oz-30-ml/140440,2026-08-11,1.0,,,,,,iherb,1.0,29.46,2026-08-11,
8809732910661,mixsoon,Bean Cream 50ml,41.20,https://sg.iherb.com/pr/mixsoon-bean-cream-1-69-fl-oz-50-ml/126510,2026-08-11,1.0,,,,,,iherb,1.0,41.20,2026-08-11,
8809732912320,mixsoon,Bean Eye Cream 20ml,37.46,https://sg.iherb.com/pr/mixsoon-bean-eye-cream-0-67-fl-oz-20-ml/140858,2026-08-11,1.0,,,,,,iherb,1.0,37.46,2026-08-11,
8809732914393,mixsoon,Centella Cleansing Water Renewed: 300ml,,,,,,,,,,none,,,,
8809732911583,mixsoon,Toner 150ml Centella Asiatica,19.69,https://sg.iherb.com/pr/mixsoon-centella-asiatica-toner-5-07-fl-oz-150-ml/140863,2026-08-11,1.0,,,,,,iherb,1.0,19.69,2026-08-11,
8809732914379,mixsoon,Essence 30ml Soondy Centella Asiatica,,,,,,,,,,none,,,,
8809732912214,mixsoon,Centella Cleansing Foam,23.50,https://sg.iherb.com/pr/mixsoon-centella-cleansing-foam-5-07-fl-oz-150-ml/140856,2026-08-11,1.0,,,,,,iherb,1.0,23.50,2026-08-11,
8809732915925,mixsoon,Hyalraebae Pore Blurring Cream 50ml,,,,,,,,,,none,,,,
8809732914584,mixsoon,Bean Sun Serum 50ml,,,,,,,,,,none,,,,
8809732914522,mixsoon,Bean Collagen Hydrogel Mask Set 2025 ver - 35g x 5 sheets,,,,,,,,,,none,,,,
8809732913341,mixsoon,Cica-Hyal Hydrogel Eye Patch 60 patches,,,,,,,,,,none,,,,
8809732914102,mixsoon,Natural Bean Lip Mask Balm,,,,,,,,,,none,,,,
8809732916229,mixsoon,PDRN Collagen Tinted Moisturizer -#21 Soft,,,,,,,,,,none,,,,
8809732916236,mixsoon,PDRN Collagen Tinted Moisturizer -#23 Aura,,,,,,,,,,none,,,,
8859214800478,mizumi,Skincare UV Lip Glassy Mask SPF 50+ PA++++ clear,,,,,,,,,,none,,,,
8859214800751,mizumi,UV Ultimate Matte & Oil Control Sunscreen SPF 50+ PA++++,,,,,,,,,,none,,,,
8859214800539,mizumi,UV Cooling Body Serum SPF 50+ PA++++ 165ml,,,,,,,,,,none,,,,
8859214800720,mizumi,MizuMi - UV Bright Body Serum Tone Up Sunscreen Beige SPF 50+ PA++++  120g,,,,,,,,,,none,,,,
6975663558516,mlsmile,MLSMILE - No-rinse Oil-removing Fluffy Gel Dry Shampoo #01 Citrus 75ml,,,,,,,,,,none,,,,
8809831080821,modamoda,Zero Gray Black Shampoo 10,,,,,,,,,,none,,,,
8809918991231,moev,Annurcatin Hair Tonic 150ml,,,,,,,,,,none,,,,
8809918991347,moev,Annurcatin Hair Oil Essence 80ml,,,,,,,,,,none,,,,
8809918991170,moev,Hair Steamer Pro,,,,,,,,,,none,,,,
8809918991163,moev,Oil Cartridges Set,,,,,,,,,,none,,,,
8809918991354,moev,Scalp Massage Brush,,,,,,,,,,none,,,,
8809494587040,moev,Annurcatin Shampoo 300ml,,,,,,,,,,none,,,,
8809494587064,moev,Annurcatin Treatment 200ml,,,,,,,,,,none,,,,
8809494587927,moev,Annurcatin Water Treatment 300ml,,,,,,,,,,none,,,,
8809918991361,moev,Annurcatin No Sebum Hair Cream 30g,,,,,,,,,,none,,,,
8809432014331,mqmy,UV Daily Sun Cream (Matt Finish),,,,,,,,,,none,,,,
8809432014317,mqny,My Gyeol-Fit Tint Brow - deep brown,,,,,,,,,,none,,,,
8809432014324,mqny,My Gyeol-Fit Tint Brow - gray brown,,,,,,,,,,none,,,,
8809432014300,mqny,My Gyeol-Fit Tint Brow - natural brown,,,,,,,,,,none,,,,
8809432018773,mqny,Waterproof Tattoo Pen Eyeliner - deep black,,,,,,,,,,none,,,,
8809432018780,mqny,Waterproof Tattoo Pen Eyeliner - deep brown,,,,,,,,,,none,,,,
8809432015437,mqny,Extreme Long Lash Potencara,,,,,,,,,,none,,,,
8809517464419,nacific,Phyto Niacin Brightening Tone-Up Cream 50ml,,,,,,,,,,none,,,,
8809562556077,naming,Layered Fit Cushion #19N,,,,,,,,,,none,,,,
8809562559320,naming,Layered Fit Cushion #21P,,,,,,,,,,none,,,,
8809562554523,naming,Layered Fit Cushion #21Y,,,,,,,,,,none,,,,
8809562554530,naming,Layered Fit Cushion #23Y,,,,,,,,,,none,,,,
8809738603437,naming,Fluffy Powder Blush Bagel,,,,,,,,,,none,,,,
8809657113765,naming,Fluffy Powder Blush Halo,,,,,,,,,,none,,,,
8809562558187,naming,Fluffy Powder Blush Niese,,,,,,,,,,none,,,,
8809562558217,naming,Fluffy Powder Blush Pillow,,,,,,,,,,none,,,,
8809562558194,naming,Fluffy Powder Blush Pove,,,,,,,,,,none,,,,
8800280694805,naming,Fluffy Powder Blush Taro,,,,,,,,,,none,,,,
8809657113796,naming,Fluffy Powder Blush Toast,,,,,,,,,,none,,,,
8809657113758,naming,Fluffy Powder Blush Yummy,,,,,,,,,,none,,,,
8809487041900,nard,NARD - Body Wash #Lavender Musk 1000ml,,,,,,,,,,none,,,,
8809487045328,nard,NARD - Body Lotion #Lavender Musk 1000ml,,,,,,,,,,none,,,,
8809487044598,nard,NARD - Moisturizing Therapy Body Oil 300ml,,,,,,https://shopee.sg/-NARD-Moisturizing-Therapy-Body-Oil-300ml-i.567539088.24860336224?extraParams=%7B%22display_model_id%22%3A250262582903%2C%22model_selection_logic%22%3A3%7D,NARD Moisturizing Therapy Body Oil 300ml,2026-08-01,0.833,shopee,0.833,,2026-08-01,
8809487043478,nard,NARD - Low pH Mild Feminine Wash 300ml,,,,,,https://shopee.sg/-NARD-Low-pH-Mild-Feminine-Wash-300ml-i.567539088.25936836091?extraParams=%7B%22display_model_id%22%3A256732446287%2C%22model_selection_logic%22%3A3%7D,NARD Low pH Mild Feminine Wash 300ml,2026-08-01,0.857,shopee,0.857,,2026-08-01,
8809851348031,nard,Deep Cleansing Milk 500ml,,,,,,https://shopee.sg/-NARD-Deep-Cleansing-Milk-Lotion-500ml-i.567539088.20884620488?extraParams=%7B%22display_model_id%22%3A128754576775%2C%22model_selection_logic%22%3A3%7D,NARD Deep Cleansing Milk Lotion 500ml,2026-07-30,0.8,shopee,0.8,,2026-07-30,
8809487045137,nard,Shampoo - signature,,,,,,,,,,none,,,,
8809487045304,nard,Treatment - signature,,,,,,,,,,none,,,,
8809487049746,nard,Shampoo - tangerine eucalyptus,,,,,,,,,,none,,,,
8809487049647,nard,Treatment - tangerine eucalyptus,,,,,,,,,,none,,,,
8809851340776,nard,Nard Cooling Hair Loss Care Shampoo 500ml,,,,,,,,,,none,,,,
8809487043669,nard,Nard Sensitive Scalp Care Shampoo 500ml,,,,,,,,,,none,,,,
8809851348284,nard,Nard Damage RX Hair Serum 70ml,,,,,,,,,,none,,,,
8809851348314,nard,Damage RX Curl Cream,,,,,,https://shopee.sg/-NARD-Damage-RX-Curl-Cream-100ml-i.567539088.25759181809?extraParams=%7B%22display_model_id%22%3A168039472072%2C%22model_selection_logic%22%3A2%7D,NARD Damage RX Curl Cream 100ml,2026-08-01,0.8,shopee,0.8,,2026-08-01,
8809487043522,nard,Hair Loss Control Tonic,,,,,,,,,,none,,,,
8809487044550,nard,NARD - Body Wash #Teatree Rosemary,,,,,,,,,,none,,,,
8809487047988,nard,NARD - Body Lotion #Teatree Rosemary,,,,,,,,,,none,,,,
8809487044352,nard,NARD - Acne Clear Body Wash 1000ml,,,,,,https://shopee.sg/-NARD-ACNE-Clear-Body-Wash-500ml-1000ml-i.567539088.24932420831?extraParams=%7B%22display_model_id%22%3A247284543730%2C%22model_selection_logic%22%3A3%7D,NARD ACNE Clear Body Wash 500ml 1000ml,2026-08-01,0.714,shopee,0.714,,2026-08-01,
8809487044062,nard,NARD - Mild Ceramide Lotion 500ml,,,,,,,,,,none,,,,
8806173493654,nature republic,California Aloe Sun Stick Cooling Watery,,,,,,,,,,none,,,,
8806173482962,nature republic,Soothing & Moisture Aloe Vera Cleansing Tissue 80 pcs,,,,,,,,,,none,,,,
8806173494743,nature republic,Soothing & Moisture Aloe Vera Soothing Gel Mist 2026 Ver - 155ml,,,,,,,,,,none,,,,
8809455424223,needly,Mild Enzyme Cleansing Powder 60g,,,,,,,,,,none,,,,
8809455424346,needly,5 Zone Wrinkle Care 3600 Shot Patch 5 patches,,,,,,,,,,none,,,,
8800247161531,neogen,Next Glow Prep Serum 32ml,,,,,,,,,,none,,,,
8809381442483,neogen,Dermalogy Real Fresh Foam Green Tea,22.36,https://sg.iherb.com/pr/neogen-real-fresh-foam-green-tea-5-64-oz-160-g/73966,2026-08-11,1.0,,,,,,iherb,1.0,22.36,2026-08-11,
8809381445095,neogen,Dermalogy Bio-Peel Gauze Peeling Green Tea (Original Ver) 200ml 30 sheets,23.57,https://sg.iherb.com/pr/neogen-bio-peel-gauze-peeling-green-tea-30-pads-6-76-fl-oz-200-ml/90374,2026-08-11,1.0,,,,,,iherb,1.0,23.57,2026-08-11,
8800247160152,neogen,Dermalogy Double Vita Watery Sun Serum 50ml,,,,,,,,,,none,,,,
8809653246689,neogen,Dermalogy Double Vita Tone Up Ampoule Mask Set 33g x 5 sheets,,,,,,,,,,none,,,,
8809653245545,neogen,Dermalogy Poreraser Clear BHA Pad 90 pcs,,,,,,,,,,none,,,,
8809875270790,nineless,A-Control 10% Azelaic Acid Serum 2026 Ver - 30ml,,,,,,,,,,none,,,,
6974499296272,novo,Skin-Friendly Blotting Paper (with Mirror),,,,,,,,,,none,,,,
6944787792021,novo,Ice Cream Smooth Fragrance Scrub 70g,,,,,,,,,,none,,,,
8809840601666,odid,Artist Hair Setting Fixer,,,,,,,,,,none,,,,
4908064094996,orbis,Orbis - Essence In Hair Oil 70ml,,,,,,,,,,none,,,,
8800259982704,papa recipe,Bombee Honey Intensive Mask Pro Set 2026 Ver - 25g x 10 sheets,,,,,,,,,,none,,,,
8800259980816,papa recipe,Real Centella Cica Cooling Water Fit Toner Pad 80 pads,,,,,,,,,,none,,,,
8809704094702,parnell,Cicamanu 92 Serum 2026 ver - 30ml,20.07,https://sg.iherb.com/pr/parnell-cicamanu-92-serum-1-01-fl-oz-30-ml/151052,2026-08-11,1.0,,,,,,iherb,1.0,20.07,2026-08-11,
8809704092456,parnell,Ceramic Bubble Peeling Cleanser 180ml,23.32,https://sg.iherb.com/pr/parnell-aha-omija-ceramic-bubble-peeling-cleanser-6-08-fl-oz-180-ml/153437,2026-08-11,1.0,,,,,,iherb,1.0,23.32,2026-08-11,
8809704093347,parnell,Cool Calming Mask Set 20g x 10 sheets,27.65,https://sg.iherb.com/pr/parnell-panthenol-heartleaf-cool-calming-beauty-mask-10-sheets-0-7-oz-20-g-each/153441,2026-08-11,1.0,,,,,,iherb,1.0,27.65,2026-08-11,
8809704090759,parnell,Cicamanu Clear Patch Kit Multi+ 2025 ver - 48 patches,,,,,,,,,,none,,,,
8809704070980,parnell,Parnell Cicamanu pH Balanced Body Mist 2025 ver - 150ml,,,,,,,,,,none,,,,
8809828413564,peripera,Pure Blushed Sunshine Cheek #12 Sunny Pink,,,,,,,,,,none,,,,
8809862283888,peripera,Pure Blushed Sunshine Cheek #16 Acorn Beige,,,,,,,,,,none,,,,
8809644495102,peripera,Ink Velvet 08 Sellout Red,,,,,,,,,,none,,,,
8800255681373,peripera,Ink Velvet 02 Celeb Deep Rose,,,,,,,,,,none,,,,
8809751116235,peripera,Ink Velvet 17 Rose Nude,,,,,,,,,,none,,,,
8809786599652,peripera,Ink Velvet 22 Bouquet Nude,,,,,,,,,,none,,,,
8800255681458,peripera,Ink Velvet 23 Nutty Nude,,,,,,,,,,none,,,,
8809862288951,peripera,Ink Velvet 39 Sunny Orange,,,,,,,,,,none,,,,
8800255681502,peripera,Ink Velvet 28 Mauveful Nude,,,,,,,,,,none,,,,
8800255681533,peripera,Ink Velvet 31 Wine Nude,,,,,,,,,,none,,,,
8800322109502,peripera,Moodlike Highlighter #01 Shell Glaze,,,,,,,,,,none,,,,
8800322109496,peripera,Moodlike #02 Pink Veil,,,,,,,,,,none,,,,
8800322109489,peripera,Moodlike Highlighter #03 Pink Prism,,,,,,,,,,none,,,,
8809644492828,peripera,Ink Airy Velvet AD #08 Pretty Orange Pink,,,,,,,,,,none,,,,
8800255681601,peripera,Ink Airy Velvet AD #14 Rosy Pink,,,,,,,,,,none,,,,
8809828419719,peripera,Ink Airy Velvet AD #21 Fluffy Peach,,,,,,,,,,none,,,,
8809828419733,peripera,Ink Airy Velvet AD #23 In The Peachlight,,,,,,,,,,none,,,,
8800255681663,peripera,Ink Airy Velvet AD #26 Apricot Peach,,,,,,,,,,none,,,,
8800255681670,peripera,Ink Airy Velvet AD #27 Inside Peach,,,,,,,,,,none,,,,
8809900987815,peripera,Ink Airy Velvet AD #29 What Are You Fig,,,,,,,,,,none,,,,
8809900987822,peripera,Ink Airy Velvet AD #30 Wake Up Cherry,,,,,,,,,,none,,,,
8800322102695,peripera,Mood Glowy Tint #01 Tiny Strawberry,,,,,,,,,,none,,,,
8800322102671,peripera,Mood Glowy Tint #03 Juicy Peach,,,,,,,,,,none,,,,
8800322102664,peripera,"Mood Glowy Tint #04 Anyway, Peach",,,,,,,,,,none,,,,
8800322102657,peripera,Mood Glowy Tint #05 Baby Fairy,,,,,,,,,,none,,,,
8800322102640,peripera,Mood Glowy Tint #06 Pink Youth,,,,,,,,,,none,,,,
8800322102633,peripera,Mood Glowy Tint #07 Plum Fizz,,,,,,,,,,none,,,,
8800322102619,peripera,Mood Glowy Tint #09 Rose In Mind,,,,,,,,,,none,,,,
8800322102602,peripera,Mood Glowy Tint #10 Bare Pink,,,,,,,,,,none,,,,
8800322102589,peripera,Mood Glowy Tint #12 Campus Queen,,,,,,,,,,none,,,,
8800322102558,peripera,Mood Glowy Tint #15 My Pick Rose,,,,,,,,,,none,,,,
8800322102534,peripera,Mood Glowy Tint #16 Rose-Pick,,,,,,,,,,none,,,,
8800322102527,peripera,Mood Glowy Tint #17 Blush Fig,,,,,,,,,,none,,,,
8800322102510,peripera,Mood Glowy Tint #18 Coral Influencer,,,,,,,,,,none,,,,
8800322108840,peripera,Mood Glowy Tint #23 Peach In Mind,,,,,,,,,,none,,,,
8800290366952,peripera,Puffy Plumping Dew Lip Pencil #01 Rosy Nude,,,,,,,,,,none,,,,
8800290366945,peripera,Puffy Plumping Dew Lip Pencil #02 Calm Rosy,,,,,,,,,,none,,,,
8800290366938,peripera,Puffy Plumping Dew Lip Pencil #03 Pink Drizzle,,,,,,,,,,none,,,,
8800290366921,peripera,Puffy Plumping Dew Lip Pencil #04 Almond Beige,,,,,,,,,,none,,,,
8800290368895,peripera,Puffy Plumping Dew Lip Pencil #05 Peach Oat,,,,,,,,,,none,,,,
8800290368888,peripera,Puffy Plumping Dew Lip Pencil #06 Mauve Hazle,,,,,,,,,,none,,,,
8800322100448,peripera,Ink Peel Off Lip Stain #01 Black Cherry,,,,,,,,,,none,,,,
8800322100479,peripera,Ink Peel Off Lip Stain #02 Dear Rose,,,,,,,,,,none,,,,
8800322100462,peripera,Ink Peel Off Lip Stain #03 Peanut Rose,,,,,,,,,,none,,,,
8800322108932,peripera,Mood Glowy Tint Key #01 Peach Bong Bong,,,,,,,,,,none,,,,
8800322108925,peripera,Mood Glowy Tint Key #02 Cooliangle,,,,,,,,,,none,,,,
8800322108918,peripera,Mood Glowy Tint Key #03 Withered Rose,,,,,,,,,,none,,,,
8800322108901,peripera,Mood Glowy Tint Key #04 Sugar Peach,,,,,,,,,,none,,,,
8800322108895,peripera,Mood Glowy Tint Key #05 Nude Area,,,,,,,,,,none,,,,
8800322108888,peripera,Mood Glowy Tint Key #06 Baked Peach,,,,,,,,,,none,,,,
8800322109175,peripera,Mood Blur Balm Stick #03 Bunny Hug,,,,,,,,,,none,,,,
8800322109168,peripera,Mood Blur Balm Stick #04 Almond Veil,,,,,,,,,,none,,,,
8800322109151,peripera,Mood Blur Balm Stick #05 Rose Bebe,,,,,,,,,,none,,,,
8800322109137,peripera,Mood Blur Balm Stick #07 Mauve Peony,,,,,,,,,,none,,,,
8800322109120,peripera,Mood Blur Balm Stick #08 Reddish Mocha,,,,,,,,,,none,,,,
8800322109113,peripera,Mood Blur Balm Stick #09 Hip Brown,,,,,,,,,,none,,,,
8809970759053,peripera,Pure Blushed Sunshine Cheek Tteok Recipe Collection #25 Maple Cream,,,,,,,,,,none,,,,
8809900981240,peripera,V Shading #01 Natural Brown,,,,,,,,,,none,,,,
8809900981264,peripera,V Shading #03 Grayish Cool,,,,,,,,,,none,,,,
8809937594802,peripera,V Shading Blending Stick #01 Natural Brown,,,,,,,,,,none,,,,
8809937594826,peripera,V Shading Blending Stick #03 Grayish Cool,,,,,,,,,,none,,,,
8809970754478,peripera,All Take Mood Palette #01 Whisper of Spring Coral,,,,,,,,,,none,,,,
8809970754485,peripera,All Take Mood Palette #02 Storyline Of Summer,,,,,,,,,,none,,,,
8800255686989,peripera,All Take Mood Palette #07 Let's Go See Peaches At My Home,,,,,,,,,,none,,,,
8800290368451,peripera,All Take Mood Palette #10 Everything I Shaded? Still Part Of My Eye,,,,,,,,,,none,,,,
8800290368444,peripera,"All Take Mood Palette #11 Cheongdam Vibe, But From My Room",,,,,,,,,,none,,,,
8800322106464,peripera,All Take Mood Palette #12 Aegyo Online: Shine Signal Activated,,,,,,,,,,none,,,,
8809544398244,peripera,Speedy Skinny Brow #01 Grey Brown,,,,,,,,,,none,,,,
8809544398251,peripera,Speedy Skinny Brow #02 Dark Brown,,,,,,,,,,none,,,,
8809544398268,peripera,Speedy Skinny Brow #03 Natural Brown,,,,,,,,,,none,,,,
8809786592608,peripera,Speedy Skinny Brow #06 Cool Gray,,,,,,,,,,none,,,,
8809862284533,peripera,Speedy Skinny Brow #08 Taupe Beige,,,,,,,,,,none,,,,
8809862284540,peripera,Speedy Skinny Brow #09 Taupe Brown,,,,,,,,,,none,,,,
8800290368390,peripera,Speedy Skinny Brow #11 Mocha Taupe,,,,,,,,,,none,,,,
8800322104002,peripera,Speedy Skinny Brow #12 Milky Taupe,,,,,,,,,,none,,,,
8809828419641,peripera,Speedy Skinny Brow Mascara #02 Dark Brown,,,,,,,,,,none,,,,
8809828419658,peripera,Speedy Skinny Brow Mascara #03 Natural Brown,,,,,,,,,,none,,,,
8809828419665,peripera,Speedy Skinny Brow Mascara #04 Ash Brown,,,,,,,,,,none,,,,
8809970754522,peripera,Speedy Skinny Brow Mascara #05 Peony Ash,,,,,,,,,,none,,,,
8809970754539,peripera,Speedy Skinny Brow Mascara #06 Beige Ash,,,,,,,,,,none,,,,
8800255687566,peripera,Speedy Skinny Brow Mascara #07 Taupe Ash,,,,,,,,,,none,,,,
8800290368383,peripera,Speedy Skinny Brow Mascara #08 Mocha Ash,,,,,,,,,,none,,,,
8800322103999,peripera,Speedy Skinny Brow Mascara #09 Milky Ash,,,,,,,,,,none,,,,
8809691973745,peripera,Pure Blushed Sunshine Cheek #01 Calm Pink,,,,,,,,,,none,,,,
8809828413557,peripera,Pure Blushed Sunshine Cheek #11 Picnic Pink,,,,,,,,,,none,,,,
8800290369588,peripera,Pure Blushed Sunshine Cheek #28 Romantic Rose,,,,,,,,,,none,,,,
8800290367607,peripera,Pure Blushed Sunshine Cheek #29 Dusty Mauve,,,,,,,,,,none,,,,
8809508850009,petitfee,Snow Lotus White Tone-up Cream,11.98,https://sg.iherb.com/pr/petitfee-snow-lotus-white-tone-up-cream-1-69-fl-oz-50-ml/96144,2026-08-11,1.0,,,,,,iherb,1.0,11.98,2026-08-11,
8809508850450,petitfee,Agave Cooling Hydrogel Face Mask Set 5pcs,21.50,https://sg.iherb.com/pr/petitfee-agave-cooling-hydrogel-beauty-face-mask-5-sheets-1-12-oz-32-g-each/86601,2026-08-11,1.0,,,,,,iherb,1.0,21.50,2026-08-11,
8809237071003,plu,Perfumed Spa Scrub Body Wash -fleur soap,,,,,,,,,,none,,,,
8809237070990,plu,Perfumed Spa Scrub Body Wash - damask rose,,,,,,,,,,none,,,,
8809237075643,plu,Therapy Body Lotion - bergamot lavender,,,,,,,,,,none,,,,
6975612843168,pmpm,Rose Black Tea Amino Acid Surfactant Purifying Cleanser 100g,,,,,,,,,,none,,,,
6934713008098,pramy,Background Moisture Makeup Setting Spray Matte (Black) - 200ml,,,,,,,,,,none,,,,
6934713006926,pramy,Makeup Artist Setting Spray 100ml,,,,,,,,,,none,,,,
8800248332565,pretty skin,UV Transparent Sun Patch,,,,,,,,,,none,,,,
8809723781270,real barrier,Extreme Essence Toner 200ml,,,,,,,,,,none,,,,
8809911692371,real barrier,Extreme Panthenol Toner Pad 80 pads,,,,,,,,,,none,,,,
8809911692616,real barrier,Extreme Panthenol Essence Mist 100ml,,,,,,,,,,none,,,,
8809911692609,real barrier,Extreme Cream Ampoule 50ml,,,,,,,,,,none,,,,
8809723785117,real barrier,Extreme Lotion 150ml,,,,,,,,,,none,,,,
8809723781249,real barrier,Extreme Cream Jumbo 50ml,42.87,https://sg.iherb.com/pr/real-barrier-extreme-cream-original-1-69-fl-oz-50-ml/107951,2026-08-11,1.0,,,,,,iherb,1.0,42.87,2026-08-11,
8809911692463,real barrier,Extreme Cream Light Jumbo 50ml,,,,,,,,,,none,,,,
8809911695938,realbarrier,Watery Hyal Serum 2026 ver - 50ml,,,,,,,,,,none,,,,
8809911695891,realbarrier,Watery Hyal Serum Mask Set 25ml x 10 sheets,,,,,,,,,,none,,,,
8809911695273,realbarrier,Retiniol Pore Tightening Serum Gel Mask Set 30g x 5 sheets,,,,,,,,,,none,,,,
6975025855444,red chamber,Wandering Natural Healthy Foundation - C01,,,,,,,,,,none,,,,
6975025855451,red chamber,Wandering Natural Healthy Foundation - W01,,,,,,,,,,none,,,,
6975025855468,red chamber,Wandering Natural Healthy Foundation - W02,,,,,,,,,,none,,,,
6975025859091,red chamber,Haruki Skin Correcting Fluid - CF100 Warm Dawn,,,,,,,,,,none,,,,
6975025859060,red chamber,Haruki Skin Correcting Fluid - CF300 Pink Bloom,,,,,,,,,,none,,,,
6975025859077,red chamber,Haruki Skin Correcting Fluid - CF400 Honey Glam,,,,,,,,,,none,,,,
6975025859084,red chamber,Haruki Skin Correcting Fluid - CF600 Pearl Frost,,,,,,,,,,none,,,,
6975025859176,red chamber,Wandering Longwear Matte Foundation - C01,,,,,,,,,,none,,,,
6975025859190,red chamber,Wandering Longwear Matte Foundation - W01,,,,,,,,,,none,,,,
6975025859213,red chamber,Wandering Longwear Matte Foundation - W02,,,,,,,,,,none,,,,
6953710828300,red chamber,5th Anniversary Edition Wandering Flawless Compact Powder,,,,,,,,,,none,,,,
6980135330095,red chamber,5th Anniversary Edition Haruki Tri-Color Multi-Purpose Highlighter CP600 Radiance Coffer,,,,,,,,,,none,,,,
6980135330132,red chamber,5th Anniversary Edition Haruki Multi-Purpose Cream Powder CP403 Pearl Ideal - 2g,,,,,,,,,,none,,,,
6980135330125,red chamber,5th Anniversary Edition Haruki Multi-Purpose Cream Powder CP503 Into Jewel - 2g,,,,,,,,,,none,,,,
6953710827587,red chamber,MOOMIN Limited Wandering Flawless Compact Powder,,,,,,,,,,none,,,,
6975025858711,red chamber,MOOMIN Limited Tri-Color Multi-Purpose Highlighter Snow Song Moomin,,,,,,,,,,none,,,,
6975025858872,red chamber,MOOMIN Limited Haruki Multi-Purpose Cream RC105 Gemi - 2g,,,,,,,,,,none,,,,
6975025858889,red chamber,MOOMIN Limited Haruki Multi-Purpose Cream RC314 Minki - 2g,,,,,,,,,,none,,,,
8809410283957,rire,RiRe - Quick Hair Cover Stick - 2 Colors(Natural Black),,,,,,,,,,none,,,,
8809410283964,rire,RiRe - Quick Hair Cover Stick - 2 Colors(Natural Brown),,,,,,,,,,none,,,,
8809410286385,rire,Clear Oil Paper Pact,,,,,,,,,,none,,,,
8809410285890,rire,Soft Hair Wax Stick,,,,,,,,,,none,,,,
8800260950976,risky,Be Bold Lip Gloss - sicko,,,,,,,,,,none,,,,
8800260950983,risky,Be Bold Lip Gloss - mei,,,,,,,,,,none,,,,
8800260951010,risky,Be Bold Lip Gloss - naked,,,,,,,,,,none,,,,
8800260950990,risky,Be Bold Lip Gloss - bootie,,,,,,,,,,none,,,,
8800260950471,risky,Be Bold Lip Gloss - kyo,,,,,,,,,,none,,,,
8800260950433,risky,Be Bold Lip Gloss - pipi,,,,,,,,,,none,,,,
8800260950860,risky,Be Bold Lip Gloss - nusy,,,,,,,,,,none,,,,
8800260950884,risky,Be Bold Lip Gloss - hissy fit,,,,,,,,,,none,,,,
8809348503431,rovectin,Dr. Mask Set 2024 Ver - Pore,,,,,,,,,,none,,,,
8809803572804,ryo,Root:Gen For Hair Hair Loss Care Scalp Essence 80ml,,,,,,,,,,none,,,,
8806403117534,ryo,Hair Loss Expert Care 9EX Shampoo For Oily Scalp,,,,,,,,,,none,,,,
8809685752172,ryo,9EX Hair Loss Expert Care Treatment Root Strength 330ml,,,,,,,,,,none,,,,
8809803590266,ryo,Deep Cleansing & Cooling Shampoo 480ml,,,,,,,,,,none,,,,
8809803590259,ryo,Damage Care & Nourishing Treatment 300ml,,,,,,,,,,none,,,,
8809506310567,s.nature,Super Aquagel Oasis Ampule Mask 30ml,,,,,,,,,,none,,,,
8809506310611,s.nature,Aqua Squalane Serum 2025 ver - 50ml,28.37,https://sg.iherb.com/pr/s-nature-aqua-squalane-serum-50-ml/150264,2026-08-11,1.0,,,,,,iherb,1.0,28.37,2026-08-11,
8809506310406,s.nature,Aqua Squalane Moisturizing Cream 60ml,37.68,https://sg.iherb.com/pr/s-nature-aqua-squalane-moisturizing-cream-2-02-fl-oz-60-ml/150265,2026-08-11,1.0,,,,,,iherb,1.0,37.68,2026-08-11,
8809506310475,s.nature,Aqua Oasis Toner 300ml,34.34,https://sg.iherb.com/pr/s-nature-aqua-oasis-toner-300-ml/150263,2026-08-11,1.0,,,,,,iherb,1.0,34.34,2026-08-11,
8809506310369,s.nature,Aqua Collagen Peptide Triple Gel Essence 50ml,,,,,,,,,,none,,,,
8809546004549,scinic,Enjoy Foundation-Skip Tone Up Sun Cream 50g,,,,,,,,,,none,,,,
8809546005775,scinic,Enjoy Waterproof Air-Fit Sun Stick 20g,,,,,,,,,,none,,,,
4550516475558,shiseido,Sea Breeze Face & Body Ice Sheet N Frozen Mint,,,,,,,,,,none,,,,
4550516493606,shiseido,Shiseido - Freshy Dry Shampoo F Spray 150ml,,,,,,,,,,none,,,,
4550516493491,shiseido,Ag Deo 24 Clear Shower Sheet Cool 10pcs,,,,,,,,,,none,,,,
8809576261134,skin1004,Madagascar Centella Soothing Cream 75ml,27.05,https://sg.iherb.com/pr/skin1004-madagascar-centella-soothing-cream-2-53-fl-oz-75-ml/141194,2026-08-11,1.0,,,,,,iherb,1.0,27.05,2026-08-11,
8809576261646,skin1004,Madagascar Centella Poremizing Light Gel Cream 75ml,31.06,https://sg.iherb.com/pr/skin1004-madagascar-centella-poremizing-light-gel-cream-2-53-fl-oz-75-ml/155923,2026-08-11,1.0,,,,,,iherb,1.0,31.06,2026-08-11,
8809576260724,skin1004,Madagascar Centella Hyalu-Cica Sleeping Pack 100ml,25.76,https://sg.iherb.com/pr/skin1004-madagascar-centella-hyalu-cica-sleeping-pack-3-38-fl-oz-100-ml/141192,2026-08-11,1.0,,https://shopee.sg/SKIN1004-Madagascar-Centella-Hyalu-Cica-Sleeping-Pack-100ml-(Cruelty-Free)-i.322645596.6557889234?extraParams=%7B%22display_model_id%22%3A71429406022%2C%22model_selection_logic%22%3A3%7D,SKIN1004 Madagascar Centella Hyalu Cica Sleeping Pack 100ml (Cruelty Free),2026-08-01,0.778,iherb,1.0,25.76,2026-08-11,
8809576261592,skin1004,Madagascar Centella Hyalu-Cica Water-Fit Sun Serum 50ml,,,,,,,,,,none,,,,
8809913830214,skin1004,Madagascar Centella Hyalu-Cica Silky-Fit Sun Stick 20g,25.30,https://sg.iherb.com/pr/skin1004-madagascar-centella-hyalu-cica-silky-fit-sun-stick-spf50-pa-0-7-oz-20-g/141191,2026-08-11,1.0,14.45,https://shopee.sg/SKIN1004-Madagascar-Centella-Hyalu-Cica-Silky-Fit-Sun-Stick-20g-i.322645596.22755454375?extraParams=%7B%22display_model_id%22%3A207046670297%2C%22model_selection_logic%22%3A3%7D,SKIN1004 Madagascar Centella Hyalu Cica Silky Fit Sun Stick 20g,2026-07-31,1.0,iherb,1.0,25.30,2026-08-11,
8809576261752,skin1004,Madagascar Centella Probio-Cica Intensive Ampoule 50ml,31.90,https://sg.iherb.com/pr/skin1004-madagascar-centella-probio-cica-intensive-ampoule-1-69-fl-oz-50-ml/122910,2026-08-11,1.0,15.30,https://shopee.sg/SKIN1004-Madagascar-Centella-Probio-Cica-Intensive-Ampoule-50ml-(Cruelty-Free)-i.322645596.19477776736?extraParams=%7B%22display_model_id%22%3A221405423669%2C%22model_selection_logic%22%3A3%7D,SKIN1004 Madagascar Centella Probio Cica Intensive Ampoule 50ml (Cruelty Free),2026-07-31,0.778,iherb,1.0,31.90,2026-08-11,
8809913830177,skin1004,Madagascar Centella Probio-Cica Bakuchiol Eye Cream 20ml,27.52,https://sg.iherb.com/pr/skin1004-madagascar-centella-probio-cica-bakuchiol-eye-cream-0-67-fl-oz-20-ml/141196,2026-08-11,1.0,,https://shopee.sg/SKIN1004-Madagascar-Centella-Probio-Cica-Bakuchiol-Eye-Cream-20ml-(Cruelty-Free)-i.322645596.22082316685?extraParams=%7B%22display_model_id%22%3A217079419718%2C%22model_selection_logic%22%3A3%7D,SKIN1004 Madagascar Centella Probio Cica Bakuchiol Eye Cream 20ml (Cruelty Free),2026-08-01,0.8,iherb,1.0,27.52,2026-08-11,
8809913830627,skin1004,Madagascar Centella Tone Brightening Capsule Ampoule 50ml,,,,,13.60,https://shopee.sg/SKIN1004-Madagascar-Centella-Tone-Brightening-Capsule-Ampoule-50ml-(Cruelty-Free)-i.322645596.28710024712?extraParams=%7B%22display_model_id%22%3A226729353805%2C%22model_selection_logic%22%3A3%7D,SKIN1004 Madagascar Centella Tone Brightening Capsule Ampoule 50ml (Cruelty Free),2026-07-31,0.778,shopee,0.778,13.60,2026-07-31,
8809576261622,skin1004,Madagascar Centella Tone Brightening Tone Up Sunscreen 50ml,,,,,,,,,,none,,,,
8809913830085,skin1004,Madagascar Centella Poremizing Quick Clay Stick Mask 27g,28.30,https://sg.iherb.com/pr/skin1004-madagascar-centella-poremizing-quick-clay-stick-beauty-mask-0-95-oz-27-g/141200,2026-08-11,1.0,15.21,https://shopee.sg/SKIN1004-Madagascar-Centella-Poremizing-Quick-Clay-Stick-Mask-27g-(Cruelty-Free)-i.322645596.19292242603?extraParams=%7B%22display_model_id%22%3A148336125812%2C%22model_selection_logic%22%3A3%7D,SKIN1004 Madagascar Centella Poremizing Quick Clay Stick Mask 27g (Cruelty Free),2026-07-31,0.8,iherb,1.0,28.30,2026-08-11,
8809576261127,skin1004,Madagascar Centella Ampoule Foam 125ml,21.26,https://sg.iherb.com/pr/skin1004-madagascar-centella-ampoule-foam-4-22-fl-oz-125-ml/108347,2026-08-11,1.0,,https://shopee.sg/SKIN1004-Madagascar-Centella-Ampoule-Foam-125ml-(Cruelty-Free)-i.322645596.5757893406?extraParams=%7B%22display_model_id%22%3A71429826224%2C%22model_selection_logic%22%3A3%7D,SKIN1004 Madagascar Centella Ampoule Foam 125ml (Cruelty Free),2026-08-01,0.714,iherb,1.0,21.26,2026-08-11,
8809576261141,skin1004,Madagascar Centella Toning Toner 210ml,24.68,https://sg.iherb.com/pr/skin1004-madagascar-centella-toning-toner-7-10-fl-oz-210-ml/108346,2026-08-11,1.0,,,,,,iherb,1.0,24.68,2026-08-11,
8809576260601,skin1004,Madagascar Centella Ampoule 55ml,21.86,https://sg.iherb.com/pr/skin1004-madagascar-centella-ampoule-1-85-fl-oz-55-ml/104715,2026-08-11,1.0,22.95,https://shopee.sg/-SKIN1004-1-1-EVENT-Madagascar-Centella-Ampoule-55ml-i.322645596.13390907202?extraParams=%7B%22display_model_id%22%3A210021801050%2C%22model_selection_logic%22%3A3%7D,SKIN1004 1 1 EVENT Madagascar Centella Ampoule 55ml,2026-07-31,0.8,iherb,1.0,21.86,2026-08-11,
8809576261455,skin1004,Madagascar Centella Poremizing Clear Toner 210ml,26.10,https://sg.iherb.com/pr/skin1004-madagascar-centella-poremizing-clear-toner-7-10-fl-oz-210-ml/141202,2026-08-11,1.0,,https://shopee.sg/SKIN1004-Madagascar-Centella-Poremizing-Clear-Toner-210ml-(Cruelty-Free)-i.322645596.14955699439?extraParams=%7B%22display_model_id%22%3A170338961518%2C%22model_selection_logic%22%3A3%7D,SKIN1004 Madagascar Centella Poremizing Clear Toner 210ml (Cruelty Free),2026-08-01,0.75,iherb,1.0,26.10,2026-08-11,
8809913830115,skin1004,Madagascar Centella Poremizing Fresh Ampoule 50ml,,,,,13.60,https://shopee.sg/SKIN1004-Madagascar-Centella-Poremizing-Fresh-Ampoule-50ml-(Cruelty-Free)-i.322645596.23556820788?extraParams=%7B%22display_model_id%22%3A184629632378%2C%22model_selection_logic%22%3A3%7D,SKIN1004 Madagascar Centella Poremizing Fresh Ampoule 50ml (Cruelty Free),2026-07-31,0.75,shopee,0.75,13.60,2026-07-31,
8809576260700,skin1004,Madagascar Centella Hyalu-Cica Brightening Toner 210ml,26.91,https://sg.iherb.com/pr/skin1004-madagascar-centella-hyalu-cica-brightening-toner-7-10-fl-oz-210-ml/119401,2026-08-11,1.0,,https://shopee.sg/SKIN1004-Madagascar-Centella-Hyalu-Cica-Brightening-Toner-210ml-(Cruelty-Free)-i.322645596.7257886600?extraParams=%7B%22display_model_id%22%3A31429524041%2C%22model_selection_logic%22%3A3%7D,SKIN1004 Madagascar Centella Hyalu Cica Brightening Toner 210ml (Cruelty Free),2026-07-31,0.778,iherb,1.0,26.91,2026-08-11,
8809913830191,skin1004,Madagascar Centella Hyalu-Cica Cloudy Mist 2024 ver - 120ml,28.55,https://sg.iherb.com/pr/skin1004-madagascar-centella-hyalu-cica-cloudy-mist-4-05-fl-oz-120-ml/141193,2026-08-11,1.0,,,,,,iherb,1.0,28.55,2026-08-11,
8809576261493,skin1004,Madagascar Centella Hyalu-Cica Moisture Cream 75ml,29.72,https://sg.iherb.com/pr/skin1004-madagascar-centella-hyalu-cica-moisture-cream-2-53-fl-oz-75-ml/145742,2026-08-11,1.0,16.91,https://shopee.sg/SKIN1004-Madagascar-Centella-Hyalu-Cica-Moisture-Cream-75ml-(Cruelty-Free)-i.322645596.10589511201?extraParams=%7B%22display_model_id%22%3A160842586117%2C%22model_selection_logic%22%3A3%7D,SKIN1004 Madagascar Centella Hyalu Cica Moisture Cream 75ml (Cruelty Free),2026-07-31,0.778,iherb,1.0,29.72,2026-08-11,
8809576261189,skin1004,Madagascar Centella Tone Brightening Cleansing Gel Foam 125ml,19.13,https://sg.iherb.com/pr/skin1004-madagascar-centella-tone-brightening-cleansing-gel-foam-4-22-fl-oz-125-ml/141203,2026-08-11,1.0,,https://shopee.sg/SKIN1004-Madagascar-Centella-Tone-Brightening-Cleansing-Gel-Foam-125ml-(Cruelty-Free)-i.322645596.12145653181?extraParams=%7B%22display_model_id%22%3A132063141507%2C%22model_selection_logic%22%3A3%7D,SKIN1004 Madagascar Centella Tone Brightening Cleansing Gel Foam 125ml (Cruelty Free),2026-08-01,0.8,iherb,1.0,19.13,2026-08-11,
8809913833048,skin1004,Madagascar Centella Tone Brightening Dark Spot Ampoule Pad 60 pads,,,,,,https://shopee.sg/SKIN1004-Tone-Brightening-Dark-Spot-Ampoule-Pad-i.322645596.41975312247?extraParams=%7B%22display_model_id%22%3A292051622494%2C%22model_selection_logic%22%3A3%7D,SKIN1004 Tone Brightening Dark Spot Ampoule Pad,2026-08-01,0.6,shopee,0.6,,2026-08-01,
8809576261165,skin1004,Madagascar Centella Tone Brightening Boosting Toner 210ml,26.91,https://sg.iherb.com/pr/skin1004-madagascar-centella-tone-brightening-boosting-toner-7-1-fl-oz-210-ml/119398,2026-08-11,1.0,,https://shopee.sg/SKIN1004-Madagascar-Centella-Tone-Brightening-Boosting-Toner-210ml-(Cruelty-Free)-i.322645596.13745628566?extraParams=%7B%22display_model_id%22%3A57752899343%2C%22model_selection_logic%22%3A3%7D,SKIN1004 Madagascar Centella Tone Brightening Boosting Toner 210ml (Cruelty Free),2026-08-01,0.778,iherb,1.0,26.91,2026-08-11,
8809576261615,skin1004,Madagascar Centella Tone Brightening Capsule Cream 75ml,31.46,https://sg.iherb.com/pr/skin1004-madagascar-centella-tone-brightening-capsule-cream-2-53-fl-oz-75-ml/119403,2026-08-11,1.0,,,,,,iherb,1.0,31.46,2026-08-11,
8809913836575,skin1004,Madagascar Centella Tone Brightening Aurora Mist 100ml,,,,,,https://shopee.sg/SKIN1004-Madagascar-Centella-Tone-Brightening-Aurora-Mist-100ml-i.322645596.50064438824?extraParams=%7B%22display_model_id%22%3A411242646028%2C%22model_selection_logic%22%3A3%7D,SKIN1004 Madagascar Centella Tone Brightening Aurora Mist 100ml,2026-07-31,1.0,shopee,1.0,,2026-07-31,
8809576261653,skin1004,Madagascar Centella Poremizing Deep Cleansing Foam 125ml,20.49,https://sg.iherb.com/pr/skin1004-madagascar-centella-poremizing-deep-cleansing-foam-6-22-fl-oz-125-ml/145039,2026-08-11,1.0,,https://shopee.sg/SKIN1004-Madagascar-Centella-Poremizing-Deep-Cleansing-Foam-125ml-(Cruelty-Free)-i.322645596.14790110630?extraParams=%7B%22display_model_id%22%3A191353956638%2C%22model_selection_logic%22%3A3%7D,SKIN1004 Madagascar Centella Poremizing Deep Cleansing Foam 125ml (Cruelty Free),2026-08-01,0.778,iherb,1.0,20.49,2026-08-11,
8809913832850,skin1004,Madagascar Centella Hyalu-Cica Gentle Cleansing Milk 200ml,,,,,,https://shopee.sg/SKIN1004-Madagascar-Centella-Hyalu-Cica-Gentle-Cleansing-Milk-200ml-i.322645596.49602229997?extraParams=%7B%22display_model_id%22%3A410215370146%2C%22model_selection_logic%22%3A3%7D,SKIN1004 Madagascar Centella Hyalu Cica Gentle Cleansing Milk 200ml,2026-08-01,1.0,shopee,1.0,,2026-08-01,
8809576261608,skin1004,Madagascar Centella Air Fit Suncream Light 50ml,,,,,,https://shopee.sg/SKIN1004-Madagascar-Centella-Air-Fit-Suncream-Plus-50ml-i.322645596.7360530823?extraParams=%7B%22display_model_id%22%3A277274477827%2C%22model_selection_logic%22%3A3%7D,SKIN1004 Madagascar Centella Air Fit Suncream Plus 50ml,2026-08-01,0.75,shopee,0.75,,2026-08-01,
8809913831440,skin1004,Madagascar Centella Tone Brightening Glow Mask Set 25ml x 5,20.51,https://sg.iherb.com/pr/skin1004-madagascar-centella-tone-brightening-glow-beauty-mask-5-sheets-0-84-fl-oz-25-ml-each/152372,2026-08-11,1.0,,https://shopee.sg/SKIN1004-Madagascar-Centella-Tone-Brightening-Glow-Mask-5ea-i.322645596.26720302190?extraParams=%7B%22display_model_id%22%3A178594824791%2C%22model_selection_logic%22%3A3%7D,SKIN1004 Madagascar Centella Tone Brightening Glow Mask 5ea,2026-08-01,0.667,iherb,1.0,20.51,2026-08-11,
8809913832041,skin1004,Madagascar Centella Hyalu-Cica Hydrating Mask Set 23ml x 5,20.49,https://sg.iherb.com/pr/skin1004-madagascar-centella-hyalu-cica-hydrating-beauty-mask-5-sheets-0-77-fl-oz-23-ml-each/152371,2026-08-11,1.0,,https://shopee.sg/SKIN1004-Madagascar-Centella-Hyalu-Cica-Hydrating-Mask-5ea-i.322645596.26077775650?extraParams=%7B%22display_model_id%22%3A185825993009%2C%22model_selection_logic%22%3A3%7D,SKIN1004 Madagascar Centella Hyalu Cica Hydrating Mask 5ea,2026-08-01,0.667,iherb,1.0,20.49,2026-08-11,
8809913831327,skin1004,Madagascar Centella Poremizing Clarifying Mask Set 23ml x 5,15.37,https://sg.iherb.com/pr/skin1004-madagascar-centella-poremizing-clarifying-beauty-mask-5-sheets-0-77-fl-oz-23-ml-each/152373,2026-08-11,1.0,,https://shopee.sg/SKIN1004-Madagascar-Centella-Poremizing-Clarifying-Mask-5ea-i.322645596.24289309622?extraParams=%7B%22display_model_id%22%3A242225726906%2C%22model_selection_logic%22%3A3%7D,SKIN1004 Madagascar Centella Poremizing Clarifying Mask 5ea,2026-08-01,0.625,iherb,1.0,15.37,2026-08-11,
8809576260502,skin1004,Madagascar Centella Watergel Sheet Ampoule Mask Set 1 set 5pcs,20.53,https://sg.iherb.com/pr/skin1004-madagascar-centella-watergel-sheet-ampoule-beauty-mask-0-84-fl-oz-25-ml/141195,2026-08-11,1.0,,,,,,iherb,1.0,20.53,2026-08-11,
8809576261387,skin1004,Madagascar Centella Quick Calming Pad 70,29.97,https://sg.iherb.com/pr/skin1004-madagascar-centella-quick-calming-pad-70-pads/145743,2026-08-11,1.0,,,,,,iherb,1.0,29.97,2026-08-11,
8809576261691,skin1004,Spot Cover Patch 22,,,,,,,,,,none,,,,
8809913830467,skin1004,Madagascar Centella Hyalu-Cica Water-Fit Sun Serum Mini,,,,,6.29,https://shopee.sg/SKIN1004-Madagascar-Centella-Hyalu-Cica-Water-Fit-Sun-Serum-Minis-15ml-SPF50-PA--i.322645596.16394110755?extraParams=%7B%22display_model_id%22%3A175816154779%2C%22model_selection_logic%22%3A3%7D,SKIN1004 Madagascar Centella Hyalu Cica Water Fit Sun Serum Minis 15ml SPF50 PA,2026-07-31,0.615,shopee,0.615,6.29,2026-07-31,
8809913830283,skin1004,Madagascar Centella Hyalu-Cica Silky-Fit Sun Stick Mini 7g,,,,,,,,,,none,,,,
8809576261219,skin1004,Madagascar Centella Ampoule Foam Mini,,,,,,,,,,none,,,,
8809576260618,skin1004,Madagascar Centella Ampoule Mini 30ml,,,,,,,,,,none,,,,
8809576261318,skin1004,Madagascar Centella Cream Mini 30ml,,,,,,,,,,none,,,,
8809576261226,skin1004,Madagascar Centella Light Cleansing Oil Mini,,,,,,,,,,none,,,,
8809576261073,skin1004,Madagascar Centella Hyalu-Cica Brightening Toner Mini 30ml,,,,,,,,,,none,,,,
8809913833543,skin1004,Madagascar Centella Hyalu-Cica Moisture Cream Mini 30ml,,,,,,,,,,none,,,,
810114874042,skintific,5X Ceramide Low pH Cleanser 120ml,,,,,,,,,,none,,,,
8101148747528,skintific,5X Ceramide Barrier Moisture Gel (Light Texture) 30g,,,,,,,,,,none,,,,
7554411567476,skintific,360° Crystal Massager Lifting Eye Cream 20g,,,,,,,,,,none,,,,
810114870259,skintific,Alaska Volcano Pore Clay Stick 40g,,,,,,,,,,none,,,,
7554411568398,skintific,5X Ceramide Soothing Toner 80ml,,,,,,,,,,none,,,,
7554411568916,skintific,5X Ceramide Barrier Serum 20ml,,,,,,,,,,none,,,,
810114870693,skintific,5% Panthenol Acne Calming Water Gel 45g,,,,,,,,,,none,,,,
7554411565328,skintific,10% Niacinamide Brightening Serum 20ml,,,,,,,,,,none,,,,
810114871843,skintific,12% AHA BHA PHA LHA Peeling Solution 30ml,,,,,,,,,,none,,,,
810114870136,skintific,MSH Niacinamide Brightening Moisture Gel 30g,,,,,,,,,,none,,,,
810114871720,skintific,5X Ceramide Serum Sunscreen SPF50 PA++++ 50ml,,,,,,,,,,none,,,,
810114871874,skintific,Matte Fit Serum Sunscreen SPF50 PA++++ 50g,,,,,,,,,,none,,,,
810114871423,skintific,Niacinamide Bright Boost Clay Stick 40g,,,,,,,,,,none,,,,
810114871546,skintific,Cover All Perfect Cushion-01N Natural Vanilla - 11g,,,,,,,,,,none,,,,
810114870174,skintific,Cover All Perfect Cushion-02 Ivory - 11g,,,,,,,,,,none,,,,
810114870198,skintific,Cover All Perfect Cushion-03 Petal - 11g,,,,,,,,,,none,,,,
810114870211,skintific,Cover All Perfect Cushion-04 Beige - 11g,,,,,,,,,,none,,,,
810114870235,skintific,Cover All Perfect Cushion-05 Sand - 11g,,,,,,,,,,none,,,,
810114870501,skintific,Cover All Perfect Cushion-06 Honey - 11g,,,,,,,,,,none,,,,
810114872451,skintific,Ultra Cover Powder Foundation-01 Vanilla - 9g,,,,,,,,,,none,,,,
810114872468,skintific,Ultra Cover Powder Foundation-02 Ivory - 9g,,,,,,,,,,none,,,,
810114872475,skintific,Ultra Cover Powder Foundation-03 Petal - 9g,,,,,,,,,,none,,,,
810114872482,skintific,Ultra Cover Powder Foundation-03A Almond - 9g,,,,,,,,,,none,,,,
810114872499,skintific,Ultra Cover Powder Foundation-04 Beige - 9g,,,,,,,,,,none,,,,
810114872529,skintific,Invisiblur All Day Loose Powder 02 Ivory - 9g,,,,,,,,,,none,,,,
810114871478,skintific,Lock the Look Setting Spray 80ml,,,,,,,,,,none,,,,
810114871249,skintific,Perfect Stay Velvet Matte Cushion-01 Vanilla - 11g,,,,,,,,,,none,,,,
810114871256,skintific,Perfect Stay Velvet Matte Cushion-02 Ivory - 11g,,,,,,,,,,none,,,,
810114871263,skintific,Perfect Stay Velvet Matte Cushion-03 Petal - 11g,,,,,,,,,,none,,,,
810114871287,skintific,Perfect Stay Velvet Matte Cushion-04 Beige - 11g,,,,,,,,,,none,,,,
810114871515,skintific,Peptide Nourishing Brightening Lip Serum -#00 Clear - 6.5ml,,,,,,,,,,none,,,,
810114874271,skintific,Peptide Nourishing Brightening Lip Serum -#01 Baby Pink - 6.5ml,,,,,,,,,,none,,,,
810114874288,skintific,Peptide Nourishing Brightening Lip Serum -#02 Coral Rose - 6.5ml,,,,,,,,,,none,,,,
810114874448,skintific,Peptide Nourishing Brightening Lip Serum -#04 Pink Berry - 6.5ml,,,,,,,,,,none,,,,
810114874523,skintific,Peptide Nourishing Brightening Lip Serum -#05 Peach Rose - 6.5ml,,,,,,,,,,none,,,,
810114874257,skintific,Peptide Nourishing Brightening Lip Serum -#06 Cherry Red - 6.5ml,,,,,,,,,,none,,,,
4897147693617,skintific,Peptide Nourishing Brightening Lip Serum -#12U Pink Ballet - 6.5ml,,,,,,,,,,none,,,,
4897147693624,skintific,Peptide Nourishing Brightening Lip Serum -#13U Fine Wine - 6.5ml,,,,,,,,,,none,,,,
4897147693631,skintific,Peptide Nourishing Brightening Lip Serum -#14U Warm Cocoa - 6.5ml,,,,,,,,,,none,,,,
4897147693648,skintific,Peptide Nourishing Brightening Lip Serum -#15U Juicy Peach - 6.5ml,,,,,,,,,,none,,,,
8809789571709,skybottle,skybottle - Jelly Body Mist #Bitter Lychee Jam 95ml,,,,,,,,,,none,,,,
8809789571693,skybottle,skybottle - Jelly Body Mist #No Sugar Muscat,,,,,,,,,,none,,,,
8809789571716,skybottle,skybottle - Jelly Body Mist #Salted CoC,,,,,,,,,,none,,,,
8809789570085,skybottle,Perfumed Hair & Body Mist - Muhwagua,18.95,https://sg.iherb.com/pr/skybottle-perfumed-hair-body-mist-muhwagua-100-ml/128536,2026-08-11,1.0,,,,,,iherb,1.0,18.95,2026-08-11,
8809789570696,skybottle,Perfumed Hair & Body Mist - Starry Night,18.95,https://sg.iherb.com/pr/skybottle-perfumed-hair-body-mist-starry-night-100-ml/128538,2026-08-11,1.0,,,,,,iherb,1.0,18.95,2026-08-11,
8809789570047,skybottle,Perfumed Hair & Body Mist - White Rain,18.95,https://sg.iherb.com/pr/skybottle-perfumed-hair-body-mist-white-rain-100-ml/128534,2026-08-11,1.0,,,,,,iherb,1.0,18.95,2026-08-11,
8809263878683,so natural,All Day Tight Make Up Setting Fixx Mini No Gas Mist Type - 35ml,,,,,,,,,,none,,,,
8809263874708,so natural,Oil Cut Hair Dry Powder 20g,,,,,,,,,,none,,,,
8809263878485,so natural,All Day Setting Up Hair Fixx 155ml,,,,,,,,,,none,,,,
8809263878935,so natural,All Day Sun Fixx Tone Up Pink 50ml,,,,,,,,,,none,,,,
8809263879376,so natural,Hair Keep Blur Cara,,,,,,,,,,none,,,,
8809263879291,so natural,so natural - Peach Deo Tone-Up Cream 50ml,,,,,,,,,,none,,,,
8809263877778,so natural,so natural - Peach Deo Pact 10g,,,,,,,,,,none,,,,
8809263870410,so natural,Makeup Setting Multi Magic Sealer 10ml,,,,,,,,,,none,,,,
8809263879253,so natural,All Day Blur Fit Prep Fixx 30ml,,,,,,,,,,none,,,,
8809263879260,so natural,All Day Blur Jelly Primer Fixx 5g,,,,,,,,,,none,,,,
8809263877952,so natural,So Vegan Noni Eyelash Ampoule 9ml,,,,,,,,,,none,,,,
8809751800141,t-fit,Airy Sun Fluid 50ml,,,,,27.24,https://shopee.sg/-TFIT-Official-Airy-Sun-Fluid-50ml-i.1217527247.25072077557?extraParams=%7B%22display_model_id%22%3A250573728649%2C%22model_selection_logic%22%3A3%7D,TFIT Official Airy Sun Fluid 50ml,2026-07-31,0.667,shopee,0.667,27.24,2026-07-31,
8809751803180,t-fit,Cover Up Pro Concealer #00 Light,,,,,,,,,,none,,,,
8809751800448,t-fit,Cover Up Pro Concealer #01 Neutral,,,,,,,,,,none,,,,
8809751800493,t-fit,Cover Up Pro Concealer #02 Warm,16.96,https://sg.iherb.com/pr/tfit-cover-up-pro-concealer-02-warm-0-52-oz-15-g/155622,2026-08-11,1.0,,,,,,iherb,1.0,16.96,2026-08-11,
8809751800509,t-fit,Cover Up Pro Concealer #03 Cool,16.96,https://sg.iherb.com/pr/tfit-cover-up-pro-concealer-03-cool-0-52-oz-15-g/155623,2026-08-11,1.0,,,,,,iherb,1.0,16.96,2026-08-11,
8809751802718,t-fit,Cover Up Pro Concealer #04 Dark,12.71,https://sg.iherb.com/pr/tfit-cover-up-pro-concealer-04-dark-0-52-oz-15-g/155625,2026-08-11,1.0,,,,,,iherb,1.0,12.71,2026-08-11,
8809751800691,t-fit,Cover Up Pro Concealer #05 Deep,,,,,,,,,,none,,,,
8809751802732,t-fit,Cover Up Pro Concealer #B01 Corrector,16.95,https://sg.iherb.com/pr/tfit-cover-up-pro-concealer-b01-corrector-0-52-oz-15-g/155624,2026-08-11,1.0,,,,,,iherb,1.0,16.95,2026-08-11,
8809751803654,t-fit,Sleek Fit Cover Foundation N00 Cream,,,,,,,,,,none,,,,
8809751803661,t-fit,Sleek Fit Cover Foundation N01 Linen,,,,,,,,,,none,,,,
8809751803685,t-fit,Sleek Fit Cover Foundation N02 Nude,,,,,,,,,,none,,,,
8809751803708,t-fit,Sleek Fit Cover Foundation N03 Ginger,,,,,,,,,,none,,,,
8809751803722,t-fit,Sleek Fit Cover Foundation N05 Toffee,,,,,,,,,,none,,,,
8809751803739,t-fit,Sleek Fit Cover Foundation N06 Hazel,,,,,,,,,,none,,,,
8809751803746,t-fit,Sleek Fit Cover Foundation N09 Chestnut,,,,,,,,,,none,,,,
8809751803678,t-fit,Sleek Fit Cover Foundation N1.5 Suede,,,,,,,,,,none,,,,
8809751803753,t-fit,Sleek Fit Cover Foundation N11 Auburn,,,,,,,,,,none,,,,
8809751803760,t-fit,Sleek Fit Cover Foundation N13 Burnt,,,,,,,,,,none,,,,
8809751803692,t-fit,Sleek Fit Cover Foundation N2.5 Amber,,,,,,,,,,none,,,,
8809751803715,t-fit,Sleek Fit Cover Foundation N4.5 Camel,,,,,,,,,,none,,,,
8809751804125,t-fit,Translucent Set Finishing Powder 2026 Version - #1 White,,,,,,,,,,none,,,,
8809751804132,t-fit,Translucent Set Finishing Powder 2026 Version - #2 Skin Beige,,,,,,,,,,none,,,,
8809751803395,t-fit,Translucent Set Finishing Powder 2026 Version - #2.1 Medium Beige,,,,,,,,,,none,,,,
8809751803401,t-fit,Translucent Set Finishing Powder 2026 Version - #2.2 Dark Beige,,,,,,,,,,none,,,,
8809751804170,t-fit,Translucent Set Finishing Powder 2026 Version - #3 Green,,,,,,,,,,none,,,,
8809751804187,t-fit,Translucent Set Finishing Powder 2026 Version - #4 Lavender,,,,,,,,,,none,,,,
8809751801537,t-fit,Buildable Fit Spatula Foundation C01 Porcelain,,,,,,,,,,none,,,,
8809751801605,t-fit,Buildable Fit Spatula Foundation P00 Peach Fuzz,,,,,,,,,,none,,,,
8809751801599,t-fit,Buildable Fit Spatula Foundation V01 Violet,,,,,,,,,,none,,,,
8809751802763,t-fit,Buildable Fit Spatula Foundation W04 Buff,,,,,,,,,,none,,,,
8800312065108,tage,Cica-Tree Cooling Sun Stick,,,,,,,,,,none,,,,
8800312065122,tage,Cica-Tree Cooling Jelly To Foam Cleanser,,,,,,,,,,none,,,,
8800312065085,tage,Cica-Tree Water Jelly Sun Serum,,,,,,,,,,none,,,,
8800312065115,tage,Cica-Tree Shaking Glow Sun Fixer,,,,,,,,,,none,,,,
8800312065092,tage,Cica-Tree Invisible Sun Gel,,,,,,,,,,none,,,,
8809751804804,tfit,Translucent Set Sun Powder Lemon,,,,,,,,,,none,,,,
8809751800523,tfit,Skin Cover BB Cream BW02 Almond Butter,,,,,,,,,,none,,,,
8809751800738,tfit,Skin Cover BB Cream BW03 Healthy,,,,,,,,,,none,,,,
8809751800745,tfit,Skin Cover BB Cream BW04 Buff,,,,,,,,,,none,,,,
8801051247022,the face shop,Power Long-Lasting Sun Patch,,,,,,,,,,none,,,,
8806182591532,the face shop,THE FACE SHOP Smooth Foot Peeling 240ml,,,,,,,,,,none,,,,
8806182519307,the face shop,Rice Water Bright Light Facial Cleansing Oil 150ml,22.92,https://sg.iherb.com/pr/the-face-shop-rice-water-bright-light-cleansing-oil-for-oily-to-combination-skin-5-fl-oz-150-ml/68414,2026-08-11,1.0,,,,,,iherb,1.0,22.92,2026-08-11,
8806164119105,the saem,Healing Tea Garden Green Tea Lip & Eye Remover 150ml,,,,,,,,,,none,,,,
8806164177167,the saem,Jeju Fresh Aloe Sun Gel 50g,,,,,,,,,,none,,,,
8806164157688,the saem,Jeju Fresh Aloe Soothing Gel 99% Jumbo 500ml,,,,,,,,,,none,,,,
8806164172377,the saem,Eco Earth Face & Body Waterproof Sun Cream 100g,,,,,,,,,,none,,,,
8806164172742,the saem,Secret Pure Nose Clear Patch Set 6 pcs,,,,,,,,,,none,,,,
8809517461913,the saem,Blackhead All Kill Pack Set 1 set,22.36,https://sg.iherb.com/pr/nacific-blackhead-all-kill-pack-1-35-fl-oz-40-ml/129249,2026-08-11,1.0,,,,,,iherb,1.0,22.36,2026-08-11,
8806164190241,the saem,Silk Hair Style Fix Gel,,,,,,,,,,none,,,,
8806164154854,the saem,Dear My Foot Power Peeling 50ml,,,,,,,,,,none,,,,
8806164107980,the saem,Cover Perfection Tip Concealer #01 Clear Beige,,,,,,,,,,none,,,,
8806164151334,the saem,Cover Perfection Tip Concealer #1.25 Light Beige,,,,,,,,,,none,,,,
8806164121269,the saem,Cover Perfection Tip Concealer #1.5 Natural Beige,,,,,,,,,,none,,,,
8806164151341,the saem,Cover Perfection Tip Concealer #1.75 Middle Beige,,,,,,,,,,none,,,,
8806164107997,the saem,Cover Perfection Tip Concealer #02 Rich Beige,,,,,,,,,,none,,,,
8806164166529,the saem,Cover Perfection Tip Concealer #03 Tan,,,,,,,,,,none,,,,
8806164166499,the saem,Cover Perfection Tip Concealer #2.25 Sand,,,,,,,,,,none,,,,
8806164166505,the saem,Cover Perfection Tip Concealer #2.5 Medium Deep,,,,,,,,,,none,,,,
8806164166512,the saem,Cover Perfection Tip Concealer #2.75 Deep,,,,,,,,,,none,,,,
8806164188880,the saem,Cover Perfection Triple Pot Concealer 2025 Ver - #09 Fair,,,,,,,,,,none,,,,
8806164188897,the saem,Cover Perfection Triple Pot Concealer 2025 Ver - #10 Tan,,,,,,,,,,none,,,,
8806164188903,the saem,Cover Perfection Triple Pot Concealer 2025 Ver - #11 Deep,,,,,,,,,,none,,,,
8806164179826,the saem,Cover Perfection Triple Pot Concealer #01 Correct Beige,,,,,,,,,,none,,,,
8806164179833,the saem,Cover Perfection Triple Pot Concealer #02 Contour Beige,,,,,,,,,,none,,,,
8806164181904,the saem,Cover Perfection Triple Pot Concealer #03 Correct Up Beige,,,,,,,,,,none,,,,
8806164188873,the saem,Cover Perfection Triple Pot Concealer 2025 Ver - #08 Middle Beige,,,,,,,,,,none,,,,
8809915481100,thome,CPR Triple-Synergy Wrinkle Care Serum 30ml,,,,,,,,,,none,,,,
8809915481186,thome,The Glow Signature - white,,,,,,,,,,none,,,,
8809915481179,thome,Twenty Up - beige,,,,,,,,,,none,,,,
8809915480943,thome,Peptide Boost Ampoule 50g,,,,,,,,,,none,,,,
8809915480912,thome,Exosome Boost Ampoule 50g,,,,,,,,,,none,,,,
8809915480929,thome,Niacinamide Boost Ampoule 50g,,,,,,,,,,none,,,,
8809928138688,tirtir,Mask Fit Waterproof Setting Spray 80ml,,,,,13.20,https://shopee.sg/-TIRTIR-Mask-Fit-Waterproof-Setting-Spray-80ml-Make-Up-Fixer-i.698318956.25742807496?extraParams=%7B%22display_model_id%22%3A89134928102%2C%22model_selection_logic%22%3A3%7D,TIRTIR Mask Fit Waterproof Setting Spray 80ml Make Up Fixer,2026-08-01,0.667,shopee,0.667,13.20,2026-08-01,
8809679699612,tirtir,Mask Fit Make Up Fixer 80ml,19.87,https://sg.iherb.com/pr/tirtir-mask-fit-make-up-fixer-2-7-fl-oz-80-ml/150585,2026-08-11,1.0,,https://shopee.sg/-TIRTIR-Mask-Fit-Make-Up-Fixer-80ml-Make-up-setting-Finishing-spray-i.698318956.24267555209?extraParams=%7B%22display_model_id%22%3A148545834406%2C%22model_selection_logic%22%3A3%7D,TIRTIR Mask Fit Make Up Fixer 80ml Make up setting Finishing spray,2026-08-01,0.667,iherb,1.0,19.87,2026-08-11,
8800349020545,tirtir,Prep Primer - flawless pore,,,,,,,,,,none,,,,
8809928130538,tirtir,Mask Fit Tone Up Essence - beige,,,,,,,,,,none,,,,
8800288648619,tirtir,Mood Glider Lip & Blush Stick #01,,,,,,https://shopee.sg/-TIRTIR-Mood-Glider-Lip-Blush-Stick-3.8g-6-Colors-i.698318956.57001726087?extraParams=%7B%22display_model_id%22%3A292174737280%2C%22model_selection_logic%22%3A3%7D,TIRTIR Mood Glider Lip Blush Stick 3.8g 6 Colors,2026-08-01,0.625,shopee,0.625,,2026-08-01,
8800288648626,tirtir,Mood Glider Lip & Blush Stick #02,,,,,,https://shopee.sg/-TIRTIR-Mood-Glider-Lip-Blush-Stick-3.8g-6-Colors-i.698318956.57001726087?extraParams=%7B%22display_model_id%22%3A292174737280%2C%22model_selection_logic%22%3A3%7D,TIRTIR Mood Glider Lip Blush Stick 3.8g 6 Colors,2026-08-01,0.625,shopee,0.625,,2026-08-01,
8800288648633,tirtir,Mood Glider Lip & Blush Stick #03,,,,,,https://shopee.sg/-TIRTIR-Mood-Glider-Lip-Blush-Stick-3.8g-6-Colors-i.698318956.57001726087?extraParams=%7B%22display_model_id%22%3A292174737280%2C%22model_selection_logic%22%3A3%7D,TIRTIR Mood Glider Lip Blush Stick 3.8g 6 Colors,2026-08-01,0.625,shopee,0.625,,2026-08-01,
8800288648640,tirtir,Mood Glider Lip & Blush Stick #04,,,,,,https://shopee.sg/-TIRTIR-Mood-Glider-Lip-Blush-Stick-3.8g-6-Colors-i.698318956.57001726087?extraParams=%7B%22display_model_id%22%3A292174737280%2C%22model_selection_logic%22%3A3%7D,TIRTIR Mood Glider Lip Blush Stick 3.8g 6 Colors,2026-08-01,0.625,shopee,0.625,,2026-08-01,
8800288648657,tirtir,Mood Glider Lip & Blush Stick #05,,,,,,https://shopee.sg/-TIRTIR-Mood-Glider-Lip-Blush-Stick-3.8g-6-Colors-i.698318956.57001726087?extraParams=%7B%22display_model_id%22%3A292174737280%2C%22model_selection_logic%22%3A3%7D,TIRTIR Mood Glider Lip Blush Stick 3.8g 6 Colors,2026-08-01,0.625,shopee,0.625,,2026-08-01,
8800288648664,tirtir,Mood Glider Lip & Blush Stick #06,,,,,,https://shopee.sg/-TIRTIR-Mood-Glider-Lip-Blush-Stick-3.8g-6-Colors-i.698318956.57001726087?extraParams=%7B%22display_model_id%22%3A292174737280%2C%22model_selection_logic%22%3A3%7D,TIRTIR Mood Glider Lip Blush Stick 3.8g 6 Colors,2026-08-01,0.625,shopee,0.625,,2026-08-01,
8809679692514,tirtir,COLLAGEN LIFTING EYE CREAM 15ml,,,,,,https://shopee.sg/-TIRTIR-Collagen-Lifting-Eye-Cream-15ml-(Plumping-Elasticity-Boost)-i.698318956.21586426329?extraParams=%7B%22display_model_id%22%3A127779345660%2C%22model_selection_logic%22%3A3%7D,TIRTIR Collagen Lifting Eye Cream 15ml (Plumping Elasticity Boost),2026-08-01,0.625,shopee,0.625,,2026-08-01,
8800288641290,tirtir,Glide & Hide Blurring Concealer #2C,,,,,,,,,,none,,,,
8800288641313,tirtir,Glide & Hide Blurring Concealer #3W,,,,,,,,,,none,,,,
8800288641337,tirtir,Glide & Hide Blurring Concealer #4N,,,,,,,,,,none,,,,
8800288641351,tirtir,Glide & Hide Blurring Concealer #5C,,,,,,,,,,none,,,,
8800288641368,tirtir,Glide & Hide Blurring Concealer #6O,,,,,,,,,,none,,,,
8800288641382,tirtir,Glide & Hide Blurring Concealer #7N,,,,,,,,,,none,,,,
8800288641429,tirtir,Glide & Hide Blurring Concealer #8.3O,,,,,,,,,,none,,,,
8800288641412,tirtir,Glide & Hide Blurring Concealer #8W,,,,,,,,,,none,,,,
8800288641443,tirtir,Glide & Hide Blurring Concealer #9N,,,,,,,,,,none,,,,
8809928132051,tirtir,Hydro UV Shield Sunscreen 50ml,,,,,,,,,,none,,,,
8800288640385,tirtir,Mask Fit AI Filter Cushion #21N Ivory,,,,,,,,,,none,,,,
8800288640392,tirtir,Mask Fit AI Filter Cushion #22N Shell Beige,,,,,,,,,,none,,,,
8800288640408,tirtir,Mask Fit AI Filter Cushion #23N Sand,,,,,,,,,,none,,,,
8800288640415,tirtir,Mask Fit AI Filter Cushion #24N Latte,,,,,,,,,,none,,,,
8800288640422,tirtir,Mask Fit AI Filter Cushion #29N Natural Beige,,,,,,,,,,none,,,,
8809928136561,tirtir,Mask Fit Aura Silver Cushion #21N Ivory,,,,,,,,,,none,,,,
8809928136585,tirtir,Mask Fit Aura Silver Cushion #23N Sand,,,,,,,,,,none,,,,
8809928136592,tirtir,Mask Fit Aura Silver Cushion #24N Latte,,,,,,,,,,none,,,,
8809928136875,tirtir,Mask Fit Aura Silver Cushion #25N Mocha,,,,,,,,,,none,,,,
8809928136622,tirtir,Mask Fit Aura Silver Cushion #29N Natural Beige,,,,,,,,,,none,,,,
8809928136899,tirtir,Mask Fit Aura Silver Cushion #31N French Beige,,,,,,,,,,none,,,,
8809928136639,tirtir,Mask Fit Aura Silver Cushion #33N Macchiato,,,,,,,,,,none,,,,
8809928136912,tirtir,Mask Fit Aura Silver Cushion #35N Walnut,,,,,,,,,,none,,,,
8809928136929,tirtir,Mask Fit Aura Silver Cushion #43N Deep Cocoa,,,,,,,,,,none,,,,
8809679696451,tirtir,Mask Fit Red Cushion #21N Ivory,34.41,https://sg.iherb.com/pr/tirtir-mask-fit-red-cushion-21n-ivory-0-63-oz-18-g/121711,2026-08-11,1.0,,,,,,iherb,1.0,34.41,2026-08-11,
8809679696468,tirtir,Mask Fit Red Cushion #23N Sand,34.41,https://sg.iherb.com/pr/tirtir-mask-fit-red-cushion-23n-sand-0-63-oz-18-g/121712,2026-08-11,1.0,,,,,,iherb,1.0,34.41,2026-08-11,
8809928133263,tirtir,Mask Fit Red Cushion #25N Mocha,30.51,https://sg.iherb.com/pr/tirtir-mask-fit-red-cushion-25n-mocha-0-63-oz-18-g/140615,2026-08-11,1.0,,,,,,iherb,1.0,30.51,2026-08-11,
8809928133287,tirtir,Mask Fit Red Cushion #27N Camel,30.51,https://sg.iherb.com/pr/tirtir-mask-fit-red-cushion-27n-camel-0-63-oz-18-g/140616,2026-08-11,1.0,,,,,,iherb,1.0,30.51,2026-08-11,
8809928137438,tirtir,Mask Fit Red Cushion #28N Oat,22.87,https://sg.iherb.com/pr/tirtir-mask-fit-red-cushion-28n-oat-0-63-oz-18-g/146311,2026-08-11,1.0,,,,,,iherb,1.0,22.87,2026-08-11,
8809928133881,tirtir,Mask Fit Red Cushion #29N Natural Beige,30.51,https://sg.iherb.com/pr/tirtir-mask-fit-red-cushion-29n-natural-beige-0-63-oz-18-g/140617,2026-08-11,1.0,,,,,,iherb,1.0,30.51,2026-08-11,
8809928135854,tirtir,Mask Fit Red Cushion #31N French Beige,,,,,,,,,,none,,,,
8809928134901,tirtir,Mask Fit Red Cushion #33N Macchiato,,,,,,,,,,none,,,,
8809928134918,tirtir,Mask Fit Red Cushion #35N Walnut,,,,,,,,,,none,,,,
8800288642549,tirtir,Mask Fit Red Foundation #21N Ivory,,,,,,,,,,none,,,,
8800288642563,tirtir,Mask Fit Red Foundation #22N Shell Beige,,,,,,,,,,none,,,,
8800288642570,tirtir,Mask Fit Red Foundation #23N Sand,,,,,,,,,,none,,,,
8800288642617,tirtir,Mask Fit Red Foundation #25N Mocha,,,,,,,,,,none,,,,
8800288642648,tirtir,Mask Fit Red Foundation #28N Oat,,,,,,,,,,none,,,,
8800288642662,tirtir,Mask Fit Red Foundation #30N Rich Honey,,,,,,,,,,none,,,,
8800288642693,tirtir,Mask Fit Red Foundation #34W Toffee,,,,,,,,,,none,,,,
8800288642709,tirtir,Mask Fit Red Foundation #37N Peanut Almond,,,,,,,,,,none,,,,
8800288642723,tirtir,Mask Fit Red Foundation #43N Deep Cocoa,,,,,,,,,,none,,,,
8800288642730,tirtir,Mask Fit Red Foundation #45W Chestnut,,,,,,,,,,none,,,,
8800288642747,tirtir,Mask Fit Red Foundation #49N Deep Chestnut,,,,,,,,,,none,,,,
8800288642754,tirtir,Mask Fit Red Foundation #51N Fudge,,,,,,,,,,none,,,,
8800288647223,tirtir,Matcha Pack Cleanser 120ml,,,,,,,,,,none,,,,
8809928132006,tirtir,My glow lip oil - mint 5.7ml,,,,,,,,,,none,,,,
8800288648541,tirtir,Prism Highlighter Duo #01 Champagne Halo,,,,,,,,,,none,,,,
8800288648558,tirtir,Prism Highlighter Duo #02 Rosegold Solar,,,,,,,,,,none,,,,
8800288648565,tirtir,Prism Highlighter Duo #03 Purple Meteor,,,,,,,,,,none,,,,
8800288643690,tirtir,TIRTIR Ice Cooling Toner Pack Pads,,,,,,,,,,none,,,,
8800288643706,tirtir,TIRTIR Ice Cooling Water Drop Serum,,,,,,,,,,none,,,,
8809928137742,tirtir,Water Mellow Lip Balm - greeny apple,,,,,,,,,,none,,,,
8809928136158,tirtir,Waterism Glow Tint - Lip Plumper,,,,,,https://shopee.sg/-TIRTIR-Waterism-Glow-Melting-Tint-4g-Lip-Plumper-3.3g-i.698318956.27653578279?extraParams=%7B%22display_model_id%22%3A157354489124%2C%22model_selection_logic%22%3A3%7D,TIRTIR Waterism Glow Melting Tint 4g Lip Plumper 3.3g,2026-08-01,0.625,shopee,0.625,,2026-08-01,
8809928136066,tirtir,Waterism Glow Tint #01 Mauve Rose,,https://sg.iherb.com/pr/tirtir-waterism-glow-tint-01-mauve-rose-0-14-oz-4-g/150574,2026-08-11,1.0,,,,,,iherb,1.0,,2026-08-11,
8809928136073,tirtir,Waterism Glow Tint #02 Merry Coral,10.22,https://sg.iherb.com/pr/tirtir-waterism-glow-tint-02-merry-coral-0-14-oz-4-g/150573,2026-08-11,1.0,,,,,,iherb,1.0,10.22,2026-08-11,
8809928136080,tirtir,Waterism Glow Tint #03 Sand Mond,10.22,https://sg.iherb.com/pr/tirtir-waterism-glow-tint-03-sand-mond-0-14-oz-4-g/150572,2026-08-11,1.0,,,,,,iherb,1.0,10.22,2026-08-11,
8809928136097,tirtir,Waterism Glow Tint #04 Fig Peach,10.27,https://sg.iherb.com/pr/tirtir-waterism-glow-tint-04-fig-peach-0-14-oz-4-g/150571,2026-08-11,1.0,,,,,,iherb,1.0,10.27,2026-08-11,
8809928136134,tirtir,Waterism Glow Tint #08 Summer Pumpkin,10.24,https://sg.iherb.com/pr/tirtir-waterism-glow-tint-08-summer-pumpkin-0-14-oz-4-g/150567,2026-08-11,1.0,,,,,,iherb,1.0,10.24,2026-08-11,
8809928136141,tirtir,Waterism Glow Tint #09 Salmon Syrup,10.22,https://sg.iherb.com/pr/tirtir-waterism-glow-tint-09-salmon-syrup-0-14-oz-4-g/150566,2026-08-11,1.0,,,,,,iherb,1.0,10.22,2026-08-11,
8806194022826,tonymoly,I'm Mask Sheet 2025 Version - Rice,3.22,https://sg.iherb.com/pr/tonymoly-i-m-rice-clear-skin-beauty-mask-sheet-1-sheet-0-74-oz-21-g/99504,2026-08-11,1.0,,,,,,iherb,1.0,3.22,2026-08-11,
8806194070766,tonymoly,Houttuynia Cordata Cica Pore Freezing Pad 60 pads,,,,,,,,,,none,,,,
8809414862035,tonymoly,Pack Brush 1pc,,,,,,,,,,none,,,,
8806194071237,tonymoly,Eye Tone Strong Eyelash Serum 5g,,,,,,,,,,none,,,,
8809878840068,torhop,Saunan Heating Salt Mask 90g,,,,,,,,,,none,,,,
8809932661523,touch in sol,Vegan Again Black Eyelash Serum,,,,,,,,,,none,,,,
4550516485250,tsubaki,Tsubaki Premium Moist & Repair Conditioner 450ml,,,,,,,,,,none,,,,
4550516485830,tsubaki,Premium EX Damage Care & Repair Shampoo 450ml,,,,,,,,,,none,,,,
4550516485236,tsubaki,Tsubaki Premium Moist & Repair Shampoo 450ml,,,,,,,,,,none,,,,
4550516485632,tsubaki,Premium Volume & Repair Conditioner 450ml,,,,,,,,,,none,,,,
4550516485977,tsubaki,Premium EX Damage Care & Repair Conditioner Treatment 450ml,,,,,,,,,,none,,,,
4550516503381,tsubaki,Premium Cool & Repair Shampoo & Conditioner Set 450ml,,,,,,,,,,none,,,,
4550516491190,tsubaki,Premium EX Repair Hair Mask 180g,,,,,,,,,,none,,,,
4550516483782,tsubaki,Premium Treatment Hair Water 210ml,,,,,,,,,,none,,,,
8809647770664,unleasia,Glitterpedia Eye Palette N°2 All Of Brown,26.68,https://sg.iherb.com/pr/unleashia-glitterpedia-eyeshadow-palette-no-2-all-of-brown-0-28-oz/135936,2026-08-11,1.0,,,,,,iherb,1.0,26.68,2026-08-11,
8809647773474,unleasia,Niacinamide Banana Sun Serum 40ml,,,,,,,,,,none,,,,
8809647773900,unleasia,Two Step Zero Pore Overnight Bubble Mask 80ml,,,,,,,,,,none,,,,
8809647770657,unleasia,Glitterpedia Eye Palette N°1 All Of Glitter,20.05,https://sg.iherb.com/pr/unleashia-glitterpedia-eyeshadow-palette-no-1-all-of-glitter-0-233-oz/133715,2026-08-11,1.0,,,,,,iherb,1.0,20.05,2026-08-11,
8809647770671,unleasia,Glitterpedia Eye Palette N°3 All Of Coral Pink,,,,,,,,,,none,,,,
8809647770763,unleasia,Glitterpedia Eye Palette N°4 All Of Lavender Fog,,,,,,,,,,none,,,,
8809647770770,unleasia,Glitterpedia Eye Palette N°5 All Of Dusty Rose,,,,,,,,,,none,,,,
8809647770893,unleasia,Glitterpedia Eye Palette N°6 All Of Citrus,,,,,,,,,,none,,,,
8809647770909,unleasia,Glitterpedia Eye Palette N°7 All of Peach Ade,,,,,,,,,,none,,,,
8809647773795,unleasia,Glitterpedia Eye Palette N°8 All Of Dancing Swan,,,,,,,,,,none,,,,
8809647773887,unleasia,Glitterpedia Eye Palette N°9 All of Pink Glitter,,,,,,,,,,none,,,,
8809647773023,unleasia,A by Unleashia Moonlight Liquid Glitter #01 Shine Star,,,,,,,,,,none,,,,
8809647773030,unleasia,A by Unleashia Moonlight Liquid Glitter #02 Gold Star,,,,,,,,,,none,,,,
8809647773047,unleasia,A by Unleashia Moonlight Liquid Glitter #03 Peach Star,,,,,,,,,,none,,,,
8809647770954,unleasia,Shaper Pomade Eyebrow Fixer 8.5g,15.06,https://sg.iherb.com/pr/unleashia-shaper-pomade-eyebrow-fixer-no1-clear-8-5-g/145735,2026-08-11,1.0,,,,,,iherb,1.0,15.06,2026-08-11,
8809647770923,unleasia,Shaper Defining Eyebrow Pencil N°1 Oatmeal Brown,,,,,,,,,,none,,,,
8809647770930,unleasia,Shaper Defining Eyebrow Pencil N°2 Kraft Brown,13.98,https://sg.iherb.com/pr/unleashia-shaper-defining-eyebrow-pencil-no-2-kraft-brown-0-025-g/133713,2026-08-11,1.0,,,,,,iherb,1.0,13.98,2026-08-11,
8809647770947,unleasia,Shaper Defining Eyebrow Pencil N°3 Taupe Gray,,,,,,,,,,none,,,,
8809647772477,unleasia,Sunset Dazzle Gloss Balm No. 0 Wakiki,9.93,https://sg.iherb.com/pr/unleashia-sunset-dazzle-gloss-balm-no-0-waikiki-10-g/153747,2026-08-11,1.0,,,,,,iherb,1.0,9.93,2026-08-11,
8809647772484,unleasia,Sunset Dazzle Gloss Balm No. 1 Malibu,11.87,https://sg.iherb.com/pr/unleashia-sunset-dazzle-gloss-balm-no-1-malibu-10-g/153746,2026-08-11,1.0,,,,,,iherb,1.0,11.87,2026-08-11,
8809647772491,unleasia,Sunset Dazzle Gloss Balm No. 2 Bondi,9.93,https://sg.iherb.com/pr/unleashia-sunset-dazzle-gloss-balm-no-2-bondi-10-g/153745,2026-08-11,1.0,,,,,,iherb,1.0,9.93,2026-08-11,
8809647772507,unleasia,Sunset Dazzle Gloss Balm No. 3 Ibiza,9.93,https://sg.iherb.com/pr/unleashia-sunset-dazzle-gloss-balm-no-3-ibiza-10-g/153748,2026-08-11,1.0,,,,,,iherb,1.0,9.93,2026-08-11,
8809647772514,unleasia,Sunset Dazzle Gloss Balm No. 4 Bora Bora,9.93,https://sg.iherb.com/pr/unleashia-sunset-dazzle-gloss-balm-no-4-bora-bora-10-g/153750,2026-08-11,1.0,,,,,,iherb,1.0,9.93,2026-08-11,
8809647772521,unleasia,Sunset Dazzle Gloss Balm No. 5 Amalfi,18.26,https://sg.iherb.com/pr/unleashia-sunset-dazzle-gloss-balm-no-5-amalfi-10-g/153749,2026-08-11,1.0,,,,,,iherb,1.0,18.26,2026-08-11,
8809647773757,unleasia,Sunset Dazzle Gloss Balm No. 7 Rome,,,,,,,,,,none,,,,
8809647773788,unleasia,Sunset Dazzle Gloss Balm No. 10 Boston,,,,,,,,,,none,,,,
8809647773535,unleasia,Satin Wear Healthy-Green Cushion #20N Apricot,,,,,,,,,,none,,,,
8809647773542,unleasia,Satin Wear Healthy-Green Cushion #21W Creamer,,,,,,,,,,none,,,,
8809647773559,unleasia,Satin Wear Healthy-Green Cushion #22N Sienna,,,,,,,,,,none,,,,
8809647773566,unleasia,Satin Wear Healthy-Green Cushion #23N Nude Beach,,,,,,,,,,none,,,,
8809647773580,unleasia,Satin Wear Healthy-Green Cushion #25N Blush,,,,,,,,,,none,,,,
6974108368208,unny club,UNNY CLUB - Velvety Soft Hairline Filling Powder(dark brown),,,,,,,,,,none,,,,
6974108368215,unny club,UNNY CLUB - Velvety Soft Hairline Filling Powder(light brown),,,,,,,,,,none,,,,
8809539750651,unpa,Bubi Bubi Bubble Lip Scrub 10ml,,,,,,,,,,none,,,,
8801051289442,vdl,Cover Stain Perfecting Foundation 2025 Ver - #A01,,,,,,,,,,none,,,,
8801051289459,vdl,Cover Stain Perfecting Foundation 2025 Ver - #A02,,,,,,,,,,none,,,,
8801051289466,vdl,Cover Stain Perfecting Foundation 2025 Ver - #V02,,,,,,,,,,none,,,,
8809949506985,vdl,Cover Stain Perfecting Foundation 2025 Ver - #V03,,,,,,,,,,none,,,,
8801051489309,vdl,Cheek Stain Blusher #01 Bouncing Peach,,,,,,,,,,none,,,,
8801051489316,vdl,Cheek Stain Blusher #02 Favorite Lavender,,,,,,,,,,none,,,,
8801051489323,vdl,Cheek Stain Blusher #03 Like Beige,,,,,,,,,,none,,,,
8801051490923,vdl,"Cheek Stain Blusher #06 Hey, Gorgeous",,,,,,,,,,none,,,,
8801051248241,vdl,Cheek Stain Blusher #07 Misty Apricot,,,,,,,,,,none,,,,
8801051248234,vdl,Cheek Stain Blusher #08 Mauve Haze,,,,,,,,,,none,,,,
8809949525238,vdl,Cheek Stain Blusher #09 Flirting Pink,,,,,,,,,,none,,,,
8809949525245,vdl,Cheek Stain Blusher #10 Chillin Lilac,,,,,,,,,,none,,,,
8809949525252,vdl,Cheek Stain Blusher #11 Bohemian Pink,,,,,,,,,,none,,,,
8809949525269,vdl,Cheek Stain Blusher #12 Its Guava,,,,,,,,,,none,,,,
8809949496422,vdl,Cover Stain Perfecting Cushion #M01,,,,,,,,,,none,,,,
8809949496446,vdl,Cover Stain Perfecting Cushion #V02,,,,,,,,,,none,,,,
8809949496460,vdl,Cover Stain Perfecting Cushion #V03,,,,,,,,,,none,,,,
8801051695625,vdl,Color Correcting Primer Mint,,,,,,,,,,none,,,,
8801051700671,vdl,Color Correcting Primer Rose Quartz,,,,,,,,,,none,,,,
8801051707229,vdl,Color Correcting Primer Serenity,,,,,,,,,,none,,,,
8801051695045,vdl,Expert Color Primer For Eyes Original,,,,,,,,,,none,,,,
8801051695090,vdl,Expert Color Primer For Eyes Serenity,,,,,,,,,,none,,,,
8809949515444,vdl,Eyestain Essential Shadow Duo #01 Basic Brown,,,,,,,,,,none,,,,
8809949515451,vdl,Eyestain Essential Shadow Duo #02 Over Rose,,,,,,,,,,none,,,,
8809949515482,vdl,Eyestain Essential Shadow Duo #03 Bunny Peach,,,,,,,,,,none,,,,
8809949515499,vdl,Eyestain Essential Shadow Duo #04 Ginger Cat,,,,,,,,,,none,,,,
8809949515468,vdl,Eyestain Essential Shadow Duo #05 Mauve Affair,,,,,,,,,,none,,,,
8809949515475,vdl,Eyestain Essential Shadow Duo #06 Timeless Grey,,,,,,,,,,none,,,,
6977487730017,veecci,Freely Painted Multi-Use Hairline Liquid Eyebrow F02# Ash brown - 1.2ml,,,,,,,,,,none,,,,
6977487730024,veecci,Freely Painted Multi-Use Hairline Liquid Eyebrow F03# Tea Brown - 1.2ml,,,,,,,,,,none,,,,
6931354003987,veecci,Colorful Liquid Eyeliner / Smiling Aegyosal Eyeliner Aegyosal Eyeliner - 01# Chocolate Brown - 0.55ml,,,,,,,,,,none,,,,
6977487731663,veecci,Colorful Liquid Eyeliner / Smiling Aegyosal Eyeliner D01# Foggy Black - 0.6ml,,,,,,,,,,none,,,,
6977487731885,veecci,Colorful Liquid Eyeliner / Smiling Aegyosal Eyeliner D02# Chocolate Brown - 0.6ml,,,,,,,,,,none,,,,
6977487731892,veecci,Colorful Liquid Eyeliner / Smiling Aegyosal Eyeliner D03# Taupe Brown - 0.6ml,,,,,,,,,,none,,,,
6931611317765,veecci,6-Shade Multi-Use Face & Eye Palette S01# Grayish Pink Soft - 8g,,,,,,,,,,none,,,,
6931611317772,veecci,6-Shade Multi-Use Face & Eye Palette S02# Latte Cocoa - 8g,,,,,,,,,,none,,,,
6931611317789,veecci,6-Shade Multi-Use Face & Eye Palette S03# Sea Salt Bubbles - 8g,,,,,,,,,,none,,,,
6931611317970,veecci,6-Shade Multi-Use Face & Eye Palette S04# Pink Mist Velvet - 8g,,,,,,,,,,none,,,,
6977212290403,veecci,Artist 7-Color Eyeshadow Palette D01# Grey Pink Rose - 6.5g,,,,,,,,,,none,,,,
6977212290410,veecci,Artist 7-Color Eyeshadow Palette D02# Woody Walnut - 6.5g,,,,,,,,,,none,,,,
6977212290427,veecci,Artist 7-Color Eyeshadow Palette D03# Cinnamon Choco - 6.5g,,,,,,,,,,none,,,,
6931354003925,veecci,Freely Painted Liquid Eyebrow Pencil S01 Tea Brown - 0.55ml,,,,,,,,,,none,,,,
6931354003932,veecci,Freely Painted Liquid Eyebrow Pencil S02 Taupe Brown - 0.55ml,,,,,,,,,,none,,,,
6931354003949,veecci,Freely Painted Liquid Eyebrow Pencil S03 Cool Black - 0.55ml,,,,,,,,,,none,,,,
6977487732417,veecci,Lifelike Liquid Eyebrow Pencil 101# Light Brown - 0.45ml,,,,,,,,,,none,,,,
6977487732424,veecci,Lifelike Liquid Eyebrow Pencil 102# Grayish Brown - 0.45ml,,,,,,,,,,none,,,,
6977487732455,veecci,Lifelike Liquid Eyebrow Pencil 105# Natural Black - 0.45ml,,,,,,,,,,none,,,,
6977487730550,veecci,Shiny Vibrant Aegyo-Sal & Eyeshadow Palette M01# Brown - 4g,,,,,,,,,,none,,,,
6977487730567,veecci,Shiny Vibrant Aegyo-Sal & Eyeshadow Palette M02# Pink - 4g,,,,,,,,,,none,,,,
6976245295812,veecci,Essence Long-Lasting Air Cushion K01# Porcelain (Mini) - 4.5g,,,,,,,,,,none,,,,
6976245295799,veecci,Essence Long-Lasting Air Cushion K01# Porcelain - 10g,,,,,,,,,,none,,,,
6976245295829,veecci,Essence Long-Lasting Air Cushion K02# Ivory (Mini) - 4.5g,,,,,,,,,,none,,,,
6976245295805,veecci,Essence Long-Lasting Air Cushion K02# Ivory - 10g,,,,,,,,,,none,,,,
6977487730581,veecci,Silky Flowy 7-Color Concealer Palette N01# - 4.6g,,,,,,,,,,none,,,,
6973655322572,veecci,Soft Mist Oil-Control Setting Spray 100ml,,,,,,,,,,none,,,,
No barcode,vodana,Easy Up Hair Styler Set,,,,,,,,,,none,,,,
8809362251745,vodana,Glamwave Curling Iron 40mm #Pink,,,,,,,,,,none,,,,
8809362251912,vodana,Glamwave Curling Iron 36mm #Creamy Blue,,,,,,,,,,none,,,,
8809362254166,vodana,Pocket Mini Flat Iron #Ivoery Mood,,,,,,,,,,none,,,,
8809362251691,vodana,Softbar Flat Iron #Purple Lavender,,,,,,,,,,none,,,,
8809362255293,vodana,Glow W Styler,,,,,,,,,,none,,,,
8809362255705,vodana,Stage Up Volume Fixer,,,,,,,,,,none,,,,
8803463011420,VT,PDRN Reedle Shot Shampoo Treatment Duo Set 200ml (shampoo),,,,,,,,,,none,,,,
8803463011420,VT,PDRN Reedle Shot Shampoo Treatment Duo Set 200ml (Treatment),,,,,,,,,,none,,,,
8809559624031,VT,Cica Spot Patch,,,,,,,,,,none,,,,
8803463004286,VT,PDRN Essence 100 30ml,,,,,,,,,,none,,,,
8803463012816,VT,PDRN Capsule Cream 100 50ml,,,,,,,,,,none,,,,
8803463007201,VT,PDRN Essence Glow Sun Pact 10g,,,,,,,,,,none,,,,
8803463020453,VT,Air Cloud Water Powder Sun Cushion,,,,,,,,,,none,,,,
8803463009762,VT,PDRN Reedle Shot Hair Ampoule 100dL 15ml,65.20,https://sg.iherb.com/pr/vt-cosmetics-pdrn-reedle-shot-hair-ampoule-100dl-0-5-fl-oz-15-ml/155706,2026-08-11,1.0,,,,,,iherb,1.0,65.20,2026-08-11,
8803463017491,VT,PDRN Reedle Shot Brush Hair Serum 100ml,,,,,,,,,,none,,,,
8809695678363,VT,Reedle Shot 100 50ml,46.74,https://sg.iherb.com/pr/vt-cosmetics-reedle-shot-100-1-69-fl-oz-50-ml/128671,2026-08-11,1.0,,,,,,iherb,1.0,46.74,2026-08-11,
8803463007294,VT,Reedle Shot 100 Stick Pouch 2ml x 10 pcs,15.81,https://sg.iherb.com/pr/vt-cosmetics-100-reedle-shot-10-count-2-ml-each/145369,2026-08-11,1.0,,,,,,iherb,1.0,15.81,2026-08-11,
8809695678431,VT,Reedle Shot 300 50ml,55.49,https://sg.iherb.com/pr/vt-cosmetics-reedle-shot-300-1-69-fl-oz-50-ml/140002,2026-08-11,1.0,,,,,,iherb,1.0,55.49,2026-08-11,
8803463007300,VT,Reedle Shot 300 Stick Pouch 2ml x 10 pcs,16.35,https://sg.iherb.com/pr/vt-cosmetics-300-reedle-shot-10-count-2-ml-each/145370,2026-08-11,1.0,,,,,,iherb,1.0,16.35,2026-08-11,
8809695678448,VT,Reedle Shot 700 30ml,,https://sg.iherb.com/pr/vt-cosmetics-reedle-shot-700-1-01-fl-oz-30-ml/155699,2026-08-11,1.0,,,,,,iherb,1.0,,2026-08-11,
8803463006037,VT,Reedle Shot 100 2 Step Mask 1.5g+25g,,,,,,,,,,none,,,,
8809559627490,VT,Cica Daily Soothing Mask 350g,33.33,https://sg.iherb.com/pr/vt-cosmetics-cica-daily-soothing-beauty-mask-30-sheets-350-g/128665,2026-08-11,1.0,,,,,,iherb,1.0,33.33,2026-08-11,
8803463012403,VT,PDRN Toner 250ml,,,,,,,,,,none,,,,
8803463020040,VT,PDRN Cream 100 2026 ver - 50ml,,,,,,,,,,none,,,,
8803463012199,VT,PDRN Reedle Shot Eye Lifter 15ml,,,,,,,,,,none,,,,
8803463010379,VT,PDRN Daily Mask 30,31.37,https://sg.iherb.com/pr/vt-cosmetics-pdrn-daily-beauty-mask-30-sheets-350-g/155680,2026-08-11,1.0,,,,,,iherb,1.0,31.37,2026-08-11,
8803463020187,VT,PDRN Air Cloud Sunscreen 50ml,,,,,,,,,,none,,,,
8803463010515,VT,PDRN R5 Firming Ampoule 30ml,,,,,,,,,,none,,,,
8803463012823,VT,PDRN Grinding Cleansing Balm 50ml,,,,,,,,,,none,,,,
8803463004552,VT,Reedle Shot Vita-Light Eyecream 15ml,,,,,,,,,,none,,,,
8803463021474,VT,Air Cloud Balance Layer Sun Stick 14.5g,,,,,,,,,,none,,,,
8803463012458,VT,Cryo Ice Mask 30 sheets,,,,,,,,,,none,,,,
8803463003487,VT,Vita-Light All In One 3step Mask 26g x 1,,,,,,,,,,none,,,,
8803463009496,VT,Reti-A Reedle Shot 100 2Step Hydrogel Mask Set 34.5g x 4,,,,,,,,,,none,,,,
8803463017934,VT,PDRN Hydrogel Eye Patch 60,,,,,,,,,,none,,,,
8803463019365,VT,Reedle Shot Hair Boosting Scaling Shampoo 500ml,,,,,,,,,,none,,,,
8803463019372,VT,Reedle Shot Hair Boosting Scalp Pack 250ml,,,,,,,,,,none,,,,
8803463009779,VT,VT PDRN Reedle Shot Hair Ampoule 300dL 15ml,,,,,,,,,,none,,,,
8803463012236,VT,VT Reedle Shot Foot Peeling Mask,,,,,,,,,,none,,,,
8805301015454,w.dressroom,W.DRESSROOM - Deo Wash 500ml,,,,,,,,,,none,,,,
8805301015638,w.dressroom,Fast Fresh Foot Shampoo April Cotton,,,,,,,,,,none,,,,
8805301013214,w.dressroom,Perfume Body Wash #20,,,,,,,,,,none,,,,
8805301013221,w.dressroom,Perfume Body Wash #38,,,,,,,,,,none,,,,
8805301002812,w.dressroom,W.DRESSROOM - Moisturizing Perfume Hand Cream #49 peach blossom 74g,,,,,,,,,,none,,,,
8805301012439,w.dressroom,W.DRESSROOM - Moisturizing Perfume Hand Cream #514 may rose 74g,,,,,,,,,,none,,,,
8805301015720,w.dressroom,W.DRESSROOM - Moisturizing Perfume Hand Cream #07 green bergamot 74g,,,,,,,,,,none,,,,
6973625651411,watercome,Fresh Flavour Roll On Dew - Peach,,,,,,,,,,none,,,,
6973625651404,watercome,Fresh Flavour Roll On Dew - Rose,,,,,,,,,,none,,,,
6955988212195,watercome,Salicylic Acid Fragrance Shower Gel 400ml,,,,,,,,,,none,,,,
6973625656355,watercome,WATERCOME - Whitening Body Essence Oil 50ml,,,,,,,,,,none,,,,
6973625656171,watercome,Cleaning Fragrance Shower Gel - lime cedar,,,,,,,,,,none,,,,
6973625656157,watercome,Cleaning Fragrance Shower Gel - Lychee rose,,,,,,,,,,none,,,,
6973625656164,watercome,Cleaning Fragrance Shower Gel - velevet milk almond,,,,,,,,,,none,,,,
6973625651107,watercome,Alpha Hydroxy Acid (AHA) Fragrance Shower Gel - Orange,,,,,,,,,,none,,,,
6973625654146,watercome,Alpha Hydroxy Acid (AHA) Fragrance Shower Gel - Pomelo,,,,,,,,,,none,,,,
6973625654122,watercome,Fresh Flavour Roll On Dew - Pomelo,,,,,,,,,,none,,,,
6973625651428,watercome,Fresh Flavour Roll On Dew  - White Tea,,,,,,,,,,none,,,,
6955988218746,watercome,Icy Body Hair Removal Cream,,,,,,,,,,none,,,,
6955988217060,watercome,Soothing Intimate Hair Removal Cream,,,,,,,,,,none,,,,
6955988218883,watercome,5% Nicotinamide Essence Whitening Body Lotion - White Tea,,,,,,,,,,none,,,,
6955988218876,watercome,5% Nicotinamide Essence Whitening Body Lotion - Rose,,,,,,,,,,none,,,,
6973625654511,watercome,WATERCOME - Brightening Body Tone Up Cream 100g,,,,,,,,,,none,,,,
8809859970340,wellderma,WellDerma - Face & Body Ceramic Gua Sha,,,,,,,,,,none,,,,
8809929551325,whipped,WHIPPED Vegan Topping Body Butter Jojovender 190g,,,,,,,,,,none,,,,
8809929553206,whipped,Mugwort Tea Tree Vegan Cooling Hydration Sunscreen 50ml,,,,,,,,,,none,,,,
8809929553565,whipped,Peach Pear Vegan Yogurt Face Mask Cleanser 130g,,,,,,,,,,none,,,,
8809929550359,whipped,WHIPPED Vegan Topping Body Butter Muhwabutter 190g,,,,,,,,,,none,,,,
8809929551332,whipped,WHIPPED Vegan Topping Body Butter Yujamong 190g,,,,,,,,,,none,,,,
6970100671957,xixi,Fresh Oil Blotting Paper - green tea,,,,,,,,,,none,,,,
8809723789375,zeroid,Pimprove Foaming Cleanser 200ml,31.21,https://sg.iherb.com/pr/zeroid-pimprove-foaming-cleanser-for-oily-troubled-skin-6-76-fl-oz-200-ml/159241,2026-08-11,1.0,,,,,,iherb,1.0,31.21,2026-08-11,
8809048413016,zeroid,Soothing Lotion 200ml,34.15,https://sg.iherb.com/pr/zeroid-soothing-lotion-for-sensitive-dry-skin-6-76-fl-oz-200-ml/159246,2026-08-11,1.0,,,,,,iherb,1.0,34.15,2026-08-11,
8809620752533,foellie,Foellie - Inner Perfume #eau de ciel 83g,,,,,,,,,,none,,,,
8806182587641,the face shop,Daily Beauty Tool Oil Blotting Films 50 sheets,,,,,,,,,,none,,,,
4550516493590,fino,Premium Touch Hair Oil 70ml,,,,,,,,,,none,,,,
6978647801028,judydoll,Stay Shine Lipstick-#101 Airy Nude - 3g (holiday limited),,,,,,,,,,none,,,,
6975242802627,judydoll,HOT Pretty Blush Powder #43 Blueberry Night,,,,,,,,,,none,,,,
8809482366343,klavuu,Nourishing Care Lip Sleeping Pack - coconut,17.09,https://sg.iherb.com/pr/klavuu-nourishing-care-lip-sleeping-pack-coconut-0-70-oz-20-g/115659,2026-08-11,1.0,,,,,,iherb,1.0,17.09,2026-08-11,
8809517413653,medicube,Soyxidil 2in1 Treatment 265ml,,,,,,https://shopee.sg/-medicube-official-Soyxidil-2in1-Treatment-i.140962220.11354172169?extraParams=%7B%22display_model_id%22%3A57415494785%2C%22model_selection_logic%22%3A3%7D,medicube official Soyxidil 2in1 Treatment,2026-07-21,0.6,shopee,0.6,,2026-07-21,
8809747923571,missha,Vita C Plus Spot Correcting & Firming Ampoule 30ml,35.08,https://sg.iherb.com/pr/missha-vita-c-plus-ascorbic-acid-spot-correcting-firming-ampoule-1-01-fl-oz-30-ml/113932,2026-08-11,1.0,,,,,,iherb,1.0,35.08,2026-08-11,
8809487049685,nard,Perfect Styling Hair Fixer 200ml,,,,,,,,,,none,,,,
8809981363720,nard,Revitalizing Sugar Body Scrub Lavender Musk,,,,,,,,,,none,,,,
6944787721113,novo,Refreshing Roll-On Deodorant #2 english pear and freasia,,,,,,,,,,none,,,,
8809237074998,plu,plu - Body Scrub #rosemary herb 224g,,,,,,,,,,none,,,,
8809237074691,plu,plu - Body Scrub #Berry mix 224g,,,,,,,,,,none,,,,
4550516491565,shiseido,Sea Breeze Ice Towel Body Sheet Citrus Sherbet,,,,,,,,,,none,,,,
8806194022857,tonymoly,I'm Mask Sheet 2025 Version - Red Wine,2.90,https://sg.iherb.com/pr/tonymoly-i-m-red-wine-pore-care-beauty-mask-sheet-1-sheet-0-74-oz-21-g/99455,2026-08-11,1.0,,,,,,iherb,1.0,2.90,2026-08-11,
4550516485410,tsubaki,Premium Volume & Repair Shampoo 450ml,,,,,,,,,,none,,,,
6973274302351,veecci,Focus Freckled Pen 01# Black - 0.55ml,,,,,,,,,,none,,,,
6973274302368,veecci,Focus Freckled Pen 02# Brown - 0.55ml,,,,,,,,,,none,,,,
6973274302375,veecci,Focus Freckled Pen 03# Light Brown - 0.55ml,,,,,,,,,,none,,,,
6971053258622,judydoll,Oil-Control Matte Pressed Powder-#01 White Color - 4g,,,,,,,,,,none,,,,
8800253024684,milktouch,Jelly Fit Tinted Glow Tint 2026 Version - #06 Chericious,,,,,,,,,,none,,,,
8800290367591,peripera,Pure Blushed Sunshine Cheek #30 Soft Pink,,,,,,,,,,none,,,,
6975025855864,red chamber,Haruki Serenity Contour Powder #CP000 - 8g,,,,,,,,,,none,,,,
8809928136615,tirtir,Mask Fit Aura Silver Cushion #27N Camel,,,,,,,,,,none,,,,
8809928135908,tirtir,Mask Fit Red Cushion #37C Almond,,,,,,,,,,none,,,,
8809928137469,tirtir,Mask Fit Red Cushion #45W Chestnut,,,,,,,,,,none,,,,
8809928137452,tirtir,Mask Fit Red Cushion #45N Saddle Brown,,,,,,,,,,none,,,,
8809647773573,unleasia,Satin Wear Healthy-Green Cushion #24N Wind Storm,,,,,,,,,,none,,,,
8809652585659,fwee,Lip&Cheek Blurry Pudding Pot BS01 Cool 5g,,,,,,https://shopee.sg/-fwee-Lip-Cheek-Blurry-Pudding-Pot-%E2%80%93-30-Shades-5g-i.1147332494.27607656010?extraParams=%7B%22display_model_id%22%3A241363240426%2C%22model_selection_logic%22%3A3%7D,fwee Lip Cheek Blurry Pudding Pot – 30 Shades 5g,2026-08-01,0.6,shopee,0.6,,2026-08-01,
8809652585666,fwee,Lip&Cheek Blurry Pudding Pot BS02 Into 5g,,,,,,https://shopee.sg/-fwee-Lip-Cheek-Blurry-Pudding-Pot-%E2%80%93-30-Shades-5g-i.1147332494.27607656010?extraParams=%7B%22display_model_id%22%3A241363240426%2C%22model_selection_logic%22%3A3%7D,fwee Lip Cheek Blurry Pudding Pot – 30 Shades 5g,2026-08-01,0.6,shopee,0.6,,2026-08-01,
8809652582542,fwee,Lip&Cheek Blurry Pudding Pot CR02 Boy 5g,19.51,https://sg.iherb.com/pr/fwee-lip-cheek-blurry-pudding-pot-cr02-boy-0-17-oz-5-g/143220,2026-08-11,1.0,,https://shopee.sg/-fwee-Lip-Cheek-Blurry-Pudding-Pot-%E2%80%93-30-Shades-5g-i.1147332494.27607656010?extraParams=%7B%22display_model_id%22%3A241363240426%2C%22model_selection_logic%22%3A3%7D,fwee Lip Cheek Blurry Pudding Pot – 30 Shades 5g,2026-08-01,0.6,iherb,1.0,19.51,2026-08-11,
8809652582566,fwee,Lip&Cheek Blurry Pudding Pot CR04 Seventeen 5g,,,,,,https://shopee.sg/-fwee-Lip-Cheek-Blurry-Pudding-Pot-%E2%80%93-30-Shades-5g-i.1147332494.27607656010?extraParams=%7B%22display_model_id%22%3A241363240426%2C%22model_selection_logic%22%3A3%7D,fwee Lip Cheek Blurry Pudding Pot – 30 Shades 5g,2026-08-01,0.6,shopee,0.6,,2026-08-01,
8809652582702,fwee,Lip&Cheek Blurry Pudding Pot MV03 Baddie 5g,16.91,https://sg.iherb.com/pr/fwee-lip-cheek-blurry-pudding-pot-mv03-baddie-0-17-oz-5-g/143222,2026-08-11,1.0,,https://shopee.sg/-fwee-Lip-Cheek-Blurry-Pudding-Pot-%E2%80%93-30-Shades-5g-i.1147332494.27607656010?extraParams=%7B%22display_model_id%22%3A241363240426%2C%22model_selection_logic%22%3A3%7D,fwee Lip Cheek Blurry Pudding Pot – 30 Shades 5g,2026-08-01,0.6,iherb,1.0,16.91,2026-08-11,
8809652582504,fwee,Lip&Cheek Blurry Pudding Pot ND03 Without 5g,,,,,,https://shopee.sg/-fwee-Lip-Cheek-Blurry-Pudding-Pot-%E2%80%93-30-Shades-5g-i.1147332494.27607656010?extraParams=%7B%22display_model_id%22%3A241363240426%2C%22model_selection_logic%22%3A3%7D,fwee Lip Cheek Blurry Pudding Pot – 30 Shades 5g,2026-08-01,0.6,shopee,0.6,,2026-08-01,
8809652582511,fwee,Lip&Cheek Blurry Pudding Pot ND04 My 5g,19.51,https://sg.iherb.com/pr/fwee-lip-cheek-blurry-pudding-pot-nd04-my-0-17-oz-5-g/143212,2026-08-11,1.0,,https://shopee.sg/-fwee-Lip-Cheek-Blurry-Pudding-Pot-%E2%80%93-30-Shades-5g-i.1147332494.27607656010?extraParams=%7B%22display_model_id%22%3A241363240426%2C%22model_selection_logic%22%3A3%7D,fwee Lip Cheek Blurry Pudding Pot – 30 Shades 5g,2026-08-01,0.6,iherb,1.0,19.51,2026-08-11,
8809652582580,fwee,Lip&Cheek Blurry Pudding Pot PK01 Baby 5g,19.51,https://sg.iherb.com/pr/fwee-lip-cheek-blurry-pudding-pot-pk01-baby-0-17-oz-5-g/143214,2026-08-11,1.0,,https://shopee.sg/-fwee-Lip-Cheek-Blurry-Pudding-Pot-%E2%80%93-30-Shades-5g-i.1147332494.27607656010?extraParams=%7B%22display_model_id%22%3A241363240426%2C%22model_selection_logic%22%3A3%7D,fwee Lip Cheek Blurry Pudding Pot – 30 Shades 5g,2026-08-01,0.6,iherb,1.0,19.51,2026-08-11,
8809652582597,fwee,Lip&Cheek Blurry Pudding Pot PK02 Skirt 5g,,,,,,https://shopee.sg/-fwee-Lip-Cheek-Blurry-Pudding-Pot-%E2%80%93-30-Shades-5g-i.1147332494.27607656010?extraParams=%7B%22display_model_id%22%3A241363240426%2C%22model_selection_logic%22%3A3%7D,fwee Lip Cheek Blurry Pudding Pot – 30 Shades 5g,2026-08-01,0.6,shopee,0.6,,2026-08-01,
8809652582641,fwee,Lip&Cheek Blurry Pudding Pot RD02 Mule 5g,14.50,https://sg.iherb.com/pr/fwee-lip-cheek-blurry-pudding-pot-rd02-mule-0-17-oz-5-g/143207,2026-08-11,1.0,,https://shopee.sg/-fwee-Lip-Cheek-Blurry-Pudding-Pot-%E2%80%93-30-Shades-5g-i.1147332494.27607656010?extraParams=%7B%22display_model_id%22%3A241363240426%2C%22model_selection_logic%22%3A3%7D,fwee Lip Cheek Blurry Pudding Pot – 30 Shades 5g,2026-08-01,0.6,iherb,1.0,14.50,2026-08-11,
8809652582672,fwee,Lip&Cheek Blurry Pudding Pot RD05 Greedy 5g,16.91,https://sg.iherb.com/pr/fwee-lip-cheek-blurry-pudding-pot-rd05-greedy-0-17-oz-5-g/143205,2026-08-11,1.0,,https://shopee.sg/-fwee-Lip-Cheek-Blurry-Pudding-Pot-%E2%80%93-30-Shades-5g-i.1147332494.27607656010?extraParams=%7B%22display_model_id%22%3A241363240426%2C%22model_selection_logic%22%3A3%7D,fwee Lip Cheek Blurry Pudding Pot – 30 Shades 5g,2026-08-01,0.6,iherb,1.0,16.91,2026-08-11,
8809652582740,fwee,Lip&Cheek Blurry Pudding Pot RS02 Lyrics 5g,26.01,https://sg.iherb.com/pr/fwee-lip-cheek-blurry-pudding-pot-rs02-lyrics-0-17-oz-5-g/143210,2026-08-11,1.0,,https://shopee.sg/-fwee-Lip-Cheek-Blurry-Pudding-Pot-%E2%80%93-30-Shades-5g-i.1147332494.27607656010?extraParams=%7B%22display_model_id%22%3A241363240426%2C%22model_selection_logic%22%3A3%7D,fwee Lip Cheek Blurry Pudding Pot – 30 Shades 5g,2026-08-01,0.6,iherb,1.0,26.01,2026-08-11,
8809652585703,fwee,Fingerlike Silicone Lip Brush Mini 13g,,,,,9.81,https://shopee.sg/-fwee-Fingerlike-Silicone-Lip-Brush-(Mini-Slim-Mini)-i.1147332494.29473652664?extraParams=%7B%22display_model_id%22%3A147647785985%2C%22model_selection_logic%22%3A3%7D,fwee Fingerlike Silicone Lip Brush (Mini Slim Mini),2026-07-29,0.714,shopee,0.714,9.81,2026-07-29,
8809652582856,fwee,3D Voluming Gloss - 21 Colors #B01 Vanilla 70%,,,,,,,,,,none,,,,
8809652582825,fwee,3D Voluming Gloss - 21 Colors #A04 Aengdu 30%,,,,,,,,,,none,,,,
8809652582887,fwee,3D Voluming Gloss - 21 Colors #B04 Aengdu 70%,,,,,,,,,,none,,,,
8800312061391,fwee,Rose Obsession Stay-Fit Lip Tint - 18 Colors #GN02 Sweet Rose,,,,,,,,,,none,,,,
8800312061377,fwee,Rose Obsession Stay-Fit Lip Tint - 18 Colors #GW03 Coco Rose,,,,,,,,,,none,,,,
8800312061513,fwee,Rose Obsession Stay-Fit Lip Tint - 18 Colors #MC02 Sth Rose,,,,,,,,,,none,,,,
8800312063449,fwee,Smoothie Lip Balm - 18 Colors Avocado Coconut,,,,,,https://shopee.sg/fwee-Glowy-Smoothie-Lip-Balm-(18-Colors)-i.1147332494.28494478572?extraParams=%7B%22display_model_id%22%3A385704613195%2C%22model_selection_logic%22%3A3%7D,fwee Glowy Smoothie Lip Balm (18 Colors),2026-08-01,0.625,shopee,0.625,,2026-08-01,
8800312063272,fwee,Smoothie Lip Balm - 18 Colors #GC02 Acai Vanilla,,,,,,,,,,none,,,,
8800312063289,fwee,Smoothie Lip Balm - 18 Colors #GN01 Guava Crush,,,,,,,,,,none,,,,
8800312063319,fwee,Smoothie Lip Balm - 18 Colors #GN03 Peanut Butter Caramel,,,,,,,,,,none,,,,
8800312063395,fwee,Smoothie Lip Balm - 18 Colors #BW01 Lychee Peach,,,,,,,,,,none,,,,
8800312063371,fwee,Smoothie Lip Balm - 18 Colors #BN02 Watermelon Sorbet,,,,,,,,,,none,,,,
8800312061148,fwee,Long-Lasting Dual Coloring Stick Lip Liner - 6 Colors #01 Drawn To You,,,,,,,,,,none,,,,
8800312061155,fwee,Long-Lasting Dual Coloring Stick Lip Liner - 6 Colors #02 Lip Service,,,,,,,,,,none,,,,
8800312061162,fwee,Long-Lasting Dual Coloring Stick Lip Liner - 6 Colors #03 TT YL,,,,,,,,,,none,,,,
8800312061179,fwee,Long-Lasting Dual Coloring Stick Lip Liner - 6 Colors #04 Spill Tea,,,,,,,,,,none,,,,
8800312061186,fwee,Long-Lasting Dual Coloring Stick Lip Liner - 6 Colors #05 Chocolate Box,,,,,,,,,,none,,,,
8800312061193,fwee,Long-Lasting Dual Coloring Stick Lip Liner - 6 Colors #06 Pretty Savage,,,,,,,,,,none,,,,
8800312063890,fwee,Lip Contour Stain - 7 Colors #01 Camelia,,,,,,,,,,none,,,,
8800312063906,fwee,Lip Contour Stain - 7 Colors #02 Babe,,,,,,,,,,none,,,,
8800312063913,fwee,Lip Contour Stain - 7 Colors #03 Teddy,,,,,,,,,,none,,,,
8800312063920,fwee,Lip Contour Stain - 7 Colors #04 Fever,,,,,,,,,,none,,,,
8800312063944,fwee,Lip Contour Stain - 7 Colors #07 MVP,,,,,,,,,,none,,,,
8800312067249,fwee,Post-Spa Airy SPF Tone Up Prep - 2 Colors #01 Airy Peach,,,,,,,,,,none,,,,
8800312068277,fwee,Post-Spa Airy SPF Tone Up Prep - 2 Colors #02  Airy Lavender,,,,,,,,,,none,,,,
8800312067645,fwee,Shaking Synergy Mist Powder Fixing 50ml,,,,,,,,,,none,,,,
8809652583259,fwee,Cushion Glass Natural - 5 Colors 2024 Version - #1.5 Peach Glass,,,,,,,,,,none,,,,
8809652583266,fwee,Cushion Glass Natural - 5 Colors 2024 Version - #2 Nude Glass,,,,,,,,,,none,,,,
8809652583273,fwee,Cushion Glass Natural - 5 Colors 2024 Version - #03 Natural Glass,,,,,,,,,,none,,,,
8809652587738,fwee,Glitz Stone Highlighter - 12 Colors #HL01 Fever Garnet,,,,,,,,,,none,,,,
8809652587745,fwee,Glitz Stone Highlighter - 12 Colors #HL02 Heroine Purple,,,,,,,,,,none,,,,
8809652587752,fwee,Glitz Stone Highlighter - 12 Colors #HL03 Marine Baby,,,,,,,,,,none,,,,
8809652587769,fwee,Glitz Stone Highlighter - 12 Colors #HL04 Queen Diamond,,,,,,,,,,none,,,,
8809652587776,fwee,Glitz Stone Highlighter - 12 Colors #HL05 Lucky Clover,,,,,,,,,,none,,,,
8809652587783,fwee,Glitz Stone Highlighter - 12 Colors #HL06 Bliss Shell,,,,,,,,,,none,,,,
8809652587790,fwee,Glitz Stone Highlighter - 12 Colors #HL07 Ruby Reborn,,,,,,,,,,none,,,,
8809652587813,fwee,Glitz Stone Highlighter - 12 Colors #HL08 Wish Moon,,,,,,,,,,none,,,,
8809652587820,fwee,Glitz Stone Highlighter - 12 Colors #HL09 Love Quartz,,,,,,,,,,none,,,,
8809652587837,fwee,Glitz Stone Highlighter - 12 Colors #HL10 Opal Blooming,,,,,,,,,,none,,,,
8809652587844,fwee,Glitz Stone Highlighter - 12 Colors #HL11 Royal Topaz,,,,,,,,,,none,,,,
8809652587851,fwee,Glitz Stone Highlighter - 12 Colors #HL12 Merry Aurora,,,,,,,,,,none,,,,
6978647802339,judydoll,Depuffing Roller Primer 80g,,,,,,,,,,none,,,,
6976436770364,judydoll,Oil Control Primer #Icy Americano - 30g (new version),,,,,,,,,,none,,,,
4901008302980,canmake,Shading Powder 01 Danish Brown,,,,,,,,,,none,,,,
4901008313535,canmake,Shading Powder 05 Moon Greige,,,,,,,,,,none,,,,
4901008314747,canmake,Nose Shadow Maker - 01 Greige Yellow,,,,,,,,,,none,,,,
4901008314754,canmake,Nose Shadow Maker - 02 Grayish Pink,,,,,,,,,,none,,,,
8809581444423,missha,Cotton Contour - Baked Angel,,,,,,,,,,none,,,,
8809581444430,missha,Cotton Contour - Salted Hot Choco,,,,,,,,,,none,,,,
8809581444447,missha,Cotton Contour - Smoked Hazel,,,,,,,,,,none,,,,
8809581444416,missha,Cotton Contour - Sugar Toast,,,,,,,,,,none,,,,
8809900989284,clio,Pro Eye Palette Air - #01 Coral Studio,,,,,,,,,,none,,,,
8809900989291,clio,Pro Eye Palette Air - #02 Rose Connect,,,,,,,,,,none,,,,
8809900989307,clio,Pro Eye Palette Air - #03 Mute Library,,,,,,,,,,none,,,,
8809937593362,clio,Pro Eye Palette Air - #04 Pink Pairing,,,,,,,,,,none,,,,
8809447257051,dr. althea,345 Relief Serum 30ml,,,,,,,,,,none,,,,
8809447256221,dr. althea,[Renew] 345 Relief Cream 50ml,40.58,https://sg.iherb.com/pr/dr-althea-345-relief-cream-for-all-skin-types-1-69-fl-oz-50-ml/160012,2026-08-11,1.0,,,,,,iherb,1.0,40.58,2026-08-11,
8809447256085,dr. althea,Aqua Marine Watery Cream 50ml,,https://sg.iherb.com/pr/dr-althea-aqua-marine-watery-cream-for-all-skin-types-1-69-fl-oz-50-ml/156780,2026-08-11,1.0,,,,,,iherb,1.0,,2026-08-11,
8809447256122,dr. althea,345 Relief Cream Mist 60ml,,,,,,,,,,none,,,,
8809447257778,dr. althea,345 Relief Spot Powder,,,,,,,,,,none,,,,
8809447256412,dr. althea,"PDRN Reju 5000 Cream 20g (PDRN 5,000ppm)",34.21,https://sg.iherb.com/pr/dr-althea-pdrn-reju-5000-cream-0-7-oz-20-g/159696,2026-08-11,1.0,,,,,,iherb,1.0,34.21,2026-08-11,
8809447256184,dr. althea,Aqua Marine Jelly Mist 100ml,28.95,https://sg.iherb.com/pr/dr-althea-aqua-marine-jelly-mist-for-all-skin-types-3-38-fl-oz-100-ml/159699,2026-08-11,1.0,,,,,,iherb,1.0,28.95,2026-08-11,
8809447256191,dr. althea,Aqua Marine Deep Serum 30ml,15.25,https://sg.iherb.com/pr/dr-althea-aqua-marine-deep-serum-1-01-fl-oz-30-ml/156781,2026-08-11,1.0,,,,,,iherb,1.0,15.25,2026-08-11,
8809447256238,dr. althea,ABC Glow Whipped Serum 100ml,28.50,https://sg.iherb.com/pr/dr-althea-abc-glow-whipped-serum-for-all-skin-types-3-38-fl-oz-100-ml/159798,2026-08-11,1.0,,,,,,iherb,1.0,28.50,2026-08-11,
8809447255071,dr. althea,Pure Grinding Cleansing Balm 50ml,27.23,https://sg.iherb.com/pr/dr-althea-pure-grinding-cleansing-balm-1-69-fl-oz-50-ml/147046,2026-08-11,1.0,23.27,https://shopee.sg/Dr.Althea-Pure-Grinding-Cleansing-Balm-50ml-i.161712636.25463654419?extraParams=%7B%22display_model_id%22%3A108296470669%2C%22model_selection_logic%22%3A3%7D,Dr.Althea Pure Grinding Cleansing Balm 50ml,2026-07-29,0.714,iherb,1.0,27.23,2026-08-11,
8809447257815,dr. althea,345 Relief Milky Cleansing Oil 145ml,,,,,,,,,,none,,,,
8809447255972,dr. althea,Aqua Glowing Sunscreen 45ml,,,,,,,,,,none,,,,
8809447255989,dr. althea,Green Tea Fresh Sunscreen 45ml,,,,,,,,,,none,,,,
8809447255804,dr. althea,Vita Glow Mask (28g*4EA),,,,,,,,,,none,,,,
8809447255767,dr. althea,Aqua Blue Hydration Mask( 28g*4EA ),17.20,https://sg.iherb.com/pr/dr-althea-aqua-blue-hydration-beauty-mask-4-sheets-0-99-oz-28-g-each/159697,2026-08-11,1.0,,,,,,iherb,1.0,17.20,2026-08-11,
8809447256290,dr. althea,345 Cream Mask 4EA,15.28,https://sg.iherb.com/pr/dr-althea-345-relief-cream-beauty-mask-4-sheets-0-88-oz-25-g-each/159800,2026-08-11,1.0,,,,,,iherb,1.0,15.28,2026-08-11,
8809772785656,elroel,NO SEBUM BIG SUN STICK 19g,,,,,,,,,,none,,,,
8809772786028,elroel,ICE WATER SUN MIST 100ml,,,,,,,,,,none,,,,
8809567708662,fully,LEMON VITA BUBBLE SERUM 95ml,,,,,,,,,,none,,,,
8809567709331,fully,LEMON VITA CAPSULE CREAM 90g,,,,,,,,,,none,,,,
8800345550329,fully,RICE PDRN GLOW BOOSTING SERUM 50ml,,,,,,,,,,none,,,,
8800345550435,fully,PORE PEPTIDE SEBUM MELTING CREAM TO OIL 50ml,,,,,,,,,,none,,,,
8809567708686,fully,LEMON VITA BUBBLE MASK CLEANSER 150ml,,,,,,,,,,none,,,,
8800345551364,fully,NO-SEBUM SUN STICK 23g,,,,,,,,,,none,,,,
8800345550725,fully,(4ea) PORE PEPTIDE SEBUM OUT TIGHTENING MASK,,,,,,,,,,none,,,,
8809567707207,fully,Green Tomato Clay Mask Cleanser 120ml,16.26,https://sg.iherb.com/pr/fully-green-tomato-clay-mask-cleanser-4-05-fl-oz-120-ml/160636,2026-08-11,1.0,,,,,,iherb,1.0,16.26,2026-08-11,
8809652582795,fwee,3D Voluming gloss 30% 01 Nude Vanila 5.3g,,,,,,,,,,none,,,,
8809652582801,fwee,3D Voluming gloss 30% 02 Coral Sorbet 5.3g,,,,,,,,,,none,,,,
8809652582818,fwee,3D Voluming gloss 30% 03 Pink Candy 5.3g,,,,,,,,,,none,,,,
8809652582870,fwee,3D Voluming gloss 70% 03 Pink Candy 5.3g,,,,,,,,,,none,,,,
8809652582849,fwee,3D Voluming gloss 30% 06 Rose Scotch 5.3g,,,,,,,,,,none,,,,
8809652582863,fwee,3D Voluming gloss 70% 02 Coral Sorbet 5.3g,,,,,,,,,,none,,,,
8809652582900,fwee,3D Voluming gloss 70% 06 Rose Scotch 5.3g,,,,,,,,,,none,,,,
8800312061414,fwee,ROSE OBSESSION STAY-FIT LIP TINT GC01 BUNNY ROSE 3.5ml,,,,,,,,,,none,,,,
8800312061490,fwee,ROSE OBSESSION STAY-FIT LIP TINT MN03 DRIED ROSE 4ml,,,,,,,,,,none,,,,
8800312061445,fwee,ROSE OBSESSION STAY-FIT LIP TINT MW01 BAKED ROSE 4ml,,,,,,,,,,none,,,,
8800312067621,fwee,SHAKING SYNERGY MIST SLUSHY COOLING 50ml,,,,,,,,,,none,,,,
8800312061537,fwee,Spa Glowing UV Tone-Up Prep 01 Semi Dewy 35g,,,,,,,,,,none,,,,
8800312066167,fwee,ALL-DAY COVER BLACK CUSHION 21N 13g,,,,,,https://shopee.sg/fwee-All-Day-Cover-Black-Cushion-(5-Colors)-i.1147332494.57109672371?extraParams=%7B%22display_model_id%22%3A370855304014%2C%22model_selection_logic%22%3A3%7D,fwee All Day Cover Black Cushion (5 Colors),2026-08-01,0.625,shopee,0.625,,2026-08-01,
8800312066174,fwee,ALL-DAY COVER BLACK CUSHION 22N 13g,,,,,,https://shopee.sg/fwee-All-Day-Cover-Black-Cushion-(5-Colors)-i.1147332494.57109672371?extraParams=%7B%22display_model_id%22%3A370855304014%2C%22model_selection_logic%22%3A3%7D,fwee All Day Cover Black Cushion (5 Colors),2026-08-01,0.625,shopee,0.625,,2026-08-01,
8800312066181,fwee,ALL-DAY COVER BLACK CUSHION 23N 13g,,,,,,https://shopee.sg/fwee-All-Day-Cover-Black-Cushion-(5-Colors)-i.1147332494.57109672371?extraParams=%7B%22display_model_id%22%3A370855304014%2C%22model_selection_logic%22%3A3%7D,fwee All Day Cover Black Cushion (5 Colors),2026-08-01,0.625,shopee,0.625,,2026-08-01,
8800312061094,fwee,LONG-LASTING DUAL COLORING STICK EYE SHADOW 01 FIRST SIGHT (1.2g),,,,,,,,,,none,,,,
8800312061100,fwee,LONG-LASTING DUAL COLORING STICK EYE SHADOW 02 SOFT BLINK (1.2g),,,,,,,,,,none,,,,
8800312061117,fwee,LONG-LASTING DUAL COLORING STICK EYE SHADOW 03 DIFFERENT POV (1.2g),,,,,,,,,,none,,,,
8800312061124,fwee,LONG-LASTING DUAL COLORING STICK EYE SHADOW 04 PEEK A BOO (1.2g),,,,,,,,,,none,,,,
8800312061131,fwee,LONG-LASTING DUAL COLORING STICK EYE SHADOW 05 DEEP FOCUS (1.2g),,,,,,,,,,none,,,,
8800312063357,fwee,GLOWY SMOOTHIE TINTED LIP BALM GW03 PISTACHIO NUT (0.33 oz),,,,,,,,,,none,,,,
8800312063326,fwee,GLOWY SMOOTHIE TINTED LIP BALM GW01 MANGO PEACH BLEND (0.33 oz),,,,,,,,,,none,,,,
8809652582832,fwee,3D Voluming gloss 30% 05 Move Currant 5.3g,,,,,,,,,,none,,,,
8809652582894,fwee,3D Voluming gloss 70% 05 Move Currant 5.3g,,,,,,,,,,none,,,,
8800312061049,fwee,3D VOLUMING GLOSS B12 CHERRY COLA 30% 5.3g,,,,,,,,,,none,,,,
8800312061063,fwee,3D VOLUMING GLOSS B12 CHERRY COLA 70% 5.3g,,,,,,,,,,none,,,,
8800312061384,fwee,ROSE OBSESSION STAY-FIT LIP TINT GN01 MY ROSE 3.5ml,,,,,,,,,,none,,,,
8800312061360,fwee,ROSE OBSESSION STAY-FIT LIP TINT GW02 SPRING ROSE 3.5ml,,,,,,,,,,none,,,,
8800312061506,fwee,ROSE OBSESSION STAY-FIT LIP TINT MC01 PETAL ROSE 4ml,,,,,,,,,,none,,,,
8800312061520,fwee,ROSE OBSESSION STAY-FIT LIP TINT MC03 DUSTY ROSE 4ml,,,,,,,,,,none,,,,
8800312061452,fwee,ROSE OBSESSION STAY-FIT LIP TINT MW02 BURNT ROSE 4ml,,,,,,,,,,none,,,,
8800312067638,fwee,SHAKING SYNERGY MIST SPA GLOWING 50ml,,,,,,,,,,none,,,,
8800312061544,fwee,Spa Glowing UV Tone-Up Prep 02 Wet Dewy 35g,,,,,,,,,,none,,,,
8800312066150,fwee,ALL-DAY COVER BLACK CUSHION 19N 13g,,,,,,https://shopee.sg/fwee-All-Day-Cover-Black-Cushion-(5-Colors)-i.1147332494.57109672371?extraParams=%7B%22display_model_id%22%3A370855304014%2C%22model_selection_logic%22%3A3%7D,fwee All Day Cover Black Cushion (5 Colors),2026-08-01,0.625,shopee,0.625,,2026-08-01,
8809704097741,growus,(Renewal) Damage Therapy Hair Treatment EX (GB) 220ml,,,,,,,,,,none,,,,
8809704097734,growus,(Renewal) Damage Therapy Hair Oil (GB) 65ml,,,,,,,,,,none,,,,
8809704095181,growus,(GB) Sea Salt Therapy Scalp Scaler 250g,,,,,,,,,,none,,,,
8809704095167,growus,Sea Salt Therapy Shampoo 500g,32.87,https://sg.iherb.com/pr/growus-sea-salt-therapy-shampoo-17-63-fl-oz-500-g/159971,2026-08-11,1.0,,,,,,iherb,1.0,32.87,2026-08-11,
8809704095211,growus,(GB) Algae Therapy Shampoo 500ml,,,,,,,,,,none,,,,
8809704091923,growus,Algae Therapy No-wash Treatment 150ml,,,,,,,,,,none,,,,
8809704097901,growus,(Renewal) Damage Therapy Shampoo EX (GB) 500ml,,,,,,,,,,none,,,,
8809704097727,growus,(Renewal) Damage Therapy No-wash Treatment EX (GB) 250ml,,,,,,,,,,none,,,,
8809704095501,growus,Damage Therapy No-wash Treatment Light Pure Soap 250ml,,,,,,,,,,none,,,,
8809704097673,growus,(Renewal) Damage Therapy Perfume Hand Cream_Due Rose 50ml,,,,,,,,,,none,,,,
8809704095389,growus,Damage Therapy Perfume Hand Cream_Sea Salt 50ml,,,,,,,,,,none,,,,
8809704097680,growus,(Renewal) Damage Therapy Perfume Hand Cream_True Me 50ml,,,,,,,,,,none,,,,
8809639150399,headspa7,NO-WASH SHAMPOO 100ml,,,,,,,,,,none,,,,
8809494543619,headspa7,TREATMENT PARANNUN BLACK HAIR PACK 200ml,,,,,,,,,,none,,,,
8809769670699,headspa7,TREATMENT ANTI-AJING 215ml,,,,,,,,,,none,,,,
8809494546023,headspa7,TREATMENT THE PREMIUM 210ml,,,,,,,,,,none,,,,
8809481760883,heimish,(renewal) Bulgarian Rose Hydrogel Eye Patch 60ea,17.15,https://sg.iherb.com/pr/heimish-hydrogel-eye-patch-bulgarian-rose-water-60-patches/84588,2026-08-11,1.0,,,,,,iherb,1.0,17.15,2026-08-11,
8809653321201,laundryou,Clean Face Gargle Gel-to-Foam Cleanser Strong 160ml,,,,,,,,,,none,,,,
8809985781742,narka,FRESH VEIL HAIR SEBUM MIST #COTTONY MORNING,,,,,,,,,,none,,,,
8809985780974,narka,FRESH SEBUM HAIR MASCARA 15g,,,,,,,,,,none,,,,
8809985781117,narka,CORE REBUILD HYPE FIT HAIR MASCARA,,,,,,,,,,none,,,,
8809985781650,narka,SUPER FIX EDGE HAIR WAND MASCARA,,,,,,,,,,none,,,,
8809985781674,narka,FRESH COOLING MATCHA-PDRN PACK SHAMPOO 500ml,,,,,,,,,,none,,,,
8809985780004,narka,CORE REBUILD STRAIGHT SLICK HAIR MILK #SUNSET HONEY 150ml,,,,,,,,,,none,,,,
8809985780295,narka,CORE REBUILD CREAMY VEIL HAIR MIST #SUNSET HONEY 80ml,,,,,,,,,,none,,,,
8809665595843,narka,CORE REBUILD GENTLE SHINE HAIR ESSENCE 30ml,,,,,,,,,,none,,,,
8809593900566,not4u,Clear Body Mist 200ml,,,,,,,,,,none,,,,
8809652580845,numbuzin,5ea) No.3 Tingle-Pore Softening Sheet Mask,16.15,https://sg.iherb.com/pr/numbuzin-no-3-tingle-pore-softening-beauty-sheet-mask-5-sheets-0-91-fl-oz-27-ml-each/159999,2026-08-11,1.0,,,,,,iherb,1.0,16.15,2026-08-11,
8809652582245,numbuzin,5ea) No.5 Glutathione Vitamin Concentrated Mask,16.15,https://sg.iherb.com/pr/numbuzin-no-5-glutathione-vitamin-concentrated-beauty-mask-5-sheets-0-91-fl-oz-27-ml-each/160001,2026-08-11,1.0,,,,,,iherb,1.0,16.15,2026-08-11,
8809652589091,numbuzin,5ea) No.1 Pantothenic B5 Hyaluronic Active Clear Mask,16.17,https://sg.iherb.com/pr/numbuzin-no-1-pantothenic-b5-hyaluronic-active-clear-beauty-mask-5-sheets-0-87-fl-oz-26-ml-each/160008,2026-08-11,1.0,,,,,,iherb,1.0,16.17,2026-08-11,
8800312065665,numbuzin,No.3 Bifida Bakuchiol Zero Pore Milky Moisturizer 150ml,,,,,,,,,,none,,,,
8800312065702,numbuzin,No.3 No Filter Tone-Up Sun Serum 01Blur 50ml,,,,,,,,,,none,,,,
8809652581781,numbuzin,No.5+ Glutathione Vitamin Concentrated Toner Pads 70pads,36.17,https://sg.iherb.com/pr/numbuzin-no-5-glutathione-vitamin-concentrated-toner-pads-70-pads-6-08-fl-oz-180-ml/138426,2026-08-11,1.0,,,,,,iherb,1.0,36.17,2026-08-11,
8809652581774,numbuzin,No.5+ Glutathione Vitamin Concentrated Serum 30ml,35.65,https://sg.iherb.com/pr/numbuzin-no-5-glutathione-vitamin-concentrated-serum-1-01-fl-oz-30-ml/138428,2026-08-11,1.0,,,,,,iherb,1.0,35.65,2026-08-11,
8800312061933,numbuzin,No.5 Glutathione Vitamin Tone-up Sun Serum 30ml,,,,,,https://shopee.sg/-Numbuzin-Official-No.5-Glutathione-Vitamin-Tone-up-Sun-Serum-i.358623637.40228935057?extraParams=%7B%22display_model_id%22%3A395586572966%2C%22model_selection_logic%22%3A3%7D,Numbuzin Official No.5 Glutathione Vitamin Tone up Sun Serum,2026-08-01,0.778,shopee,0.778,,2026-08-01,
8809652581705,numbuzin,No.1 Clear Filter Sun Essence SPF50+ PA++++,,,,,,https://shopee.sg/-Numbuzin-Official-No.1-Clear-Filter-Sun-Essence-SPF50-PA-50ml-i.358623637.23866915064?extraParams=%7B%22display_model_id%22%3A206720258421%2C%22model_selection_logic%22%3A3%7D,Numbuzin Official No.1 Clear Filter Sun Essence SPF50 PA 50ml,2026-08-01,0.778,shopee,0.778,,2026-08-01,
8800312065672,numbuzin,No.3 Bifida Bakuchiol Exfoliating Toner Pads (70ea),,,,,,,,,,none,,,,
8800312066556,numbuzin,No.3 PHA Skin Prep Bubble Mask 90ml,,,,,,,,,,none,,,,
8800312065733,numbuzin,(Global) No.3 Bifida Bakuchiol 50 Zero Pore Milky Toner 200ml,,,,,,,,,,none,,,,
8800312065726,numbuzin,No.3 Bifida Bakuchiol Zero Pore Milky Toner Light 200ml,,,,,,,,,,none,,,,
8809652589732,numbuzin,No.3 Blue Bio-Retinol Pore Refining Serum 30ml,29.31,https://sg.iherb.com/pr/numbuzin-no-3-blue-bio-retinol-pore-refining-serum-1-01-fl-oz-30-ml/156773,2026-08-11,1.0,,https://shopee.sg/-Numbuzin-Official-No.3-Serum-Blue-Retinol-Pore-Refining-Serum-30ml-i.358623637.27337211747?extraParams=%7B%22display_model_id%22%3A260266252721%2C%22model_selection_logic%22%3A3%7D,Numbuzin Official No.3 Serum Blue Retinol Pore Refining Serum 30ml,2026-08-01,0.778,iherb,1.0,29.31,2026-08-11,
8800312067966,numbuzin,No.5 radiance boosting capsule bubble mask 85ml,,,,,,,,,,none,,,,
8809652583204,numbuzin,No.5+ Glutathione Vitamin Concentrated Toner 200ml,31.45,https://sg.iherb.com/pr/numbuzin-no-5-glutathione-vitamin-concentrated-toner-6-76-fl-oz-200-ml/141825,2026-08-11,1.0,,,,,,iherb,1.0,31.45,2026-08-11,
8809652585055,numbuzin,No.5+ Vitamin Glutathione Dark Spot Laser 50ml,31.79,https://sg.iherb.com/pr/numbuzin-no-5-vitamin-glutathione-dark-spot-laser-cream-1-69-fl-oz-50-ml/160006,2026-08-11,1.0,,,,,,iherb,1.0,31.79,2026-08-11,
8809652583211,numbuzin,No.1 Pantothenic B5 Active Soothing Serum 50ml,31.60,https://sg.iherb.com/pr/numbuzin-no-1-pantothenic-b5-active-soothing-serum-1-69-fl-oz-50-ml/160003,2026-08-11,1.0,,https://shopee.sg/-Numbuzin-Official-No.1-Pantothenic-B5-Active-Soothing-Serum-50ml-i.358623637.25824860482?extraParams=%7B%22display_model_id%22%3A99547139407%2C%22model_selection_logic%22%3A3%7D,Numbuzin Official No.1 Pantothenic B5 Active Soothing Serum 50ml,2026-08-01,0.875,iherb,1.0,31.60,2026-08-11,
8809652580135,numbuzin,No.1 Easy Peasy Cleansing Oil 200ml,33.67,https://sg.iherb.com/pr/numbuzin-no-1-easy-peasy-cleansing-oil-6-76-fl-oz-200-ml/116679,2026-08-11,1.0,28.52,https://shopee.sg/-Numbuzin-Official-No.1-Easy-Peasy-Cleansing-Oil-200ml-i.358623637.6971783040?extraParams=%7B%22display_model_id%22%3A280958833141%2C%22model_selection_logic%22%3A3%7D,Numbuzin Official No.1 Easy Peasy Cleansing Oil 200ml,2026-07-30,0.857,iherb,1.0,33.67,2026-08-11,
8809652583228,numbuzin,No.1 Pantothenic B5 Active Soothing Cream 80ml,39.00,https://sg.iherb.com/pr/numbuzin-no-1-pantothenic-b5-active-soothing-cream-2-7-fl-oz-80-ml/141826,2026-08-11,1.0,,https://shopee.sg/-Numbuzin-Official-No.1-Pantothenic-B5-Active-Soothing-Cream-80ml-i.358623637.24930833793?extraParams=%7B%22display_model_id%22%3A258043754707%2C%22model_selection_logic%22%3A3%7D,Numbuzin Official No.1 Pantothenic B5 Active Soothing Cream 80ml,2026-08-01,0.875,iherb,1.0,39.00,2026-08-11,
8809652589398,numbuzin,No.1 Pantothenic Skincare 100 Powder 7g,21.67,https://sg.iherb.com/pr/numbuzin-no-1-pantothenic-skincare-100-powder-0-24-oz-7-g/160007,2026-08-11,1.0,,https://shopee.sg/-Numbuzin-Official-No.1-Powder-Pantothenic-Skincare-100-Powder-i.358623637.40256979822?extraParams=%7B%22display_model_id%22%3A300592814276%2C%22model_selection_logic%22%3A3%7D,Numbuzin Official No.1 Powder Pantothenic Skincare 100 Powder,2026-08-01,0.714,iherb,1.0,21.67,2026-08-11,
8809652581132,numbuzin,5ea) No.4 Icy Soothing Sheet Mask,16.15,https://sg.iherb.com/pr/numbuzin-no-4-icy-soothing-beauty-sheet-mask-5-sheets-0-91-fl-oz-27-ml-each/160000,2026-08-11,1.0,,,,,,iherb,1.0,16.15,2026-08-11,
8809652587653,numbuzin,(4EA) No.9 NAD Bio Lifting Full Cover Facial Mask (+GWP),24.92,https://sg.iherb.com/pr/numbuzin-nad-bio-lifting-sil-full-face-beauty-mask-4-sheets/148081,2026-08-11,1.0,,,,,,iherb,1.0,24.92,2026-08-11,
8809652589619,numbuzin,5ea) No.9 NAD Collagen Under Eye Patches,18.93,https://sg.iherb.com/pr/numbuzin-no-9-nad-collagen-under-eye-patches-5-pairs/156778,2026-08-11,1.0,,https://shopee.sg/-Numbuzin-Official-No.9-Eye-Patches-NAD-Collagen-Under-Eye-Patches-5-Pairs-10-Patches-i.358623637.40458003174?extraParams=%7B%22display_model_id%22%3A208593506082%2C%22model_selection_logic%22%3A3%7D,Numbuzin Official No.9 Eye Patches NAD Collagen Under Eye Patches 5 Pairs 10 Patches,2026-08-01,0.6,iherb,1.0,18.93,2026-08-11,
8809884772650,ongredients,Ongredients Bakuglow Capsule Lotion 150ml,,,,,,,,,,none,,,,
8809884771455,ongredients,Skin Barier Moisture Deep Cleanser 120ml,,,,,,,,,,none,,,,
8809884771424,ongredients,Skin Barrier Calming Softener 250ml,,,,,,,,,,none,,,,
8809884772254,ongredients,Skin Barrier Calming Lotion EX 150ml,,,,,,,,,,none,,,,
8809884772032,ongredients,Skin Barrier Glow Mist 100ml,,,,,,,,,,none,,,,
8809884772025,ongredients,Skin Barrier Radiant Cream 50ml,,,,,,,,,,none,,,,
8809743540710,round lab,*Renewal (10ea) 1025 DOKDO WARTER GEL MASK SHEET_30ml,,,,,,,,,,none,,,,
8809657115479,round lab,(Renewal) 1025 DOKDO AMPULE_45g,,,,,,,,,,none,,,,
8809738600238,round lab,(Renewal) Birch Juice Moisturizing Cleanser 150ml,,,,,,,,,,none,,,,
8809738607343,round lab,(Renewal) 1025 DOKDO CLEANSING WATER_400ml,,,,,,,,,,none,,,,
8809864769977,round lab,(Renewal) Birch Moisture Tone-Up Sunscreen 50ml,,,,,,,,,,none,,,,
8809624723157,round lab,BIRCH JUICE MOISTURIZING MASK_25ml (10ea),,,,,,,,,,none,,,,
8809750462708,round lab,*Renewal PINE CALMING CICA PAD_50pcs,,,,,11.47,https://shopee.sg/-ROUND-LAB-Official-Pine-Calming-Cica-Pad-50pcs-i.1309878867.25533928675?extraParams=%7B%22display_model_id%22%3A118412982924%2C%22model_selection_logic%22%3A3%7D,ROUND LAB Official Pine Calming Cica Pad 50pcs,2026-08-02,0.714,shopee,0.714,11.47,2026-08-02,
8809849802408,round lab,(Renewal) PINE CALMING CICA BODY WASH_400ml,,,,,,,,,,none,,,,
8809738605677,round lab,(Renewal) Dokdo Cleansing Oil 200ml,,,,,,,,,,none,,,,
8809738608364,round lab,(Renewal) 1025 DOKDO CLEANSER_150ml,,,,,,,,,,none,,,,
8809657114731,round lab,(Renewal) 1025 DOKDO TONER_200ml,,,,,,,,,,none,,,,
8809657114779,round lab,*Renewal 1025 DOKDO LOTION_200ml,,,,,11.40,https://shopee.sg/-ROUND-LAB-Official-1025-Dokdo-Lotion-200ml-i.1309878867.27755942843?extraParams=%7B%22display_model_id%22%3A246240830120%2C%22model_selection_logic%22%3A3%7D,ROUND LAB Official 1025 Dokdo Lotion 200ml,2026-08-02,0.667,shopee,0.667,11.40,2026-08-02,
8809782551814,round lab,ENG) Birch Juice Moisturizing Sun Cream 50ml,,,,,,,,,,none,,,,
8809962541857,round lab,CAMELLIA DEEP COLLAGEN FIRMING AMPOULE_30ml,,,,,15.10,https://shopee.sg/-ROUND-LAB-Official-Camellia-Deep-Collagen-Firming-Ampoule-30ml-i.1309878867.43050830285?extraParams=%7B%22display_model_id%22%3A159183566886%2C%22model_selection_logic%22%3A3%7D,ROUND LAB Official Camellia Deep Collagen Firming Ampoule 30ml,2026-08-02,0.857,shopee,0.857,15.10,2026-08-02,
8809962542212,round lab,CAMELLIA DEEP COLLAGEN FIRMING SUN SERUM 50ml,,,,,,,,,,none,,,,
8809875904459,round lab,*Renewal Birch Juice MOISTURIZING SUN STICK_19g,,,,,18.40,https://shopee.sg/-ROUND-LAB-Official-Birch-Juice-Moisturizing-Sun-Stick-19g-i.1309878867.28206191210?extraParams=%7B%22display_model_id%22%3A215264449324%2C%22model_selection_logic%22%3A3%7D,ROUND LAB Official Birch Juice Moisturizing Sun Stick 19g,2026-08-02,0.75,shopee,0.75,18.40,2026-08-02,
8809657129247,round lab,1025 DOKDO PAD_70pcs,,,,,,,,,,none,,,,
8809738600245,round lab,(Renewal) 1025 DOKDO CREAM_80ml,,,,,,,,,,none,,,,
8809657114632,round lab,(Renewal) 1025 DOKDO EYE CREAM_30ml,,,,,,,,,,none,,,,
8809738600214,round lab,(Renewal) Birch Juice Moisturizing Toner 300ml,,,,,,,,,,none,,,,
8809738600221,round lab,*Renewal Birch Juice Moisturizing Cream 80ml,,,,,,,,,,none,,,,
8809962541840,round lab,CAMELLIA DEEP COLLAGEN FIRMING CREAM_50ml,,,,,14.50,https://shopee.sg/-ROUND-LAB-Official-Camellia-Deep-Collagen-Firming-Moisturizer-50ml-i.1309878867.28086570587?extraParams=%7B%22display_model_id%22%3A248418723226%2C%22model_selection_logic%22%3A3%7D,ROUND LAB Official Camellia Deep Collagen Firming Moisturizer 50ml,2026-08-02,0.625,shopee,0.625,14.50,2026-08-02,
8809783326718,round lab,(Renewal) PINE CALMING CICA TONER_250ml,,,,,11.17,https://shopee.sg/-ROUND-LAB-Official-Pine-Calming-Cica-Toner-250ml-i.1309878867.29556189027?extraParams=%7B%22display_model_id%22%3A251258987230%2C%22model_selection_logic%22%3A3%7D,ROUND LAB Official Pine Calming Cica Toner 250ml,2026-08-02,0.714,shopee,0.714,11.17,2026-08-02,
8809783325667,round lab,(Renewal) PINE CALMING CICA AMPULE_30ml,,,,,,,,,,none,,,,
8809783325674,round lab,(Renewal) PINE CALMING CICA CREAM_50ml,,,,,11.40,https://shopee.sg/-ROUND-LAB-Official-Pine-Calming-Cica-Cream-50ml-i.1309878867.29306188807?extraParams=%7B%22display_model_id%22%3A256259004288%2C%22model_selection_logic%22%3A3%7D,ROUND LAB Official Pine Calming Cica Cream 50ml,2026-08-02,0.714,shopee,0.714,11.40,2026-08-02,
8809934860870,seapuri,(DE) Scalpy Hair Serum 20ml,,,,,,,,,,none,,,,
8809889552677,seapuri,Scalpy Root Serum 65ml,,,,,,,,,,none,,,,
8809725625497,seapuri,(DE) Scalpy Bubble Tonic 100ml,24.07,https://sg.iherb.com/pr/seapuri-scalpy-bubble-tonic-3-38-fl-oz-100-ml/155415,2026-08-11,1.0,,,,,,iherb,1.0,24.07,2026-08-11,
8809958450262,seapuri,Scalpy Root Vital Shampoo 300ml,,,,,,,,,,none,,,,
8809958450279,seapuri,Scalpy Root Vital Treatment 150ml,,,,,,,,,,none,,,,
8809725624186,seapuri,Body Mist 200ml,22.43,https://sg.iherb.com/pr/seapuri-body-mist-6-76-fl-oz-200-ml/155417,2026-08-11,1.0,,,,,,iherb,1.0,22.43,2026-08-11,
8809889551489,seapuri,(DE) Lashrum Eyelash Enhancing Serum 10g,,https://sg.iherb.com/pr/seapuri-lashrum-eyelash-enhancing-serum-0-34-oz-10-g/155416,2026-08-11,1.0,,,,,,iherb,1.0,,2026-08-11,
8809724701383,studio17,[Renewal]Pang Pang triangle puff,,,,,,,,,,none,,,,
8809724702151,studio17,Brush Fit Puff (5ea),,,,,,,,,,none,,,,
8809724701277,studio17,Portable lip brush 223 round,,,,,,,,,,none,,,,
8809724700881,studio17,Small blending eye brush 323,,,,,,,,,,none,,,,
8809724700232,studio17,Blending eye brush 712,,,,,,,,,,none,,,,
8809724700904,studio17,Eyebrow brush 352,,,,,,,,,,none,,,,
8809724700911,studio17,Screw brush 365,,,,,,,,,,none,,,,
8809724700195,studio17,Powder brush 812,,,,,,,,,,none,,,,
8809724700201,studio17,Foundation brush 823,,,,,,,,,,none,,,,
8809724700218,studio17,Blush brush 833,,,,,,,,,,none,,,,
8809724700225,studio17,Base eyeshadow brush 711,,,,,,,,,,none,,,,
8809724700867,studio17,Nose shading brush 445,,,,,,,,,,none,,,,
8800344070972,sungboon editor,(1ea) Silk Peptide EGF Gold Mask,,,,,,,,,,none,,,,
8800253027685,sungboon editor,Dead Sea Salt LHA Blackhead Melting Out Pad 65g(30pcs),,,,,,,,,,none,,,,
8800344072648,sungboon editor,Green Tomato NMN Pore Minimizing Cream 50ml,,,,,,,,,,none,,,,
8800344072617,sungboon editor,(1EA) Green Tomato NMN Pore Minimizing Ampoule Mask 23g,,,,,,,,,,none,,,,
8800344074611,sungboon editor,Silk Peptide EGF Intensive Ampoule 35ml,,,,,,,,,,none,,,,
8800344074857,sungboon editor,Silk Peptide EGF Intensive Cream 50ml,,,,,,,,,,none,,,,
8809684568309,sungboon editor,Green Tomato Deep Pore Cleansing Ultra Whipping Foam 120g,,,,,,,,,,none,,,,
8809684568750,sungboon editor,[60ea] Green Tomato Pore Peeling Jumbo Pad 180ml,31.07,https://sg.iherb.com/pr/sungboon-editor-green-tomato-pore-peeling-jumbo-pad-60-pads-6-08-fl-oz-180-ml/149145,2026-08-11,1.0,,,,,,iherb,1.0,31.07,2026-08-11,
8800253029023,sungboon editor,Silk Peptide EGF Intensive Eye Cream 30ml,,,,,,,,,,none,,,,
8800253022383,sungboon editor,(6EA) Deep Collagen Melting Patch,37.27,https://sg.iherb.com/pr/sungboon-editor-deep-collagen-melting-patch-3-sets-0-016-oz-0-46-g-each/149150,2026-08-11,1.0,,,,,,iherb,1.0,37.27,2026-08-11,
8809684563601,sungboon editor,(Renew) Deep Collagen Power Boosting Mask (37g*4ea),,https://sg.iherb.com/pr/sungboon-editor-deep-collagen-power-boosting-beauty-mask-4-pack-1-30-oz-37-g-each/149151,2026-08-11,1.0,,,,,,iherb,1.0,,2026-08-11,
8809689630414,vivelab,Revive Therapy  Hair Scalp & Brow Ampoule 15ml,,,,,,,,,,none,,,,
8809689630865,vivelab,Recovery Clinic  Sensitive Scalp  SOS Solution  Hair Tonic 120 ml,,,,,,,,,,none,,,,
8809689630575,vivelab,Revive Therapy  Hair Scalp Enhancing  Foam 100ml,,,,,,,,,,none,,,,
8809689630087,vivelab,Revive Therapy  Hair Brow Lash Serum 10g,,,,,,,,,,none,,,,
8809689631060,vivelab,Revi Solution  Anti Hair Loss  Scalp Shampoo 500ml,,,,,,,,,,none,,,,
8809689631275,vivelab,Revi Solution  Anti Hair Loss  Scalp Protein Treatment 200ml,,,,,,,,,,none,,,,
8809689630858,vivelab,Recovery Clinic  Sensitive Scalp  SOS Solution  Essence 40ml,,,,,,,,,,none,,,,
